wandb: Starting wandb agent 🕵️
wandb: [wandb.login()] Loaded credentials for https://api.wandb.ai from WANDB_API_KEY.
2026-08-12 00:02:15,172 - wandb.wandb_agent - INFO - Running runs: []
2026-08-12 00:02:15,602 - wandb.wandb_agent - INFO - Agent received command: run
2026-08-12 00:02:15,603 - wandb.wandb_agent - INFO - Agent starting run with config:
	algo: ppo
	batch_size: 256
	clip_range: 0.3
	ent_coef: 0.007810037955899229
	gae_lambda: 0.938706720080911
	gamma: 0.999
	learning_rate: 0.00062583060151914
	n_epochs: 10
	n_steps: 1024
	seed: 0
	trial_timesteps: 500000
2026-08-12 00:02:15,605 - wandb.wandb_agent - INFO - About to run command: /usr/bin/env uv run python -m owm.baselines.rl.sweep_trial
wandb: [wandb.login()] Loaded credentials for https://api.wandb.ai from WANDB_API_KEY.
wandb: Currently logged in as: duncaneddy (duncan-world-models) to https://api.wandb.ai. Use `wandb login --relogin` to force relogin
wandb: Tracking run with wandb version 0.28.1
wandb: Run data is saved locally in /home/deddy/repos/outofthisworldmodel/wandb/run-20260812_000218-o8a2dl8e
wandb: Run `wandb offline` to turn off syncing.
wandb: Syncing run balmy-sweep-1
wandb: ⭐️ View project at https://wandb.ai/duncan-world-models/amos-out-of-this-world-model
wandb: 🧹 View sweep at https://wandb.ai/duncan-world-models/amos-out-of-this-world-model/sweeps/wy4vs8ws
wandb: 🚀 View run at https://wandb.ai/duncan-world-models/amos-out-of-this-world-model/runs/o8a2dl8e
2026-08-12 00:02:20,616 - wandb.wandb_agent - INFO - Running runs: ['o8a2dl8e']
/home/deddy/repos/outofthisworldmodel/.venv/lib/python3.13/site-packages/gymnasium/spaces/box.py:231: UserWarning: [33mWARN: Box low's precision lowered by casting to float32, current low.dtype=float64[0m
  gym.logger.warn(
/home/deddy/repos/outofthisworldmodel/.venv/lib/python3.13/site-packages/gymnasium/spaces/box.py:297: UserWarning: [33mWARN: Box high's precision lowered by casting to float32, current high.dtype=float64[0m
  gym.logger.warn(
/home/deddy/repos/outofthisworldmodel/.venv/lib/python3.13/site-packages/gymnasium/spaces/box.py:231: UserWarning: [33mWARN: Box low's precision lowered by casting to float32, current low.dtype=float64[0m
  gym.logger.warn(
/home/deddy/repos/outofthisworldmodel/.venv/lib/python3.13/site-packages/gymnasium/spaces/box.py:297: UserWarning: [33mWARN: Box high's precision lowered by casting to float32, current high.dtype=float64[0m
  gym.logger.warn(
/home/deddy/repos/outofthisworldmodel/.venv/lib/python3.13/site-packages/gymnasium/spaces/box.py:231: UserWarning: [33mWARN: Box low's precision lowered by casting to float32, current low.dtype=float64[0m
  gym.logger.warn(
/home/deddy/repos/outofthisworldmodel/.venv/lib/python3.13/site-packages/gymnasium/spaces/box.py:297: UserWarning: [33mWARN: Box high's precision lowered by casting to float32, current high.dtype=float64[0m
  gym.logger.warn(
/home/deddy/repos/outofthisworldmodel/.venv/lib/python3.13/site-packages/gymnasium/spaces/box.py:231: UserWarning: [33mWARN: Box low's precision lowered by casting to float32, current low.dtype=float64[0m
  gym.logger.warn(
/home/deddy/repos/outofthisworldmodel/.venv/lib/python3.13/site-packages/gymnasium/spaces/box.py:297: UserWarning: [33mWARN: Box high's precision lowered by casting to float32, current high.dtype=float64[0m
  gym.logger.warn(
/home/deddy/repos/outofthisworldmodel/.venv/lib/python3.13/site-packages/gymnasium/spaces/box.py:231: UserWarning: [33mWARN: Box low's precision lowered by casting to float32, current low.dtype=float64[0m
  gym.logger.warn(
/home/deddy/repos/outofthisworldmodel/.venv/lib/python3.13/site-packages/gymnasium/spaces/box.py:297: UserWarning: [33mWARN: Box high's precision lowered by casting to float32, current high.dtype=float64[0m
  gym.logger.warn(
/home/deddy/repos/outofthisworldmodel/.venv/lib/python3.13/site-packages/gymnasium/spaces/box.py:231: UserWarning: [33mWARN: Box low's precision lowered by casting to float32, current low.dtype=float64[0m
  gym.logger.warn(
/home/deddy/repos/outofthisworldmodel/.venv/lib/python3.13/site-packages/gymnasium/spaces/box.py:297: UserWarning: [33mWARN: Box high's precision lowered by casting to float32, current high.dtype=float64[0m
  gym.logger.warn(
/home/deddy/repos/outofthisworldmodel/.venv/lib/python3.13/site-packages/gymnasium/spaces/box.py:231: UserWarning: [33mWARN: Box low's precision lowered by casting to float32, current low.dtype=float64[0m
  gym.logger.warn(
/home/deddy/repos/outofthisworldmodel/.venv/lib/python3.13/site-packages/gymnasium/spaces/box.py:297: UserWarning: [33mWARN: Box high's precision lowered by casting to float32, current high.dtype=float64[0m
  gym.logger.warn(
/home/deddy/repos/outofthisworldmodel/.venv/lib/python3.13/site-packages/gymnasium/spaces/box.py:231: UserWarning: [33mWARN: Box low's precision lowered by casting to float32, current low.dtype=float64[0m
  gym.logger.warn(
/home/deddy/repos/outofthisworldmodel/.venv/lib/python3.13/site-packages/gymnasium/spaces/box.py:297: UserWarning: [33mWARN: Box high's precision lowered by casting to float32, current high.dtype=float64[0m
  gym.logger.warn(
wandb: Starting wandb agent 🕵️
wandb: [wandb.login()] Loaded credentials for https://api.wandb.ai from WANDB_API_KEY.
2026-08-12 00:03:13,516 - wandb.wandb_agent - INFO - Running runs: []
2026-08-12 00:03:13,888 - wandb.wandb_agent - INFO - Agent received command: run
2026-08-12 00:03:13,888 - wandb.wandb_agent - INFO - Agent starting run with config:
	algo: sac
	batch_size: 256
	buffer_size: 300000
	gamma: 0.9995
	gradient_steps: 1
	learning_rate: 8.185012823851403e-05
	learning_starts: 5000
	seed: 0
	tau: 0.0044755567154629115
	train_freq: 1
	trial_timesteps: 500000
2026-08-12 00:03:13,890 - wandb.wandb_agent - INFO - About to run command: /usr/bin/env uv run python -m owm.baselines.rl.sweep_trial
wandb: Starting wandb agent 🕵️
wandb: [wandb.login()] Loaded credentials for https://api.wandb.ai from WANDB_API_KEY.
wandb: [wandb.login()] Loaded credentials for https://api.wandb.ai from WANDB_API_KEY.
wandb: Currently logged in as: duncaneddy (duncan-world-models) to https://api.wandb.ai. Use `wandb login --relogin` to force relogin
wandb: Tracking run with wandb version 0.28.1
wandb: Run data is saved locally in /home/deddy/repos/outofthisworldmodel/wandb/run-20260812_000317-h12w7la5
wandb: Run `wandb offline` to turn off syncing.
wandb: Syncing run breezy-sweep-1
wandb: ⭐️ View project at https://wandb.ai/duncan-world-models/amos-out-of-this-world-model
wandb: 🧹 View sweep at https://wandb.ai/duncan-world-models/amos-out-of-this-world-model/sweeps/bm88x06x
wandb: 🚀 View run at https://wandb.ai/duncan-world-models/amos-out-of-this-world-model/runs/h12w7la5
2026-08-12 00:03:18,916 - wandb.wandb_agent - INFO - Running runs: ['h12w7la5']
2026-08-12 00:03:20,703 - wandb.wandb_agent - INFO - Running runs: []
2026-08-12 00:03:21,127 - wandb.wandb_agent - INFO - Agent received command: run
2026-08-12 00:03:21,127 - wandb.wandb_agent - INFO - Agent starting run with config:
	algo: sac
	batch_size: 1024
	buffer_size: 300000
	gamma: 0.995
	gradient_steps: 4
	learning_rate: 3.691340183403282e-05
	learning_starts: 10000
	seed: 0
	tau: 0.006085270550853737
	train_freq: 8
	trial_timesteps: 500000
2026-08-12 00:03:21,128 - wandb.wandb_agent - INFO - About to run command: /usr/bin/env uv run python -m owm.baselines.rl.sweep_trial
/home/deddy/repos/outofthisworldmodel/.venv/lib/python3.13/site-packages/gymnasium/spaces/box.py:231: UserWarning: [33mWARN: Box low's precision lowered by casting to float32, current low.dtype=float64[0m
  gym.logger.warn(
/home/deddy/repos/outofthisworldmodel/.venv/lib/python3.13/site-packages/gymnasium/spaces/box.py:297: UserWarning: [33mWARN: Box high's precision lowered by casting to float32, current high.dtype=float64[0m
  gym.logger.warn(
/home/deddy/repos/outofthisworldmodel/.venv/lib/python3.13/site-packages/gymnasium/spaces/box.py:231: UserWarning: [33mWARN: Box low's precision lowered by casting to float32, current low.dtype=float64[0m
  gym.logger.warn(
/home/deddy/repos/outofthisworldmodel/.venv/lib/python3.13/site-packages/gymnasium/spaces/box.py:297: UserWarning: [33mWARN: Box high's precision lowered by casting to float32, current high.dtype=float64[0m
  gym.logger.warn(
/home/deddy/repos/outofthisworldmodel/.venv/lib/python3.13/site-packages/gymnasium/spaces/box.py:231: UserWarning: [33mWARN: Box low's precision lowered by casting to float32, current low.dtype=float64[0m
  gym.logger.warn(
/home/deddy/repos/outofthisworldmodel/.venv/lib/python3.13/site-packages/gymnasium/spaces/box.py:297: UserWarning: [33mWARN: Box high's precision lowered by casting to float32, current high.dtype=float64[0m
  gym.logger.warn(
/home/deddy/repos/outofthisworldmodel/.venv/lib/python3.13/site-packages/gymnasium/spaces/box.py:231: UserWarning: [33mWARN: Box low's precision lowered by casting to float32, current low.dtype=float64[0m
  gym.logger.warn(
/home/deddy/repos/outofthisworldmodel/.venv/lib/python3.13/site-packages/gymnasium/spaces/box.py:297: UserWarning: [33mWARN: Box high's precision lowered by casting to float32, current high.dtype=float64[0m
  gym.logger.warn(
wandb: [wandb.login()] Loaded credentials for https://api.wandb.ai from WANDB_API_KEY.
wandb: Currently logged in as: duncaneddy (duncan-world-models) to https://api.wandb.ai. Use `wandb login --relogin` to force relogin
wandb: Tracking run with wandb version 0.28.1
wandb: Run data is saved locally in /home/deddy/repos/outofthisworldmodel/wandb/run-20260812_000324-zc28nhcp
wandb: Run `wandb offline` to turn off syncing.
wandb: Syncing run giddy-sweep-2
wandb: ⭐️ View project at https://wandb.ai/duncan-world-models/amos-out-of-this-world-model
wandb: 🧹 View sweep at https://wandb.ai/duncan-world-models/amos-out-of-this-world-model/sweeps/bm88x06x
wandb: 🚀 View run at https://wandb.ai/duncan-world-models/amos-out-of-this-world-model/runs/zc28nhcp
2026-08-12 00:03:26,153 - wandb.wandb_agent - INFO - Running runs: ['zc28nhcp']
/home/deddy/repos/outofthisworldmodel/.venv/lib/python3.13/site-packages/gymnasium/spaces/box.py:231: UserWarning: [33mWARN: Box low's precision lowered by casting to float32, current low.dtype=float64[0m
  gym.logger.warn(
/home/deddy/repos/outofthisworldmodel/.venv/lib/python3.13/site-packages/gymnasium/spaces/box.py:297: UserWarning: [33mWARN: Box high's precision lowered by casting to float32, current high.dtype=float64[0m
  gym.logger.warn(
/home/deddy/repos/outofthisworldmodel/.venv/lib/python3.13/site-packages/gymnasium/spaces/box.py:231: UserWarning: [33mWARN: Box low's precision lowered by casting to float32, current low.dtype=float64[0m
  gym.logger.warn(
/home/deddy/repos/outofthisworldmodel/.venv/lib/python3.13/site-packages/gymnasium/spaces/box.py:297: UserWarning: [33mWARN: Box high's precision lowered by casting to float32, current high.dtype=float64[0m
  gym.logger.warn(
/home/deddy/repos/outofthisworldmodel/.venv/lib/python3.13/site-packages/gymnasium/spaces/box.py:231: UserWarning: [33mWARN: Box low's precision lowered by casting to float32, current low.dtype=float64[0m
  gym.logger.warn(
/home/deddy/repos/outofthisworldmodel/.venv/lib/python3.13/site-packages/gymnasium/spaces/box.py:297: UserWarning: [33mWARN: Box high's precision lowered by casting to float32, current high.dtype=float64[0m
  gym.logger.warn(
/home/deddy/repos/outofthisworldmodel/.venv/lib/python3.13/site-packages/gymnasium/spaces/box.py:231: UserWarning: [33mWARN: Box low's precision lowered by casting to float32, current low.dtype=float64[0m
  gym.logger.warn(
/home/deddy/repos/outofthisworldmodel/.venv/lib/python3.13/site-packages/gymnasium/spaces/box.py:297: UserWarning: [33mWARN: Box high's precision lowered by casting to float32, current high.dtype=float64[0m
  gym.logger.warn(
/home/deddy/repos/outofthisworldmodel/.venv/lib/python3.13/site-packages/gymnasium/spaces/box.py:231: UserWarning: [33mWARN: Box low's precision lowered by casting to float32, current low.dtype=float64[0m
  gym.logger.warn(
/home/deddy/repos/outofthisworldmodel/.venv/lib/python3.13/site-packages/gymnasium/spaces/box.py:297: UserWarning: [33mWARN: Box high's precision lowered by casting to float32, current high.dtype=float64[0m
  gym.logger.warn(
/home/deddy/repos/outofthisworldmodel/.venv/lib/python3.13/site-packages/gymnasium/spaces/box.py:231: UserWarning: [33mWARN: Box low's precision lowered by casting to float32, current low.dtype=float64[0m
  gym.logger.warn(
/home/deddy/repos/outofthisworldmodel/.venv/lib/python3.13/site-packages/gymnasium/spaces/box.py:297: UserWarning: [33mWARN: Box high's precision lowered by casting to float32, current high.dtype=float64[0m
  gym.logger.warn(
/home/deddy/repos/outofthisworldmodel/.venv/lib/python3.13/site-packages/gymnasium/spaces/box.py:231: UserWarning: [33mWARN: Box low's precision lowered by casting to float32, current low.dtype=float64[0m
  gym.logger.warn(
/home/deddy/repos/outofthisworldmodel/.venv/lib/python3.13/site-packages/gymnasium/spaces/box.py:297: UserWarning: [33mWARN: Box high's precision lowered by casting to float32, current high.dtype=float64[0m
  gym.logger.warn(
/home/deddy/repos/outofthisworldmodel/.venv/lib/python3.13/site-packages/gymnasium/spaces/box.py:231: UserWarning: [33mWARN: Box low's precision lowered by casting to float32, current low.dtype=float64[0m
  gym.logger.warn(
/home/deddy/repos/outofthisworldmodel/.venv/lib/python3.13/site-packages/gymnasium/spaces/box.py:297: UserWarning: [33mWARN: Box high's precision lowered by casting to float32, current high.dtype=float64[0m
  gym.logger.warn(
/home/deddy/repos/outofthisworldmodel/.venv/lib/python3.13/site-packages/gymnasium/spaces/box.py:231: UserWarning: [33mWARN: Box low's precision lowered by casting to float32, current low.dtype=float64[0m
  gym.logger.warn(
/home/deddy/repos/outofthisworldmodel/.venv/lib/python3.13/site-packages/gymnasium/spaces/box.py:297: UserWarning: [33mWARN: Box high's precision lowered by casting to float32, current high.dtype=float64[0m
  gym.logger.warn(
/home/deddy/repos/outofthisworldmodel/.venv/lib/python3.13/site-packages/gymnasium/spaces/box.py:231: UserWarning: [33mWARN: Box low's precision lowered by casting to float32, current low.dtype=float64[0m
  gym.logger.warn(
/home/deddy/repos/outofthisworldmodel/.venv/lib/python3.13/site-packages/gymnasium/spaces/box.py:297: UserWarning: [33mWARN: Box high's precision lowered by casting to float32, current high.dtype=float64[0m
  gym.logger.warn(
error: Recipe `sweep-agent` failed with exit code 143
error: Recipe `sweep-agent` failed with exit code 143
Process SpawnProcess-4:
Process SpawnProcess-3:
Process SpawnProcess-1:
Process SpawnProcess-2:
Traceback (most recent call last):
Traceback (most recent call last):
Traceback (most recent call last):
Traceback (most recent call last):
  File "/home/deddy/.local/share/uv/python/cpython-3.13-linux-x86_64-gnu/lib/python3.13/multiprocessing/process.py", line 313, in _bootstrap
    self.run()
    ~~~~~~~~^^
  File "/home/deddy/.local/share/uv/python/cpython-3.13-linux-x86_64-gnu/lib/python3.13/multiprocessing/process.py", line 313, in _bootstrap
    self.run()
    ~~~~~~~~^^
  File "/home/deddy/.local/share/uv/python/cpython-3.13-linux-x86_64-gnu/lib/python3.13/multiprocessing/process.py", line 108, in run
    self._target(*self._args, **self._kwargs)
    ~~~~~~~~~~~~^^^^^^^^^^^^^^^^^^^^^^^^^^^^^
  File "/home/deddy/.local/share/uv/python/cpython-3.13-linux-x86_64-gnu/lib/python3.13/multiprocessing/process.py", line 108, in run
    self._target(*self._args, **self._kwargs)
    ~~~~~~~~~~~~^^^^^^^^^^^^^^^^^^^^^^^^^^^^^
  File "/home/deddy/repos/outofthisworldmodel/.venv/lib/python3.13/site-packages/stable_baselines3/common/vec_env/subproc_vec_env.py", line 33, in _worker
    cmd, data = remote.recv()
                ~~~~~~~~~~~^^
  File "/home/deddy/.local/share/uv/python/cpython-3.13-linux-x86_64-gnu/lib/python3.13/multiprocessing/process.py", line 313, in _bootstrap
    self.run()
    ~~~~~~~~^^
  File "/home/deddy/repos/outofthisworldmodel/.venv/lib/python3.13/site-packages/stable_baselines3/common/vec_env/subproc_vec_env.py", line 33, in _worker
    cmd, data = remote.recv()
                ~~~~~~~~~~~^^
  File "/home/deddy/.local/share/uv/python/cpython-3.13-linux-x86_64-gnu/lib/python3.13/multiprocessing/connection.py", line 250, in recv
    buf = self._recv_bytes()
  File "/home/deddy/.local/share/uv/python/cpython-3.13-linux-x86_64-gnu/lib/python3.13/multiprocessing/connection.py", line 250, in recv
    buf = self._recv_bytes()
  File "/home/deddy/.local/share/uv/python/cpython-3.13-linux-x86_64-gnu/lib/python3.13/multiprocessing/process.py", line 108, in run
    self._target(*self._args, **self._kwargs)
    ~~~~~~~~~~~~^^^^^^^^^^^^^^^^^^^^^^^^^^^^^
  File "/home/deddy/.local/share/uv/python/cpython-3.13-linux-x86_64-gnu/lib/python3.13/multiprocessing/connection.py", line 430, in _recv_bytes
    buf = self._recv(4)
  File "/home/deddy/.local/share/uv/python/cpython-3.13-linux-x86_64-gnu/lib/python3.13/multiprocessing/connection.py", line 430, in _recv_bytes
    buf = self._recv(4)
  File "/home/deddy/repos/outofthisworldmodel/.venv/lib/python3.13/site-packages/stable_baselines3/common/vec_env/subproc_vec_env.py", line 33, in _worker
    cmd, data = remote.recv()
                ~~~~~~~~~~~^^
  File "/home/deddy/.local/share/uv/python/cpython-3.13-linux-x86_64-gnu/lib/python3.13/multiprocessing/connection.py", line 395, in _recv
    chunk = read(handle, remaining)
  File "/home/deddy/.local/share/uv/python/cpython-3.13-linux-x86_64-gnu/lib/python3.13/multiprocessing/connection.py", line 395, in _recv
    chunk = read(handle, remaining)
  File "/home/deddy/.local/share/uv/python/cpython-3.13-linux-x86_64-gnu/lib/python3.13/multiprocessing/connection.py", line 250, in recv
    buf = self._recv_bytes()
ConnectionResetError: [Errno 104] Connection reset by peer
ConnectionResetError: [Errno 104] Connection reset by peer
  File "/home/deddy/.local/share/uv/python/cpython-3.13-linux-x86_64-gnu/lib/python3.13/multiprocessing/connection.py", line 430, in _recv_bytes
    buf = self._recv(4)
  File "/home/deddy/.local/share/uv/python/cpython-3.13-linux-x86_64-gnu/lib/python3.13/multiprocessing/connection.py", line 395, in _recv
    chunk = read(handle, remaining)
ConnectionResetError: [Errno 104] Connection reset by peer
  File "/home/deddy/.local/share/uv/python/cpython-3.13-linux-x86_64-gnu/lib/python3.13/multiprocessing/process.py", line 313, in _bootstrap
    self.run()
    ~~~~~~~~^^
  File "/home/deddy/.local/share/uv/python/cpython-3.13-linux-x86_64-gnu/lib/python3.13/multiprocessing/process.py", line 108, in run
    self._target(*self._args, **self._kwargs)
    ~~~~~~~~~~~~^^^^^^^^^^^^^^^^^^^^^^^^^^^^^
  File "/home/deddy/repos/outofthisworldmodel/.venv/lib/python3.13/site-packages/stable_baselines3/common/vec_env/subproc_vec_env.py", line 33, in _worker
    cmd, data = remote.recv()
                ~~~~~~~~~~~^^
  File "/home/deddy/.local/share/uv/python/cpython-3.13-linux-x86_64-gnu/lib/python3.13/multiprocessing/connection.py", line 250, in recv
    buf = self._recv_bytes()
  File "/home/deddy/.local/share/uv/python/cpython-3.13-linux-x86_64-gnu/lib/python3.13/multiprocessing/connection.py", line 430, in _recv_bytes
    buf = self._recv(4)
  File "/home/deddy/.local/share/uv/python/cpython-3.13-linux-x86_64-gnu/lib/python3.13/multiprocessing/connection.py", line 395, in _recv
    chunk = read(handle, remaining)
ConnectionResetError: [Errno 104] Connection reset by peer
wandb: Starting wandb agent 🕵️
wandb: [wandb.login()] Loaded credentials for https://api.wandb.ai from WANDB_API_KEY.
wandb: Starting wandb agent 🕵️
wandb: [wandb.login()] Loaded credentials for https://api.wandb.ai from WANDB_API_KEY.
2026-08-12 00:06:39,333 - wandb.wandb_agent - INFO - Running runs: []
2026-08-12 00:06:39,829 - wandb.wandb_agent - INFO - Agent received command: run
2026-08-12 00:06:39,829 - wandb.wandb_agent - INFO - Agent starting run with config:
	algo: sac
	batch_size: 1024
	buffer_size: 300000
	gamma: 0.995
	gradient_steps: 8
	learning_rate: 0.00018106576433551911
	learning_starts: 5000
	seed: 0
	tau: 0.005329787259374439
	train_freq: 1
	trial_timesteps: 500000
2026-08-12 00:06:39,831 - wandb.wandb_agent - INFO - About to run command: /usr/bin/env uv run python -m owm.baselines.rl.sweep_trial
2026-08-12 00:06:40,053 - wandb.wandb_agent - INFO - Running runs: []
2026-08-12 00:06:40,413 - wandb.wandb_agent - INFO - Agent received command: run
2026-08-12 00:06:40,413 - wandb.wandb_agent - INFO - Agent starting run with config:
	algo: sac
	batch_size: 512
	buffer_size: 1000000
	gamma: 0.9995
	gradient_steps: 8
	learning_rate: 0.00021573410887976133
	learning_starts: 5000
	seed: 0
	tau: 0.005262725974937311
	train_freq: 8
	trial_timesteps: 500000
2026-08-12 00:06:40,415 - wandb.wandb_agent - INFO - About to run command: /usr/bin/env uv run python -m owm.baselines.rl.sweep_trial
wandb: [wandb.login()] Loaded credentials for https://api.wandb.ai from WANDB_API_KEY.
wandb: Currently logged in as: duncaneddy (duncan-world-models) to https://api.wandb.ai. Use `wandb login --relogin` to force relogin
wandb: [wandb.login()] Loaded credentials for https://api.wandb.ai from WANDB_API_KEY.
wandb: Tracking run with wandb version 0.28.1
wandb: Run data is saved locally in /home/deddy/repos/outofthisworldmodel/wandb/run-20260812_000643-og0z6ifs
wandb: Run `wandb offline` to turn off syncing.
wandb: Syncing run vital-sweep-3
wandb: ⭐️ View project at https://wandb.ai/duncan-world-models/amos-out-of-this-world-model
wandb: 🧹 View sweep at https://wandb.ai/duncan-world-models/amos-out-of-this-world-model/sweeps/bm88x06x
wandb: 🚀 View run at https://wandb.ai/duncan-world-models/amos-out-of-this-world-model/runs/og0z6ifs
wandb: Currently logged in as: duncaneddy (duncan-world-models) to https://api.wandb.ai. Use `wandb login --relogin` to force relogin
wandb: Tracking run with wandb version 0.28.1
wandb: Run data is saved locally in /home/deddy/repos/outofthisworldmodel/wandb/run-20260812_000643-69v6mb60
wandb: Run `wandb offline` to turn off syncing.
wandb: Syncing run fresh-sweep-4
wandb: ⭐️ View project at https://wandb.ai/duncan-world-models/amos-out-of-this-world-model
wandb: 🧹 View sweep at https://wandb.ai/duncan-world-models/amos-out-of-this-world-model/sweeps/bm88x06x
wandb: 🚀 View run at https://wandb.ai/duncan-world-models/amos-out-of-this-world-model/runs/69v6mb60
2026-08-12 00:06:44,859 - wandb.wandb_agent - INFO - Running runs: ['og0z6ifs']
2026-08-12 00:06:45,442 - wandb.wandb_agent - INFO - Running runs: ['69v6mb60']
/home/deddy/repos/outofthisworldmodel/.venv/lib/python3.13/site-packages/gymnasium/spaces/box.py:231: UserWarning: [33mWARN: Box low's precision lowered by casting to float32, current low.dtype=float64[0m
  gym.logger.warn(
/home/deddy/repos/outofthisworldmodel/.venv/lib/python3.13/site-packages/gymnasium/spaces/box.py:297: UserWarning: [33mWARN: Box high's precision lowered by casting to float32, current high.dtype=float64[0m
  gym.logger.warn(
/home/deddy/repos/outofthisworldmodel/.venv/lib/python3.13/site-packages/gymnasium/spaces/box.py:231: UserWarning: [33mWARN: Box low's precision lowered by casting to float32, current low.dtype=float64[0m
  gym.logger.warn(
/home/deddy/repos/outofthisworldmodel/.venv/lib/python3.13/site-packages/gymnasium/spaces/box.py:297: UserWarning: [33mWARN: Box high's precision lowered by casting to float32, current high.dtype=float64[0m
  gym.logger.warn(
/home/deddy/repos/outofthisworldmodel/.venv/lib/python3.13/site-packages/gymnasium/spaces/box.py:231: UserWarning: [33mWARN: Box low's precision lowered by casting to float32, current low.dtype=float64[0m
  gym.logger.warn(
/home/deddy/repos/outofthisworldmodel/.venv/lib/python3.13/site-packages/gymnasium/spaces/box.py:297: UserWarning: [33mWARN: Box high's precision lowered by casting to float32, current high.dtype=float64[0m
  gym.logger.warn(
/home/deddy/repos/outofthisworldmodel/.venv/lib/python3.13/site-packages/gymnasium/spaces/box.py:231: UserWarning: [33mWARN: Box low's precision lowered by casting to float32, current low.dtype=float64[0m
  gym.logger.warn(
/home/deddy/repos/outofthisworldmodel/.venv/lib/python3.13/site-packages/gymnasium/spaces/box.py:297: UserWarning: [33mWARN: Box high's precision lowered by casting to float32, current high.dtype=float64[0m
  gym.logger.warn(
/home/deddy/repos/outofthisworldmodel/.venv/lib/python3.13/site-packages/gymnasium/spaces/box.py:231: UserWarning: [33mWARN: Box low's precision lowered by casting to float32, current low.dtype=float64[0m
  gym.logger.warn(
/home/deddy/repos/outofthisworldmodel/.venv/lib/python3.13/site-packages/gymnasium/spaces/box.py:297: UserWarning: [33mWARN: Box high's precision lowered by casting to float32, current high.dtype=float64[0m
  gym.logger.warn(
/home/deddy/repos/outofthisworldmodel/.venv/lib/python3.13/site-packages/gymnasium/spaces/box.py:231: UserWarning: [33mWARN: Box low's precision lowered by casting to float32, current low.dtype=float64[0m
  gym.logger.warn(
/home/deddy/repos/outofthisworldmodel/.venv/lib/python3.13/site-packages/gymnasium/spaces/box.py:297: UserWarning: [33mWARN: Box high's precision lowered by casting to float32, current high.dtype=float64[0m
  gym.logger.warn(
/home/deddy/repos/outofthisworldmodel/.venv/lib/python3.13/site-packages/gymnasium/spaces/box.py:231: UserWarning: [33mWARN: Box low's precision lowered by casting to float32, current low.dtype=float64[0m
  gym.logger.warn(
/home/deddy/repos/outofthisworldmodel/.venv/lib/python3.13/site-packages/gymnasium/spaces/box.py:297: UserWarning: [33mWARN: Box high's precision lowered by casting to float32, current high.dtype=float64[0m
  gym.logger.warn(
/home/deddy/repos/outofthisworldmodel/.venv/lib/python3.13/site-packages/gymnasium/spaces/box.py:231: UserWarning: [33mWARN: Box low's precision lowered by casting to float32, current low.dtype=float64[0m
  gym.logger.warn(
/home/deddy/repos/outofthisworldmodel/.venv/lib/python3.13/site-packages/gymnasium/spaces/box.py:297: UserWarning: [33mWARN: Box high's precision lowered by casting to float32, current high.dtype=float64[0m
  gym.logger.warn(
/home/deddy/repos/outofthisworldmodel/.venv/lib/python3.13/site-packages/gymnasium/spaces/box.py:231: UserWarning: [33mWARN: Box low's precision lowered by casting to float32, current low.dtype=float64[0m
  gym.logger.warn(
/home/deddy/repos/outofthisworldmodel/.venv/lib/python3.13/site-packages/gymnasium/spaces/box.py:297: UserWarning: [33mWARN: Box high's precision lowered by casting to float32, current high.dtype=float64[0m
  gym.logger.warn(
/home/deddy/repos/outofthisworldmodel/.venv/lib/python3.13/site-packages/gymnasium/spaces/box.py:231: UserWarning: [33mWARN: Box low's precision lowered by casting to float32, current low.dtype=float64[0m
  gym.logger.warn(
/home/deddy/repos/outofthisworldmodel/.venv/lib/python3.13/site-packages/gymnasium/spaces/box.py:297: UserWarning: [33mWARN: Box high's precision lowered by casting to float32, current high.dtype=float64[0m
  gym.logger.warn(
/home/deddy/repos/outofthisworldmodel/.venv/lib/python3.13/site-packages/gymnasium/spaces/box.py:231: UserWarning: [33mWARN: Box low's precision lowered by casting to float32, current low.dtype=float64[0m
  gym.logger.warn(
/home/deddy/repos/outofthisworldmodel/.venv/lib/python3.13/site-packages/gymnasium/spaces/box.py:297: UserWarning: [33mWARN: Box high's precision lowered by casting to float32, current high.dtype=float64[0m
  gym.logger.warn(
/home/deddy/repos/outofthisworldmodel/.venv/lib/python3.13/site-packages/gymnasium/spaces/box.py:231: UserWarning: [33mWARN: Box low's precision lowered by casting to float32, current low.dtype=float64[0m
  gym.logger.warn(
/home/deddy/repos/outofthisworldmodel/.venv/lib/python3.13/site-packages/gymnasium/spaces/box.py:297: UserWarning: [33mWARN: Box high's precision lowered by casting to float32, current high.dtype=float64[0m
  gym.logger.warn(
/home/deddy/repos/outofthisworldmodel/.venv/lib/python3.13/site-packages/gymnasium/spaces/box.py:231: UserWarning: [33mWARN: Box low's precision lowered by casting to float32, current low.dtype=float64[0m
  gym.logger.warn(
/home/deddy/repos/outofthisworldmodel/.venv/lib/python3.13/site-packages/gymnasium/spaces/box.py:297: UserWarning: [33mWARN: Box high's precision lowered by casting to float32, current high.dtype=float64[0m
  gym.logger.warn(
/home/deddy/repos/outofthisworldmodel/.venv/lib/python3.13/site-packages/gymnasium/spaces/box.py:231: UserWarning: [33mWARN: Box low's precision lowered by casting to float32, current low.dtype=float64[0m
  gym.logger.warn(
/home/deddy/repos/outofthisworldmodel/.venv/lib/python3.13/site-packages/gymnasium/spaces/box.py:297: UserWarning: [33mWARN: Box high's precision lowered by casting to float32, current high.dtype=float64[0m
  gym.logger.warn(
wandb: uploading artifact o8a2dl8e-model; updating run metadata
wandb: uploading media/images/val/traj_3d_attitude_133_891160545bde34d011fb.png; uploading media/images/val/attitude_triads_133_a28ad0cfdd0399e9e4e2.png; uploading media/images/val/control_133_4dd8eb7abe085ccfafb1.png
wandb: 
wandb: Run history:
wandb:    docking/collision_rate ▁▁▁▁▁▁▁▁██▇▆▆▅▅▅▅▄▄▄▄▆▆▆▆▅▅▅▅▅▆▆▆▆▆█████
wandb:       docking/docked_rate ▁▁▁▁▁▁▁▁▁▁▁▁▁▁▁▁▁▁▁▁▁▁▁▁▁▁▁▁▁▁▁▁▁▁▁▁▁▁▁▁
wandb:    docking/ep_min_att_rad ▃▂▆▃▅▂▅▂▃▃▁▁▂▄▃▂▄▃▁▃▂▃▁▄▂▃▄▂▁▂▃▁▄▂▂▅█▅▃▅
wandb:      docking/ep_min_pos_m ▅▃▇▁▇▆▃▃▂▃▃▃▃█▁▅▂▅▁▁▂▅▂▅▆▄▄▃█▃█▂▅▂▇▄▅▂▇▅
wandb: docking/ep_min_rate_radps ▂▅▅█▅▆▃▂▅▁▂█▃▁▇█▆█▃▆▂▇▇█▆▁▇▇▇█▁▄▇██▇▇▇▇▄
wandb:    docking/ep_min_vel_mps ▃█▃▂▆▁▇▇▃▆▄▆▄▅▇▇█▇▆▇▇▅▄█▂▃▅▅▆▁▇█▇▇█▆▆▇▄▇
wandb:          docking/episodes ▁▁▂▂▂▂▂▂▂▂▃▃▃▃▃▃▃▄▄▄▄▄▄▄▄▅▅▅▅▅▅▆▆▆▇▇▇███
wandb:      docking/escaped_rate ██▁▂▃▄▅▅▅▅▆▆▆▆▆▇▇▇▇▇▇▇▇▇▇▇▇▇▇▇▇▇▇▇▇▇▇▇▇█
wandb:        docking/port_index ▆█▃▃█▁▃▁█▁█▅█▆▆▅▆█▆██▅█▁▅▅▁█▅▆▃▃█▆████▅▆
wandb:    docking/truncated_rate ▁▁▆▇█▆▄▄▄▃▃▃▃▃▃▂▂▂▂▂▂▂▂▂▂▂▂▂▂▂▂▂▂▂▁▁▁▁▁▁
wandb:                       +30 ...
wandb: 
wandb: Run summary:
wandb:    docking/collision_rate 0.03
wandb:       docking/docked_rate 0
wandb:    docking/ep_min_att_rad 0.0469
wandb:      docking/ep_min_pos_m 347.53546
wandb: docking/ep_min_rate_radps 0.00229
wandb:    docking/ep_min_vel_mps 0.00724
wandb:          docking/episodes 122
wandb:      docking/escaped_rate 0.96
wandb:        docking/port_index 3
wandb:    docking/truncated_rate 0.01
wandb:                       +30 ...
wandb: 
wandb: 🚀 View run balmy-sweep-1 at: https://wandb.ai/duncan-world-models/amos-out-of-this-world-model/runs/o8a2dl8e
wandb: ⭐️ View project at: https://wandb.ai/duncan-world-models/amos-out-of-this-world-model
wandb: Synced 5 W&B file(s), 30 media file(s), 3 artifact file(s) and 1 other file(s)
wandb: Find logs at: ./wandb/run-20260812_000218-o8a2dl8e/logs
[val] step 100000: mean_return -14262.8, outcomes: escaped, escaped, escaped, escaped, escaped
[val] step 200000: mean_return -14311.7, outcomes: escaped, escaped, escaped, escaped, escaped
[val] step 300000: mean_return -15274.8, outcomes: escaped, escaped, escaped, escaped, escaped
[val] step 400000: mean_return -14225.4, outcomes: escaped, escaped, escaped, escaped, escaped
[val] step 500000: mean_return -14607.7, outcomes: escaped, escaped, escaped, escaped, escaped
[val] step 507904: mean_return -14728.3, outcomes: escaped, escaped, escaped, escaped, escaped
2026-08-12 00:34:36,875 - wandb.wandb_agent - INFO - Cleaning up finished run: o8a2dl8e
2026-08-12 00:34:37,519 - wandb.wandb_agent - INFO - Agent received command: run
2026-08-12 00:34:37,519 - wandb.wandb_agent - INFO - Agent starting run with config:
	algo: ppo
	batch_size: 256
	clip_range: 0.3
	ent_coef: 0.003747163455445457
	gae_lambda: 0.9523677400285196
	gamma: 0.9995
	learning_rate: 0.0002927036436319793
	n_epochs: 10
	n_steps: 2048
	seed: 0
	trial_timesteps: 500000
2026-08-12 00:34:37,521 - wandb.wandb_agent - INFO - About to run command: /usr/bin/env uv run python -m owm.baselines.rl.sweep_trial
wandb: [wandb.login()] Loaded credentials for https://api.wandb.ai from WANDB_API_KEY.
wandb: Currently logged in as: duncaneddy (duncan-world-models) to https://api.wandb.ai. Use `wandb login --relogin` to force relogin
wandb: Tracking run with wandb version 0.28.1
wandb: Run data is saved locally in /home/deddy/repos/outofthisworldmodel/wandb/run-20260812_003440-kshpj4lg
wandb: Run `wandb offline` to turn off syncing.
wandb: Syncing run drawn-sweep-2
wandb: ⭐️ View project at https://wandb.ai/duncan-world-models/amos-out-of-this-world-model
wandb: 🧹 View sweep at https://wandb.ai/duncan-world-models/amos-out-of-this-world-model/sweeps/wy4vs8ws
wandb: 🚀 View run at https://wandb.ai/duncan-world-models/amos-out-of-this-world-model/runs/kshpj4lg
2026-08-12 00:34:42,547 - wandb.wandb_agent - INFO - Running runs: ['kshpj4lg']
/home/deddy/repos/outofthisworldmodel/.venv/lib/python3.13/site-packages/gymnasium/spaces/box.py:231: UserWarning: [33mWARN: Box low's precision lowered by casting to float32, current low.dtype=float64[0m
  gym.logger.warn(
/home/deddy/repos/outofthisworldmodel/.venv/lib/python3.13/site-packages/gymnasium/spaces/box.py:297: UserWarning: [33mWARN: Box high's precision lowered by casting to float32, current high.dtype=float64[0m
  gym.logger.warn(
/home/deddy/repos/outofthisworldmodel/.venv/lib/python3.13/site-packages/gymnasium/spaces/box.py:231: UserWarning: [33mWARN: Box low's precision lowered by casting to float32, current low.dtype=float64[0m
  gym.logger.warn(
/home/deddy/repos/outofthisworldmodel/.venv/lib/python3.13/site-packages/gymnasium/spaces/box.py:297: UserWarning: [33mWARN: Box high's precision lowered by casting to float32, current high.dtype=float64[0m
  gym.logger.warn(
/home/deddy/repos/outofthisworldmodel/.venv/lib/python3.13/site-packages/gymnasium/spaces/box.py:231: UserWarning: [33mWARN: Box low's precision lowered by casting to float32, current low.dtype=float64[0m
  gym.logger.warn(
/home/deddy/repos/outofthisworldmodel/.venv/lib/python3.13/site-packages/gymnasium/spaces/box.py:297: UserWarning: [33mWARN: Box high's precision lowered by casting to float32, current high.dtype=float64[0m
  gym.logger.warn(
/home/deddy/repos/outofthisworldmodel/.venv/lib/python3.13/site-packages/gymnasium/spaces/box.py:231: UserWarning: [33mWARN: Box low's precision lowered by casting to float32, current low.dtype=float64[0m
  gym.logger.warn(
/home/deddy/repos/outofthisworldmodel/.venv/lib/python3.13/site-packages/gymnasium/spaces/box.py:297: UserWarning: [33mWARN: Box high's precision lowered by casting to float32, current high.dtype=float64[0m
  gym.logger.warn(
/home/deddy/repos/outofthisworldmodel/.venv/lib/python3.13/site-packages/gymnasium/spaces/box.py:231: UserWarning: [33mWARN: Box low's precision lowered by casting to float32, current low.dtype=float64[0m
  gym.logger.warn(
/home/deddy/repos/outofthisworldmodel/.venv/lib/python3.13/site-packages/gymnasium/spaces/box.py:297: UserWarning: [33mWARN: Box high's precision lowered by casting to float32, current high.dtype=float64[0m
  gym.logger.warn(
/home/deddy/repos/outofthisworldmodel/.venv/lib/python3.13/site-packages/gymnasium/spaces/box.py:231: UserWarning: [33mWARN: Box low's precision lowered by casting to float32, current low.dtype=float64[0m
  gym.logger.warn(
/home/deddy/repos/outofthisworldmodel/.venv/lib/python3.13/site-packages/gymnasium/spaces/box.py:297: UserWarning: [33mWARN: Box high's precision lowered by casting to float32, current high.dtype=float64[0m
  gym.logger.warn(
/home/deddy/repos/outofthisworldmodel/.venv/lib/python3.13/site-packages/gymnasium/spaces/box.py:231: UserWarning: [33mWARN: Box low's precision lowered by casting to float32, current low.dtype=float64[0m
  gym.logger.warn(
/home/deddy/repos/outofthisworldmodel/.venv/lib/python3.13/site-packages/gymnasium/spaces/box.py:297: UserWarning: [33mWARN: Box high's precision lowered by casting to float32, current high.dtype=float64[0m
  gym.logger.warn(
/home/deddy/repos/outofthisworldmodel/.venv/lib/python3.13/site-packages/gymnasium/spaces/box.py:231: UserWarning: [33mWARN: Box low's precision lowered by casting to float32, current low.dtype=float64[0m
  gym.logger.warn(
/home/deddy/repos/outofthisworldmodel/.venv/lib/python3.13/site-packages/gymnasium/spaces/box.py:297: UserWarning: [33mWARN: Box high's precision lowered by casting to float32, current high.dtype=float64[0m
  gym.logger.warn(
/home/deddy/repos/outofthisworldmodel/.venv/lib/python3.13/site-packages/gymnasium/spaces/box.py:231: UserWarning: [33mWARN: Box low's precision lowered by casting to float32, current low.dtype=float64[0m
  gym.logger.warn(
/home/deddy/repos/outofthisworldmodel/.venv/lib/python3.13/site-packages/gymnasium/spaces/box.py:297: UserWarning: [33mWARN: Box high's precision lowered by casting to float32, current high.dtype=float64[0m
  gym.logger.warn(
/home/deddy/repos/outofthisworldmodel/.venv/lib/python3.13/site-packages/gymnasium/spaces/box.py:231: UserWarning: [33mWARN: Box low's precision lowered by casting to float32, current low.dtype=float64[0m
  gym.logger.warn(
/home/deddy/repos/outofthisworldmodel/.venv/lib/python3.13/site-packages/gymnasium/spaces/box.py:297: UserWarning: [33mWARN: Box high's precision lowered by casting to float32, current high.dtype=float64[0m
  gym.logger.warn(
/home/deddy/repos/outofthisworldmodel/.venv/lib/python3.13/site-packages/gymnasium/spaces/box.py:231: UserWarning: [33mWARN: Box low's precision lowered by casting to float32, current low.dtype=float64[0m
  gym.logger.warn(
/home/deddy/repos/outofthisworldmodel/.venv/lib/python3.13/site-packages/gymnasium/spaces/box.py:297: UserWarning: [33mWARN: Box high's precision lowered by casting to float32, current high.dtype=float64[0m
  gym.logger.warn(
/home/deddy/repos/outofthisworldmodel/.venv/lib/python3.13/site-packages/gymnasium/spaces/box.py:231: UserWarning: [33mWARN: Box low's precision lowered by casting to float32, current low.dtype=float64[0m
  gym.logger.warn(
/home/deddy/repos/outofthisworldmodel/.venv/lib/python3.13/site-packages/gymnasium/spaces/box.py:297: UserWarning: [33mWARN: Box high's precision lowered by casting to float32, current high.dtype=float64[0m
  gym.logger.warn(
/home/deddy/repos/outofthisworldmodel/.venv/lib/python3.13/site-packages/gymnasium/spaces/box.py:231: UserWarning: [33mWARN: Box low's precision lowered by casting to float32, current low.dtype=float64[0m
  gym.logger.warn(
/home/deddy/repos/outofthisworldmodel/.venv/lib/python3.13/site-packages/gymnasium/spaces/box.py:297: UserWarning: [33mWARN: Box high's precision lowered by casting to float32, current high.dtype=float64[0m
  gym.logger.warn(
/home/deddy/repos/outofthisworldmodel/.venv/lib/python3.13/site-packages/gymnasium/spaces/box.py:231: UserWarning: [33mWARN: Box low's precision lowered by casting to float32, current low.dtype=float64[0m
  gym.logger.warn(
/home/deddy/repos/outofthisworldmodel/.venv/lib/python3.13/site-packages/gymnasium/spaces/box.py:297: UserWarning: [33mWARN: Box high's precision lowered by casting to float32, current high.dtype=float64[0m
  gym.logger.warn(
/home/deddy/repos/outofthisworldmodel/.venv/lib/python3.13/site-packages/gymnasium/spaces/box.py:231: UserWarning: [33mWARN: Box low's precision lowered by casting to float32, current low.dtype=float64[0m
  gym.logger.warn(
/home/deddy/repos/outofthisworldmodel/.venv/lib/python3.13/site-packages/gymnasium/spaces/box.py:297: UserWarning: [33mWARN: Box high's precision lowered by casting to float32, current high.dtype=float64[0m
  gym.logger.warn(
/home/deddy/repos/outofthisworldmodel/.venv/lib/python3.13/site-packages/gymnasium/spaces/box.py:231: UserWarning: [33mWARN: Box low's precision lowered by casting to float32, current low.dtype=float64[0m
  gym.logger.warn(
/home/deddy/repos/outofthisworldmodel/.venv/lib/python3.13/site-packages/gymnasium/spaces/box.py:297: UserWarning: [33mWARN: Box high's precision lowered by casting to float32, current high.dtype=float64[0m
  gym.logger.warn(
/home/deddy/repos/outofthisworldmodel/.venv/lib/python3.13/site-packages/gymnasium/spaces/box.py:231: UserWarning: [33mWARN: Box low's precision lowered by casting to float32, current low.dtype=float64[0m
  gym.logger.warn(
/home/deddy/repos/outofthisworldmodel/.venv/lib/python3.13/site-packages/gymnasium/spaces/box.py:297: UserWarning: [33mWARN: Box high's precision lowered by casting to float32, current high.dtype=float64[0m
  gym.logger.warn(
/home/deddy/repos/outofthisworldmodel/.venv/lib/python3.13/site-packages/gymnasium/spaces/box.py:231: UserWarning: [33mWARN: Box low's precision lowered by casting to float32, current low.dtype=float64[0m
  gym.logger.warn(
/home/deddy/repos/outofthisworldmodel/.venv/lib/python3.13/site-packages/gymnasium/spaces/box.py:297: UserWarning: [33mWARN: Box high's precision lowered by casting to float32, current high.dtype=float64[0m
  gym.logger.warn(
/home/deddy/repos/outofthisworldmodel/.venv/lib/python3.13/site-packages/gymnasium/spaces/box.py:231: UserWarning: [33mWARN: Box low's precision lowered by casting to float32, current low.dtype=float64[0m
  gym.logger.warn(
/home/deddy/repos/outofthisworldmodel/.venv/lib/python3.13/site-packages/gymnasium/spaces/box.py:297: UserWarning: [33mWARN: Box high's precision lowered by casting to float32, current high.dtype=float64[0m
  gym.logger.warn(
/home/deddy/repos/outofthisworldmodel/.venv/lib/python3.13/site-packages/gymnasium/spaces/box.py:231: UserWarning: [33mWARN: Box low's precision lowered by casting to float32, current low.dtype=float64[0m
  gym.logger.warn(
/home/deddy/repos/outofthisworldmodel/.venv/lib/python3.13/site-packages/gymnasium/spaces/box.py:297: UserWarning: [33mWARN: Box high's precision lowered by casting to float32, current high.dtype=float64[0m
  gym.logger.warn(
2026-08-12 00:52:05,333 - wandb.wandb_agent - INFO - Agent received command: stop
2026-08-12 00:52:05,333 - wandb.wandb_agent - INFO - Stop: kshpj4lg
2026-08-12 00:52:10,355 - wandb.wandb_agent - INFO - Cleaning up finished run: kshpj4lg
2026-08-12 00:52:11,047 - wandb.wandb_agent - INFO - Agent received command: run
2026-08-12 00:52:11,047 - wandb.wandb_agent - INFO - Agent starting run with config:
	algo: ppo
	batch_size: 256
	clip_range: 0.3
	ent_coef: 2.626661784085116e-07
	gae_lambda: 0.9406180515641476
	gamma: 0.995
	learning_rate: 1.0937318177863589e-05
	n_epochs: 10
	n_steps: 1024
	seed: 0
	trial_timesteps: 500000
2026-08-12 00:52:11,050 - wandb.wandb_agent - INFO - About to run command: /usr/bin/env uv run python -m owm.baselines.rl.sweep_trial
wandb: [wandb.login()] Loaded credentials for https://api.wandb.ai from WANDB_API_KEY.
wandb: Currently logged in as: duncaneddy (duncan-world-models) to https://api.wandb.ai. Use `wandb login --relogin` to force relogin
wandb: Tracking run with wandb version 0.28.1
wandb: Run data is saved locally in /home/deddy/repos/outofthisworldmodel/wandb/run-20260812_005214-h2vrssjj
wandb: Run `wandb offline` to turn off syncing.
wandb: Syncing run pretty-sweep-3
wandb: ⭐️ View project at https://wandb.ai/duncan-world-models/amos-out-of-this-world-model
wandb: 🧹 View sweep at https://wandb.ai/duncan-world-models/amos-out-of-this-world-model/sweeps/wy4vs8ws
wandb: 🚀 View run at https://wandb.ai/duncan-world-models/amos-out-of-this-world-model/runs/h2vrssjj
2026-08-12 00:52:16,076 - wandb.wandb_agent - INFO - Running runs: ['h2vrssjj']
/home/deddy/repos/outofthisworldmodel/.venv/lib/python3.13/site-packages/gymnasium/spaces/box.py:231: UserWarning: [33mWARN: Box low's precision lowered by casting to float32, current low.dtype=float64[0m
  gym.logger.warn(
/home/deddy/repos/outofthisworldmodel/.venv/lib/python3.13/site-packages/gymnasium/spaces/box.py:297: UserWarning: [33mWARN: Box high's precision lowered by casting to float32, current high.dtype=float64[0m
  gym.logger.warn(
/home/deddy/repos/outofthisworldmodel/.venv/lib/python3.13/site-packages/gymnasium/spaces/box.py:231: UserWarning: [33mWARN: Box low's precision lowered by casting to float32, current low.dtype=float64[0m
  gym.logger.warn(
/home/deddy/repos/outofthisworldmodel/.venv/lib/python3.13/site-packages/gymnasium/spaces/box.py:297: UserWarning: [33mWARN: Box high's precision lowered by casting to float32, current high.dtype=float64[0m
  gym.logger.warn(
/home/deddy/repos/outofthisworldmodel/.venv/lib/python3.13/site-packages/gymnasium/spaces/box.py:231: UserWarning: [33mWARN: Box low's precision lowered by casting to float32, current low.dtype=float64[0m
  gym.logger.warn(
/home/deddy/repos/outofthisworldmodel/.venv/lib/python3.13/site-packages/gymnasium/spaces/box.py:297: UserWarning: [33mWARN: Box high's precision lowered by casting to float32, current high.dtype=float64[0m
  gym.logger.warn(
/home/deddy/repos/outofthisworldmodel/.venv/lib/python3.13/site-packages/gymnasium/spaces/box.py:231: UserWarning: [33mWARN: Box low's precision lowered by casting to float32, current low.dtype=float64[0m
  gym.logger.warn(
/home/deddy/repos/outofthisworldmodel/.venv/lib/python3.13/site-packages/gymnasium/spaces/box.py:297: UserWarning: [33mWARN: Box high's precision lowered by casting to float32, current high.dtype=float64[0m
  gym.logger.warn(
/home/deddy/repos/outofthisworldmodel/.venv/lib/python3.13/site-packages/gymnasium/spaces/box.py:231: UserWarning: [33mWARN: Box low's precision lowered by casting to float32, current low.dtype=float64[0m
  gym.logger.warn(
/home/deddy/repos/outofthisworldmodel/.venv/lib/python3.13/site-packages/gymnasium/spaces/box.py:297: UserWarning: [33mWARN: Box high's precision lowered by casting to float32, current high.dtype=float64[0m
  gym.logger.warn(
/home/deddy/repos/outofthisworldmodel/.venv/lib/python3.13/site-packages/gymnasium/spaces/box.py:231: UserWarning: [33mWARN: Box low's precision lowered by casting to float32, current low.dtype=float64[0m
  gym.logger.warn(
/home/deddy/repos/outofthisworldmodel/.venv/lib/python3.13/site-packages/gymnasium/spaces/box.py:231: UserWarning: [33mWARN: Box low's precision lowered by casting to float32, current low.dtype=float64[0m
  gym.logger.warn(
/home/deddy/repos/outofthisworldmodel/.venv/lib/python3.13/site-packages/gymnasium/spaces/box.py:297: UserWarning: [33mWARN: Box high's precision lowered by casting to float32, current high.dtype=float64[0m
  gym.logger.warn(
/home/deddy/repos/outofthisworldmodel/.venv/lib/python3.13/site-packages/gymnasium/spaces/box.py:297: UserWarning: [33mWARN: Box high's precision lowered by casting to float32, current high.dtype=float64[0m
  gym.logger.warn(
/home/deddy/repos/outofthisworldmodel/.venv/lib/python3.13/site-packages/gymnasium/spaces/box.py:231: UserWarning: [33mWARN: Box low's precision lowered by casting to float32, current low.dtype=float64[0m
  gym.logger.warn(
/home/deddy/repos/outofthisworldmodel/.venv/lib/python3.13/site-packages/gymnasium/spaces/box.py:297: UserWarning: [33mWARN: Box high's precision lowered by casting to float32, current high.dtype=float64[0m
  gym.logger.warn(
/home/deddy/repos/outofthisworldmodel/.venv/lib/python3.13/site-packages/gymnasium/spaces/box.py:231: UserWarning: [33mWARN: Box low's precision lowered by casting to float32, current low.dtype=float64[0m
  gym.logger.warn(
/home/deddy/repos/outofthisworldmodel/.venv/lib/python3.13/site-packages/gymnasium/spaces/box.py:297: UserWarning: [33mWARN: Box high's precision lowered by casting to float32, current high.dtype=float64[0m
  gym.logger.warn(
/home/deddy/repos/outofthisworldmodel/.venv/lib/python3.13/site-packages/gymnasium/spaces/box.py:231: UserWarning: [33mWARN: Box low's precision lowered by casting to float32, current low.dtype=float64[0m
  gym.logger.warn(
/home/deddy/repos/outofthisworldmodel/.venv/lib/python3.13/site-packages/gymnasium/spaces/box.py:297: UserWarning: [33mWARN: Box high's precision lowered by casting to float32, current high.dtype=float64[0m
  gym.logger.warn(
/home/deddy/repos/outofthisworldmodel/.venv/lib/python3.13/site-packages/gymnasium/spaces/box.py:231: UserWarning: [33mWARN: Box low's precision lowered by casting to float32, current low.dtype=float64[0m
  gym.logger.warn(
/home/deddy/repos/outofthisworldmodel/.venv/lib/python3.13/site-packages/gymnasium/spaces/box.py:297: UserWarning: [33mWARN: Box high's precision lowered by casting to float32, current high.dtype=float64[0m
  gym.logger.warn(
/home/deddy/repos/outofthisworldmodel/.venv/lib/python3.13/site-packages/gymnasium/spaces/box.py:231: UserWarning: [33mWARN: Box low's precision lowered by casting to float32, current low.dtype=float64[0m
  gym.logger.warn(
/home/deddy/repos/outofthisworldmodel/.venv/lib/python3.13/site-packages/gymnasium/spaces/box.py:297: UserWarning: [33mWARN: Box high's precision lowered by casting to float32, current high.dtype=float64[0m
  gym.logger.warn(
/home/deddy/repos/outofthisworldmodel/.venv/lib/python3.13/site-packages/gymnasium/spaces/box.py:231: UserWarning: [33mWARN: Box low's precision lowered by casting to float32, current low.dtype=float64[0m
  gym.logger.warn(
/home/deddy/repos/outofthisworldmodel/.venv/lib/python3.13/site-packages/gymnasium/spaces/box.py:297: UserWarning: [33mWARN: Box high's precision lowered by casting to float32, current high.dtype=float64[0m
  gym.logger.warn(
/home/deddy/repos/outofthisworldmodel/.venv/lib/python3.13/site-packages/gymnasium/spaces/box.py:231: UserWarning: [33mWARN: Box low's precision lowered by casting to float32, current low.dtype=float64[0m
  gym.logger.warn(
/home/deddy/repos/outofthisworldmodel/.venv/lib/python3.13/site-packages/gymnasium/spaces/box.py:297: UserWarning: [33mWARN: Box high's precision lowered by casting to float32, current high.dtype=float64[0m
  gym.logger.warn(
wandb: uploading artifact 69v6mb60-model; updating run metadata
wandb: uploading summary
wandb: 
wandb: Run history:
wandb:    docking/collision_rate ▁▁▁▁▁▁▁▁█▇▆▆▅▅▅▄▄▄▄▄▄▃▃▃▃▃▃▃▃▃▃▃▂▂▂▂▂▂▂▂
wandb:       docking/docked_rate ▁▁▁▁▁▁▁▁▁▁▁▁▁▁▁▁▁▁▁▁▁▁▁▁▁▁▁▁▁▁▁▁▁▁▁▁▁▁▁▁
wandb:    docking/ep_min_att_rad ▂▇▇▂▂▂▁▂▃▃▃▁▅▂▅▂▁▆█▂▃▃▄▂▃▃▃▂▇▆▅▂▂▆▂▂▇▆▅▅
wandb:      docking/ep_min_pos_m ▆▃▂▂▄█▄▅▁█▆▅█▄▃▃▂▄▃▅▄▇▆▅▃▃▇▇▃▂▄▅▄▅▃▇▃▂▆▃
wandb: docking/ep_min_rate_radps ▆▁▃▆▄▂▅▂▇█▆██▇█▇▇▅▆▇▆▆▄▄▅▅▇▇▅▅█▇▇█▅▅█▇▅█
wandb:    docking/ep_min_vel_mps ▁▄▁▃▂▄▃▂▃▇▅▃▇▄▆▅▆▅▆▇▆▅▇▅▇▇█▆▄▇▅▄▇▄▅▇█▅▇▆
wandb:          docking/episodes ▁▁▁▁▁▂▂▂▂▂▃▃▃▃▃▃▃▄▄▄▄▅▅▅▅▆▆▆▆▆▆▆▇▇▇▇████
wandb:      docking/escaped_rate ▁▂▂▃▄▅▅▅▆▆▆▆▆▇▇▇▇▇▇▇▇▇▇▇▇▇▇▇▇▇▇▇▇▇▇▇████
wandb:        docking/port_index ▃▃▅▅▆█▅█▁▁▆▁▁▃▅▅█▅▆▆▆▁▅▆▅▃▁▃▅▃▅█▅████▆▆▆
wandb:    docking/truncated_rate ██▇▇▆▅▅▄▄▄▃▃▃▃▃▃▃▂▂▂▂▂▂▂▂▂▂▂▂▂▂▂▂▂▂▂▁▁▁▁
wandb:                       +25 ...
wandb: 
wandb: Run summary:
wandb:    docking/collision_rate 0.01
wandb:       docking/docked_rate 0
wandb:    docking/ep_min_att_rad 0.84302
wandb:      docking/ep_min_pos_m 280.09802
wandb: docking/ep_min_rate_radps 0.00249
wandb:    docking/ep_min_vel_mps 0.00971
wandb:          docking/episodes 110
wandb:      docking/escaped_rate 0.91
wandb:        docking/port_index 0
wandb:    docking/truncated_rate 0.08
wandb:                       +25 ...
wandb: 
wandb: 🚀 View run fresh-sweep-4 at: https://wandb.ai/duncan-world-models/amos-out-of-this-world-model/runs/69v6mb60
wandb: ⭐️ View project at: https://wandb.ai/duncan-world-models/amos-out-of-this-world-model
wandb: Synced 5 W&B file(s), 30 media file(s), 3 artifact file(s) and 1 other file(s)
wandb: Find logs at: ./wandb/run-20260812_000643-69v6mb60/logs
[val] step 100000: mean_return -14619.2, outcomes: escaped, escaped, escaped, escaped, escaped
[val] step 200000: mean_return -212744.4, outcomes: escaped, escaped, escaped, escaped, collision
[val] step 300000: mean_return -13847.5, outcomes: escaped, escaped, escaped, escaped, escaped
[val] step 400000: mean_return -15541.6, outcomes: escaped, escaped, escaped, escaped, escaped
[val] step 500000: mean_return -14217.3, outcomes: escaped, escaped, truncated, escaped, escaped
[val] step 500000: mean_return -15225.1, outcomes: escaped, escaped, escaped, escaped, escaped
2026-08-12 01:18:56,192 - wandb.wandb_agent - INFO - Cleaning up finished run: 69v6mb60
2026-08-12 01:18:57,021 - wandb.wandb_agent - INFO - Agent received command: run
2026-08-12 01:18:57,021 - wandb.wandb_agent - INFO - Agent starting run with config:
	algo: sac
	batch_size: 256
	buffer_size: 300000
	gamma: 0.995
	gradient_steps: 4
	learning_rate: 1.397947845513268e-05
	learning_starts: 5000
	seed: 0
	tau: 0.002406777277402736
	train_freq: 1
	trial_timesteps: 500000
2026-08-12 01:18:57,023 - wandb.wandb_agent - INFO - About to run command: /usr/bin/env uv run python -m owm.baselines.rl.sweep_trial
wandb: [wandb.login()] Loaded credentials for https://api.wandb.ai from WANDB_API_KEY.
wandb: Currently logged in as: duncaneddy (duncan-world-models) to https://api.wandb.ai. Use `wandb login --relogin` to force relogin
wandb: Tracking run with wandb version 0.28.1
wandb: Run data is saved locally in /home/deddy/repos/outofthisworldmodel/wandb/run-20260812_011900-llocca5i
wandb: Run `wandb offline` to turn off syncing.
wandb: Syncing run apricot-sweep-5
wandb: ⭐️ View project at https://wandb.ai/duncan-world-models/amos-out-of-this-world-model
wandb: 🧹 View sweep at https://wandb.ai/duncan-world-models/amos-out-of-this-world-model/sweeps/bm88x06x
wandb: 🚀 View run at https://wandb.ai/duncan-world-models/amos-out-of-this-world-model/runs/llocca5i
2026-08-12 01:19:02,049 - wandb.wandb_agent - INFO - Running runs: ['llocca5i']
/home/deddy/repos/outofthisworldmodel/.venv/lib/python3.13/site-packages/gymnasium/spaces/box.py:231: UserWarning: [33mWARN: Box low's precision lowered by casting to float32, current low.dtype=float64[0m
  gym.logger.warn(
/home/deddy/repos/outofthisworldmodel/.venv/lib/python3.13/site-packages/gymnasium/spaces/box.py:297: UserWarning: [33mWARN: Box high's precision lowered by casting to float32, current high.dtype=float64[0m
  gym.logger.warn(
/home/deddy/repos/outofthisworldmodel/.venv/lib/python3.13/site-packages/gymnasium/spaces/box.py:231: UserWarning: [33mWARN: Box low's precision lowered by casting to float32, current low.dtype=float64[0m
  gym.logger.warn(
/home/deddy/repos/outofthisworldmodel/.venv/lib/python3.13/site-packages/gymnasium/spaces/box.py:297: UserWarning: [33mWARN: Box high's precision lowered by casting to float32, current high.dtype=float64[0m
  gym.logger.warn(
/home/deddy/repos/outofthisworldmodel/.venv/lib/python3.13/site-packages/gymnasium/spaces/box.py:231: UserWarning: [33mWARN: Box low's precision lowered by casting to float32, current low.dtype=float64[0m
  gym.logger.warn(
/home/deddy/repos/outofthisworldmodel/.venv/lib/python3.13/site-packages/gymnasium/spaces/box.py:297: UserWarning: [33mWARN: Box high's precision lowered by casting to float32, current high.dtype=float64[0m
  gym.logger.warn(
/home/deddy/repos/outofthisworldmodel/.venv/lib/python3.13/site-packages/gymnasium/spaces/box.py:231: UserWarning: [33mWARN: Box low's precision lowered by casting to float32, current low.dtype=float64[0m
  gym.logger.warn(
/home/deddy/repos/outofthisworldmodel/.venv/lib/python3.13/site-packages/gymnasium/spaces/box.py:297: UserWarning: [33mWARN: Box high's precision lowered by casting to float32, current high.dtype=float64[0m
  gym.logger.warn(
wandb: uploading artifact h2vrssjj-model; updating run metadata
wandb: uploading media/images/val/attitude_triads_77_25848754f197351e922d.png; uploading media/images/val/reward_77_24ef7e15088aac0c8cf8.png; uploading media/images/val/control_77_e2fcf7fde06cfcf5e13a.png; uploading runs/sweeps/ppo/h2vrssjj/tb/PPO_1/events.out.tfevents.1786495943.longbeach.400156.0; uploading media/images/val/traj_3d_77_b82f780272ac51aa65ec.png (+ 4 more)
wandb: 
wandb: Run history:
wandb:    docking/collision_rate ▁▁▁▁▁▁▁▁▁▁▁▁▁▁▁▁▁▁▅█▇▇▇▇▇▆▆▆▆▅▅▅▅▅▅▅▅▅▅▅
wandb:       docking/docked_rate ▁▁▁▁▁▁▁▁▁▁▁▁▁▁▁▁▁▁▁▁▁▁▁▁▁▁▁▁▁▁▁▁▁▁▁▁▁▁▁▁
wandb:    docking/ep_min_att_rad ▃▂▁▄▂▂▆▆▅▂▂▄▂▄▄▃▄▃▅▂▆▃▁▃▁▅▂▆▁▁▃▁▄▁▄▁▅█▃▂
wandb:      docking/ep_min_pos_m ▅▂▃▃█▆▇▅▄▇▄▇▄▅▂▄▆▃▆▁▂▄▆▁▇▃█▃▇▅▆▂▃▄█▁▂▂▄▅
wandb: docking/ep_min_rate_radps ▆█▃▃▂▆▆▂▂▁▄▆▅▄█▃▇▆▅▄▆▃▇▇▃▇▄▇▄▆▄▆▃▄▅▂▄█▂█
wandb:    docking/ep_min_vel_mps ▂█▆▂▃▅▂▆▆▂▅▇▅▅▇▅▁▇▇▅▂▇▆▂▁▅▅▅▇▇▅█▃▄▅▆▃▆▄▅
wandb:          docking/episodes ▁▁▁▁▁▂▂▂▂▂▃▃▃▃▃▃▄▄▄▄▅▅▅▅▅▅▅▆▆▆▆▇▇▇▇▇▇███
wandb:      docking/escaped_rate ▁▁▁▁▁▁▁▁▁▁▁▁▁▁▁▁▁▁▁▁▁▁▁▁▁▃▃▃▃▃▅▄▄▄▆▇▇▇▇█
wandb:        docking/port_index ▆▃██▅▃█▃▃▅▃█▁██▃▁█▁▁▃█▆█▃█▆▃▅▁▆▁▅▆▁▁▆▁▁▅
wandb:    docking/truncated_rate ████████████████████▄▄▅▅▅▃▄▄▄▄▄▃▃▃▃▁▂▂▂▁
wandb:                       +30 ...
wandb: 
wandb: Run summary:
wandb:    docking/collision_rate 0.0303
wandb:       docking/docked_rate 0
wandb:    docking/ep_min_att_rad 0.44004
wandb:      docking/ep_min_pos_m 301.64203
wandb: docking/ep_min_rate_radps 0.00254
wandb:    docking/ep_min_vel_mps 0.007
wandb:          docking/episodes 66
wandb:      docking/escaped_rate 0.07576
wandb:        docking/port_index 2
wandb:    docking/truncated_rate 0.89394
wandb:                       +30 ...
wandb: 
wandb: 🚀 View run pretty-sweep-3 at: https://wandb.ai/duncan-world-models/amos-out-of-this-world-model/runs/h2vrssjj
wandb: ⭐️ View project at: https://wandb.ai/duncan-world-models/amos-out-of-this-world-model
wandb: Synced 5 W&B file(s), 30 media file(s), 3 artifact file(s) and 1 other file(s)
wandb: Find logs at: ./wandb/run-20260812_005214-h2vrssjj/logs
[val] step 100000: mean_return -5876.2, outcomes: truncated, truncated, truncated, truncated, truncated
[val] step 200000: mean_return -207160.5, outcomes: escaped, truncated, truncated, truncated, collision
[val] step 300000: mean_return -8525.8, outcomes: escaped, truncated, truncated, truncated, truncated
[val] step 400000: mean_return -15196.5, outcomes: escaped, truncated, escaped, escaped, escaped
[val] step 500000: mean_return -17229.5, outcomes: escaped, escaped, escaped, escaped, escaped
[val] step 507904: mean_return -13382.8, outcomes: truncated, truncated, escaped, escaped, escaped
2026-08-12 01:42:17,719 - wandb.wandb_agent - INFO - Cleaning up finished run: h2vrssjj
2026-08-12 01:42:18,489 - wandb.wandb_agent - INFO - Agent received command: run
2026-08-12 01:42:18,490 - wandb.wandb_agent - INFO - Agent starting run with config:
	algo: ppo
	batch_size: 512
	clip_range: 0.3
	ent_coef: 5.853305445702484e-08
	gae_lambda: 0.9454184579689946
	gamma: 0.995
	learning_rate: 2.009980055588821e-05
	n_epochs: 20
	n_steps: 1024
	seed: 0
	trial_timesteps: 500000
2026-08-12 01:42:18,492 - wandb.wandb_agent - INFO - About to run command: /usr/bin/env uv run python -m owm.baselines.rl.sweep_trial
wandb: [wandb.login()] Loaded credentials for https://api.wandb.ai from WANDB_API_KEY.
wandb: Currently logged in as: duncaneddy (duncan-world-models) to https://api.wandb.ai. Use `wandb login --relogin` to force relogin
wandb: Tracking run with wandb version 0.28.1
wandb: Run data is saved locally in /home/deddy/repos/outofthisworldmodel/wandb/run-20260812_014221-efk9su3u
wandb: Run `wandb offline` to turn off syncing.
wandb: Syncing run wise-sweep-4
wandb: ⭐️ View project at https://wandb.ai/duncan-world-models/amos-out-of-this-world-model
wandb: 🧹 View sweep at https://wandb.ai/duncan-world-models/amos-out-of-this-world-model/sweeps/wy4vs8ws
wandb: 🚀 View run at https://wandb.ai/duncan-world-models/amos-out-of-this-world-model/runs/efk9su3u
2026-08-12 01:42:23,518 - wandb.wandb_agent - INFO - Running runs: ['efk9su3u']
/home/deddy/repos/outofthisworldmodel/.venv/lib/python3.13/site-packages/gymnasium/spaces/box.py:231: UserWarning: [33mWARN: Box low's precision lowered by casting to float32, current low.dtype=float64[0m
  gym.logger.warn(
/home/deddy/repos/outofthisworldmodel/.venv/lib/python3.13/site-packages/gymnasium/spaces/box.py:297: UserWarning: [33mWARN: Box high's precision lowered by casting to float32, current high.dtype=float64[0m
  gym.logger.warn(
/home/deddy/repos/outofthisworldmodel/.venv/lib/python3.13/site-packages/gymnasium/spaces/box.py:231: UserWarning: [33mWARN: Box low's precision lowered by casting to float32, current low.dtype=float64[0m
  gym.logger.warn(
/home/deddy/repos/outofthisworldmodel/.venv/lib/python3.13/site-packages/gymnasium/spaces/box.py:297: UserWarning: [33mWARN: Box high's precision lowered by casting to float32, current high.dtype=float64[0m
  gym.logger.warn(
/home/deddy/repos/outofthisworldmodel/.venv/lib/python3.13/site-packages/gymnasium/spaces/box.py:231: UserWarning: [33mWARN: Box low's precision lowered by casting to float32, current low.dtype=float64[0m
  gym.logger.warn(
/home/deddy/repos/outofthisworldmodel/.venv/lib/python3.13/site-packages/gymnasium/spaces/box.py:297: UserWarning: [33mWARN: Box high's precision lowered by casting to float32, current high.dtype=float64[0m
  gym.logger.warn(
/home/deddy/repos/outofthisworldmodel/.venv/lib/python3.13/site-packages/gymnasium/spaces/box.py:231: UserWarning: [33mWARN: Box low's precision lowered by casting to float32, current low.dtype=float64[0m
  gym.logger.warn(
/home/deddy/repos/outofthisworldmodel/.venv/lib/python3.13/site-packages/gymnasium/spaces/box.py:297: UserWarning: [33mWARN: Box high's precision lowered by casting to float32, current high.dtype=float64[0m
  gym.logger.warn(
/home/deddy/repos/outofthisworldmodel/.venv/lib/python3.13/site-packages/gymnasium/spaces/box.py:231: UserWarning: [33mWARN: Box low's precision lowered by casting to float32, current low.dtype=float64[0m
  gym.logger.warn(
/home/deddy/repos/outofthisworldmodel/.venv/lib/python3.13/site-packages/gymnasium/spaces/box.py:297: UserWarning: [33mWARN: Box high's precision lowered by casting to float32, current high.dtype=float64[0m
  gym.logger.warn(
/home/deddy/repos/outofthisworldmodel/.venv/lib/python3.13/site-packages/gymnasium/spaces/box.py:231: UserWarning: [33mWARN: Box low's precision lowered by casting to float32, current low.dtype=float64[0m
  gym.logger.warn(
/home/deddy/repos/outofthisworldmodel/.venv/lib/python3.13/site-packages/gymnasium/spaces/box.py:297: UserWarning: [33mWARN: Box high's precision lowered by casting to float32, current high.dtype=float64[0m
  gym.logger.warn(
/home/deddy/repos/outofthisworldmodel/.venv/lib/python3.13/site-packages/gymnasium/spaces/box.py:231: UserWarning: [33mWARN: Box low's precision lowered by casting to float32, current low.dtype=float64[0m
  gym.logger.warn(
/home/deddy/repos/outofthisworldmodel/.venv/lib/python3.13/site-packages/gymnasium/spaces/box.py:297: UserWarning: [33mWARN: Box high's precision lowered by casting to float32, current high.dtype=float64[0m
  gym.logger.warn(
/home/deddy/repos/outofthisworldmodel/.venv/lib/python3.13/site-packages/gymnasium/spaces/box.py:231: UserWarning: [33mWARN: Box low's precision lowered by casting to float32, current low.dtype=float64[0m
  gym.logger.warn(
/home/deddy/repos/outofthisworldmodel/.venv/lib/python3.13/site-packages/gymnasium/spaces/box.py:297: UserWarning: [33mWARN: Box high's precision lowered by casting to float32, current high.dtype=float64[0m
  gym.logger.warn(
/home/deddy/repos/outofthisworldmodel/.venv/lib/python3.13/site-packages/gymnasium/spaces/box.py:231: UserWarning: [33mWARN: Box low's precision lowered by casting to float32, current low.dtype=float64[0m
  gym.logger.warn(
/home/deddy/repos/outofthisworldmodel/.venv/lib/python3.13/site-packages/gymnasium/spaces/box.py:297: UserWarning: [33mWARN: Box high's precision lowered by casting to float32, current high.dtype=float64[0m
  gym.logger.warn(
/home/deddy/repos/outofthisworldmodel/.venv/lib/python3.13/site-packages/gymnasium/spaces/box.py:231: UserWarning: [33mWARN: Box low's precision lowered by casting to float32, current low.dtype=float64[0m
  gym.logger.warn(
/home/deddy/repos/outofthisworldmodel/.venv/lib/python3.13/site-packages/gymnasium/spaces/box.py:297: UserWarning: [33mWARN: Box high's precision lowered by casting to float32, current high.dtype=float64[0m
  gym.logger.warn(
/home/deddy/repos/outofthisworldmodel/.venv/lib/python3.13/site-packages/gymnasium/spaces/box.py:231: UserWarning: [33mWARN: Box low's precision lowered by casting to float32, current low.dtype=float64[0m
  gym.logger.warn(
/home/deddy/repos/outofthisworldmodel/.venv/lib/python3.13/site-packages/gymnasium/spaces/box.py:297: UserWarning: [33mWARN: Box high's precision lowered by casting to float32, current high.dtype=float64[0m
  gym.logger.warn(
/home/deddy/repos/outofthisworldmodel/.venv/lib/python3.13/site-packages/gymnasium/spaces/box.py:231: UserWarning: [33mWARN: Box low's precision lowered by casting to float32, current low.dtype=float64[0m
  gym.logger.warn(
/home/deddy/repos/outofthisworldmodel/.venv/lib/python3.13/site-packages/gymnasium/spaces/box.py:297: UserWarning: [33mWARN: Box high's precision lowered by casting to float32, current high.dtype=float64[0m
  gym.logger.warn(
/home/deddy/repos/outofthisworldmodel/.venv/lib/python3.13/site-packages/gymnasium/spaces/box.py:231: UserWarning: [33mWARN: Box low's precision lowered by casting to float32, current low.dtype=float64[0m
  gym.logger.warn(
/home/deddy/repos/outofthisworldmodel/.venv/lib/python3.13/site-packages/gymnasium/spaces/box.py:297: UserWarning: [33mWARN: Box high's precision lowered by casting to float32, current high.dtype=float64[0m
  gym.logger.warn(
/home/deddy/repos/outofthisworldmodel/.venv/lib/python3.13/site-packages/gymnasium/spaces/box.py:231: UserWarning: [33mWARN: Box low's precision lowered by casting to float32, current low.dtype=float64[0m
  gym.logger.warn(
/home/deddy/repos/outofthisworldmodel/.venv/lib/python3.13/site-packages/gymnasium/spaces/box.py:297: UserWarning: [33mWARN: Box high's precision lowered by casting to float32, current high.dtype=float64[0m
  gym.logger.warn(
/home/deddy/repos/outofthisworldmodel/.venv/lib/python3.13/site-packages/gymnasium/spaces/box.py:231: UserWarning: [33mWARN: Box low's precision lowered by casting to float32, current low.dtype=float64[0m
  gym.logger.warn(
/home/deddy/repos/outofthisworldmodel/.venv/lib/python3.13/site-packages/gymnasium/spaces/box.py:297: UserWarning: [33mWARN: Box high's precision lowered by casting to float32, current high.dtype=float64[0m
  gym.logger.warn(
/home/deddy/repos/outofthisworldmodel/.venv/lib/python3.13/site-packages/gymnasium/spaces/box.py:231: UserWarning: [33mWARN: Box low's precision lowered by casting to float32, current low.dtype=float64[0m
  gym.logger.warn(
/home/deddy/repos/outofthisworldmodel/.venv/lib/python3.13/site-packages/gymnasium/spaces/box.py:297: UserWarning: [33mWARN: Box high's precision lowered by casting to float32, current high.dtype=float64[0m
  gym.logger.warn(
/home/deddy/repos/outofthisworldmodel/.venv/lib/python3.13/site-packages/gymnasium/spaces/box.py:231: UserWarning: [33mWARN: Box low's precision lowered by casting to float32, current low.dtype=float64[0m
  gym.logger.warn(
/home/deddy/repos/outofthisworldmodel/.venv/lib/python3.13/site-packages/gymnasium/spaces/box.py:297: UserWarning: [33mWARN: Box high's precision lowered by casting to float32, current high.dtype=float64[0m
  gym.logger.warn(
/home/deddy/repos/outofthisworldmodel/.venv/lib/python3.13/site-packages/gymnasium/spaces/box.py:231: UserWarning: [33mWARN: Box low's precision lowered by casting to float32, current low.dtype=float64[0m
  gym.logger.warn(
/home/deddy/repos/outofthisworldmodel/.venv/lib/python3.13/site-packages/gymnasium/spaces/box.py:297: UserWarning: [33mWARN: Box high's precision lowered by casting to float32, current high.dtype=float64[0m
  gym.logger.warn(
/home/deddy/repos/outofthisworldmodel/.venv/lib/python3.13/site-packages/gymnasium/spaces/box.py:231: UserWarning: [33mWARN: Box low's precision lowered by casting to float32, current low.dtype=float64[0m
  gym.logger.warn(
/home/deddy/repos/outofthisworldmodel/.venv/lib/python3.13/site-packages/gymnasium/spaces/box.py:297: UserWarning: [33mWARN: Box high's precision lowered by casting to float32, current high.dtype=float64[0m
  gym.logger.warn(
/home/deddy/repos/outofthisworldmodel/.venv/lib/python3.13/site-packages/gymnasium/spaces/box.py:231: UserWarning: [33mWARN: Box low's precision lowered by casting to float32, current low.dtype=float64[0m
  gym.logger.warn(
/home/deddy/repos/outofthisworldmodel/.venv/lib/python3.13/site-packages/gymnasium/spaces/box.py:297: UserWarning: [33mWARN: Box high's precision lowered by casting to float32, current high.dtype=float64[0m
  gym.logger.warn(
wandb: uploading artifact og0z6ifs-model; updating run metadata
wandb: uploading artifact og0z6ifs-model
wandb: uploading media/images/val/attitude_triads_65_df8b9249e74ebd0394ba.png; uploading media/images/val/control_65_7e85e3677afbc57bf99a.png; uploading config.yaml; uploading media/images/val/traj_3d_65_017e5b63083dc80ce5af.png; uploading media/images/val/traj_3d_attitude_65_af4352b6f45f1abcbd4f.png (+ 4 more)
wandb: 
wandb: Run history:
wandb:    docking/collision_rate ▁▁▁▁▁▁▁▁▁▁▁▁▁▁▁▁▁▁▁▁▁▁▁▁▁▁▁▁▁▁▁▁▁▁▁▁▁▁▁▁
wandb:       docking/docked_rate ▁▁▁▁▁▁▁▁▁▁▁▁▁▁▁▁▁▁▁▁▁▁▁▁▁▁▁▁▁▁▁▁▁▁▁▁▁▁▁▁
wandb:    docking/ep_min_att_rad ▆▃▂▂▄▁▃▃▂▂▃▁▃▂▂▂▁▅█▃▂▄▂▂▃▂▃▃▄▂▂▅▃▂▄▃▄▄▄▂
wandb:      docking/ep_min_pos_m ▂▄▃▇▁▇▅▃▄▁▂▇▂▄▅▄▆▂▂▂▅▇▂▄▂▄█▂▆▇▅▅▇▆▃▄▄▃▃▃
wandb: docking/ep_min_rate_radps ▃▆▄▅▄▇█▆▆▅▆▇▆▇▄▇▇▁▄▇▂█▅▆▆▅▆▄▇▆▄▇█▅▇▆▅▇▄▇
wandb:    docking/ep_min_vel_mps ▃▁▂▇▆▆▄▅▇▇▅▄▇▇▇▆▅▇▄▆▄▆▇▅▆▄▆▇█▆▅▇▅▆▆▁█▁▆▇
wandb:          docking/episodes ▁▁▁▁▂▂▂▂▂▃▃▃▃▃▄▄▄▄▄▅▅▅▅▅▅▆▆▆▆▆▇▇▇▇▇▇████
wandb:      docking/escaped_rate ██▁▃▄▅▅▅▆▆▄▃▃▄▄▄▅▅▄▄▄▅▅▅▅▅▅▅▅▅▅▆▆▆▆▆▆▆▆▆
wandb:        docking/port_index ▃▅▆█▃█▁▅▁█▁█▆▃▆▅▅▅▁█▁▅▃▆▅▆▅▅▁▁▆▃▅█▅▆█▅▃▆
wandb:    docking/truncated_rate ▁█▇▆▅▄▃▃▅▆▆▅▅▅▅▅▄▄▅▅▅▅▄▄▄▄▄▄▄▄▃▃▃▃▃▃▃▃▃▃
wandb:                       +26 ...
wandb: 
wandb: Run summary:
wandb:    docking/collision_rate 0
wandb:       docking/docked_rate 0
wandb:    docking/ep_min_att_rad 0.19514
wandb:      docking/ep_min_pos_m 210.47373
wandb: docking/ep_min_rate_radps 0.00238
wandb:    docking/ep_min_vel_mps 0.00975
wandb:          docking/episodes 59
wandb:      docking/escaped_rate 0.91525
wandb:        docking/port_index 3
wandb:    docking/truncated_rate 0.08475
wandb:                       +26 ...
wandb: 
wandb: 🚀 View run vital-sweep-3 at: https://wandb.ai/duncan-world-models/amos-out-of-this-world-model/runs/og0z6ifs
wandb: ⭐️ View project at: https://wandb.ai/duncan-world-models/amos-out-of-this-world-model
wandb: Synced 5 W&B file(s), 15 media file(s), 3 artifact file(s) and 1 other file(s)
wandb: Find logs at: ./wandb/run-20260812_000643-og0z6ifs/logs
[val] step 100000: mean_return -13584.6, outcomes: truncated, escaped, escaped, escaped, escaped
[val] step 200000: mean_return -11863.7, outcomes: escaped, escaped, truncated, escaped, truncated
[sweep] trial exceeded 7200s at 281788 steps; ending training
[val] step 281788: mean_return -13786.6, outcomes: escaped, escaped, escaped, escaped, escaped
2026-08-12 02:12:44,426 - wandb.wandb_agent - INFO - Cleaning up finished run: og0z6ifs
2026-08-12 02:12:45,362 - wandb.wandb_agent - INFO - Agent received command: run
2026-08-12 02:12:45,362 - wandb.wandb_agent - INFO - Agent starting run with config:
	algo: sac
	batch_size: 1024
	buffer_size: 1000000
	gamma: 0.9995
	gradient_steps: 8
	learning_rate: 8.606880115092181e-05
	learning_starts: 10000
	seed: 0
	tau: 0.00531110027684847
	train_freq: 8
	trial_timesteps: 500000
2026-08-12 02:12:45,364 - wandb.wandb_agent - INFO - About to run command: /usr/bin/env uv run python -m owm.baselines.rl.sweep_trial
wandb: [wandb.login()] Loaded credentials for https://api.wandb.ai from WANDB_API_KEY.
wandb: Currently logged in as: duncaneddy (duncan-world-models) to https://api.wandb.ai. Use `wandb login --relogin` to force relogin
wandb: Tracking run with wandb version 0.28.1
wandb: Run data is saved locally in /home/deddy/repos/outofthisworldmodel/wandb/run-20260812_021248-uckysrlq
wandb: Run `wandb offline` to turn off syncing.
wandb: Syncing run brisk-sweep-6
wandb: ⭐️ View project at https://wandb.ai/duncan-world-models/amos-out-of-this-world-model
wandb: 🧹 View sweep at https://wandb.ai/duncan-world-models/amos-out-of-this-world-model/sweeps/bm88x06x
wandb: 🚀 View run at https://wandb.ai/duncan-world-models/amos-out-of-this-world-model/runs/uckysrlq
2026-08-12 02:12:50,391 - wandb.wandb_agent - INFO - Running runs: ['uckysrlq']
/home/deddy/repos/outofthisworldmodel/.venv/lib/python3.13/site-packages/gymnasium/spaces/box.py:231: UserWarning: [33mWARN: Box low's precision lowered by casting to float32, current low.dtype=float64[0m
  gym.logger.warn(
/home/deddy/repos/outofthisworldmodel/.venv/lib/python3.13/site-packages/gymnasium/spaces/box.py:297: UserWarning: [33mWARN: Box high's precision lowered by casting to float32, current high.dtype=float64[0m
  gym.logger.warn(
/home/deddy/repos/outofthisworldmodel/.venv/lib/python3.13/site-packages/gymnasium/spaces/box.py:231: UserWarning: [33mWARN: Box low's precision lowered by casting to float32, current low.dtype=float64[0m
  gym.logger.warn(
/home/deddy/repos/outofthisworldmodel/.venv/lib/python3.13/site-packages/gymnasium/spaces/box.py:297: UserWarning: [33mWARN: Box high's precision lowered by casting to float32, current high.dtype=float64[0m
  gym.logger.warn(
/home/deddy/repos/outofthisworldmodel/.venv/lib/python3.13/site-packages/gymnasium/spaces/box.py:231: UserWarning: [33mWARN: Box low's precision lowered by casting to float32, current low.dtype=float64[0m
  gym.logger.warn(
/home/deddy/repos/outofthisworldmodel/.venv/lib/python3.13/site-packages/gymnasium/spaces/box.py:297: UserWarning: [33mWARN: Box high's precision lowered by casting to float32, current high.dtype=float64[0m
  gym.logger.warn(
/home/deddy/repos/outofthisworldmodel/.venv/lib/python3.13/site-packages/gymnasium/spaces/box.py:231: UserWarning: [33mWARN: Box low's precision lowered by casting to float32, current low.dtype=float64[0m
  gym.logger.warn(
/home/deddy/repos/outofthisworldmodel/.venv/lib/python3.13/site-packages/gymnasium/spaces/box.py:297: UserWarning: [33mWARN: Box high's precision lowered by casting to float32, current high.dtype=float64[0m
  gym.logger.warn(
/home/deddy/repos/outofthisworldmodel/.venv/lib/python3.13/site-packages/gymnasium/spaces/box.py:231: UserWarning: [33mWARN: Box low's precision lowered by casting to float32, current low.dtype=float64[0m
  gym.logger.warn(
/home/deddy/repos/outofthisworldmodel/.venv/lib/python3.13/site-packages/gymnasium/spaces/box.py:297: UserWarning: [33mWARN: Box high's precision lowered by casting to float32, current high.dtype=float64[0m
  gym.logger.warn(
/home/deddy/repos/outofthisworldmodel/.venv/lib/python3.13/site-packages/gymnasium/spaces/box.py:231: UserWarning: [33mWARN: Box low's precision lowered by casting to float32, current low.dtype=float64[0m
  gym.logger.warn(
/home/deddy/repos/outofthisworldmodel/.venv/lib/python3.13/site-packages/gymnasium/spaces/box.py:297: UserWarning: [33mWARN: Box high's precision lowered by casting to float32, current high.dtype=float64[0m
  gym.logger.warn(
/home/deddy/repos/outofthisworldmodel/.venv/lib/python3.13/site-packages/gymnasium/spaces/box.py:231: UserWarning: [33mWARN: Box low's precision lowered by casting to float32, current low.dtype=float64[0m
  gym.logger.warn(
/home/deddy/repos/outofthisworldmodel/.venv/lib/python3.13/site-packages/gymnasium/spaces/box.py:297: UserWarning: [33mWARN: Box high's precision lowered by casting to float32, current high.dtype=float64[0m
  gym.logger.warn(
/home/deddy/repos/outofthisworldmodel/.venv/lib/python3.13/site-packages/gymnasium/spaces/box.py:231: UserWarning: [33mWARN: Box low's precision lowered by casting to float32, current low.dtype=float64[0m
  gym.logger.warn(
/home/deddy/repos/outofthisworldmodel/.venv/lib/python3.13/site-packages/gymnasium/spaces/box.py:297: UserWarning: [33mWARN: Box high's precision lowered by casting to float32, current high.dtype=float64[0m
  gym.logger.warn(
/home/deddy/repos/outofthisworldmodel/.venv/lib/python3.13/site-packages/gymnasium/spaces/box.py:231: UserWarning: [33mWARN: Box low's precision lowered by casting to float32, current low.dtype=float64[0m
  gym.logger.warn(
/home/deddy/repos/outofthisworldmodel/.venv/lib/python3.13/site-packages/gymnasium/spaces/box.py:297: UserWarning: [33mWARN: Box high's precision lowered by casting to float32, current high.dtype=float64[0m
  gym.logger.warn(
/home/deddy/repos/outofthisworldmodel/.venv/lib/python3.13/site-packages/gymnasium/spaces/box.py:231: UserWarning: [33mWARN: Box low's precision lowered by casting to float32, current low.dtype=float64[0m
  gym.logger.warn(
/home/deddy/repos/outofthisworldmodel/.venv/lib/python3.13/site-packages/gymnasium/spaces/box.py:297: UserWarning: [33mWARN: Box high's precision lowered by casting to float32, current high.dtype=float64[0m
  gym.logger.warn(
wandb: uploading artifact efk9su3u-model; updating run metadata
wandb: uploading media/images/val/reward_78_9be26c55d1a85206cda0.png; uploading wandb-summary.json; uploading config.yaml; uploading runs/sweeps/ppo/efk9su3u/tb/PPO_1/events.out.tfevents.1786498949.longbeach.419662.0; uploading media/images/val/traj_3d_78_689bfc56640a17e8d208.png (+ 4 more)
wandb: 
wandb: Run history:
wandb:    docking/collision_rate ▁▁▁▁▁▁▁▁▁▁██▇▇▆▆▆▅▅▅▄▄▄▄▄▄▄▄▄▃▃▃▃▃▃▃▃▃▃▃
wandb:       docking/docked_rate ▁▁▁▁▁▁▁▁▁▁▁▁▁▁▁▁▁▁▁▁▁▁▁▁▁▁▁▁▁▁▁▁▁▁▁▁▁▁▁▁
wandb:    docking/ep_min_att_rad ▂▅▂▁▃▃▄▅▅▃▂▄▂▃▃▅▄▄▄▁▆▅▂▇▄▅▄▅▂▃▅█▅▁▂▄▂▄▃▂
wandb:      docking/ep_min_pos_m ▆▆▅▇▅▂▄█▂▇▄▂▆▂▆▄▂▄▄▄▃▂▂▃▇▆▁▇▆▆▄▃▄▆▃▂▆▃▄▃
wandb: docking/ep_min_rate_radps ▆█▂▁▃▇▆▂▆▁▃▅▂▆▁▄█▄▄▇▅▄▃▅▇▇▅▅▇▅▃▄▄▅▅▆▃▇▇▄
wandb:    docking/ep_min_vel_mps █▆▂▅▆▆▂▅▅▆▄█▂▆▂▅▇▄▃▄▂▅▄▄▂▇▃▃▅▁▅▂▇▄▅▆▆▄▃▅
wandb:          docking/episodes ▁▁▁▁▁▂▂▂▂▂▃▃▃▃▃▄▄▄▄▄▅▅▅▅▅▅▆▆▆▆▆▇▇▇▇▇▇▇██
wandb:      docking/escaped_rate ▁▁▁▁▁▁▁▁▁▁▁▅██▇▆▆▆▅▅▅▅▅▄▄▆▅▅▆█▇▇▇███▇▇▇▇
wandb:        docking/port_index ▆▅█▅▆█▃▅█▃█▃▁▅▆▁█▅▆▆█▃▁▁▃▆█▅▅▁▅▅▆█▁▆▅█▃▆
wandb:    docking/truncated_rate ██████████▅▂▁▁▂▃▃▃▃▃▄▄▄▄▃▃▄▂▂▂▂▁▂▂▂▂▂▂▂▂
wandb:                       +30 ...
wandb: 
wandb: Run summary:
wandb:    docking/collision_rate 0.01493
wandb:       docking/docked_rate 0
wandb:    docking/ep_min_att_rad 0.18031
wandb:      docking/ep_min_pos_m 141.45947
wandb: docking/ep_min_rate_radps 0.00134
wandb:    docking/ep_min_vel_mps 0.00743
wandb:          docking/episodes 67
wandb:      docking/escaped_rate 0.08955
wandb:        docking/port_index 3
wandb:    docking/truncated_rate 0.89552
wandb:                       +30 ...
wandb: 
wandb: 🚀 View run wise-sweep-4 at: https://wandb.ai/duncan-world-models/amos-out-of-this-world-model/runs/efk9su3u
wandb: ⭐️ View project at: https://wandb.ai/duncan-world-models/amos-out-of-this-world-model
wandb: Synced 5 W&B file(s), 30 media file(s), 3 artifact file(s) and 1 other file(s)
wandb: Find logs at: ./wandb/run-20260812_014221-efk9su3u/logs
[val] step 100000: mean_return -7225.3, outcomes: truncated, truncated, truncated, truncated, truncated
[val] step 200000: mean_return -7230.2, outcomes: truncated, truncated, truncated, truncated, truncated
[val] step 300000: mean_return -7458.1, outcomes: truncated, truncated, truncated, truncated, truncated
[val] step 400000: mean_return -11666.6, outcomes: truncated, truncated, escaped, escaped, truncated
[val] step 500000: mean_return -9961.8, outcomes: truncated, truncated, escaped, truncated, truncated
[val] step 507904: mean_return -211168.0, outcomes: truncated, truncated, escaped, escaped, collision
2026-08-12 02:32:18,374 - wandb.wandb_agent - INFO - Cleaning up finished run: efk9su3u
2026-08-12 02:32:19,066 - wandb.wandb_agent - INFO - Agent received command: run
2026-08-12 02:32:19,067 - wandb.wandb_agent - INFO - Agent starting run with config:
	algo: ppo
	batch_size: 512
	clip_range: 0.3
	ent_coef: 5.414296997300672e-07
	gae_lambda: 0.927189027619178
	gamma: 0.995
	learning_rate: 1.8463955855830243e-05
	n_epochs: 10
	n_steps: 1024
	seed: 0
	trial_timesteps: 500000
2026-08-12 02:32:19,069 - wandb.wandb_agent - INFO - About to run command: /usr/bin/env uv run python -m owm.baselines.rl.sweep_trial
wandb: [wandb.login()] Loaded credentials for https://api.wandb.ai from WANDB_API_KEY.
wandb: Currently logged in as: duncaneddy (duncan-world-models) to https://api.wandb.ai. Use `wandb login --relogin` to force relogin
wandb: Tracking run with wandb version 0.28.1
wandb: Run data is saved locally in /home/deddy/repos/outofthisworldmodel/wandb/run-20260812_023222-covxsxmm
wandb: Run `wandb offline` to turn off syncing.
wandb: Syncing run fearless-sweep-5
wandb: ⭐️ View project at https://wandb.ai/duncan-world-models/amos-out-of-this-world-model
wandb: 🧹 View sweep at https://wandb.ai/duncan-world-models/amos-out-of-this-world-model/sweeps/wy4vs8ws
wandb: 🚀 View run at https://wandb.ai/duncan-world-models/amos-out-of-this-world-model/runs/covxsxmm
2026-08-12 02:32:24,096 - wandb.wandb_agent - INFO - Running runs: ['covxsxmm']
/home/deddy/repos/outofthisworldmodel/.venv/lib/python3.13/site-packages/gymnasium/spaces/box.py:231: UserWarning: [33mWARN: Box low's precision lowered by casting to float32, current low.dtype=float64[0m
  gym.logger.warn(
/home/deddy/repos/outofthisworldmodel/.venv/lib/python3.13/site-packages/gymnasium/spaces/box.py:297: UserWarning: [33mWARN: Box high's precision lowered by casting to float32, current high.dtype=float64[0m
  gym.logger.warn(
/home/deddy/repos/outofthisworldmodel/.venv/lib/python3.13/site-packages/gymnasium/spaces/box.py:231: UserWarning: [33mWARN: Box low's precision lowered by casting to float32, current low.dtype=float64[0m
  gym.logger.warn(
/home/deddy/repos/outofthisworldmodel/.venv/lib/python3.13/site-packages/gymnasium/spaces/box.py:297: UserWarning: [33mWARN: Box high's precision lowered by casting to float32, current high.dtype=float64[0m
  gym.logger.warn(
/home/deddy/repos/outofthisworldmodel/.venv/lib/python3.13/site-packages/gymnasium/spaces/box.py:231: UserWarning: [33mWARN: Box low's precision lowered by casting to float32, current low.dtype=float64[0m
  gym.logger.warn(
/home/deddy/repos/outofthisworldmodel/.venv/lib/python3.13/site-packages/gymnasium/spaces/box.py:297: UserWarning: [33mWARN: Box high's precision lowered by casting to float32, current high.dtype=float64[0m
  gym.logger.warn(
/home/deddy/repos/outofthisworldmodel/.venv/lib/python3.13/site-packages/gymnasium/spaces/box.py:231: UserWarning: [33mWARN: Box low's precision lowered by casting to float32, current low.dtype=float64[0m
  gym.logger.warn(
/home/deddy/repos/outofthisworldmodel/.venv/lib/python3.13/site-packages/gymnasium/spaces/box.py:297: UserWarning: [33mWARN: Box high's precision lowered by casting to float32, current high.dtype=float64[0m
  gym.logger.warn(
/home/deddy/repos/outofthisworldmodel/.venv/lib/python3.13/site-packages/gymnasium/spaces/box.py:231: UserWarning: [33mWARN: Box low's precision lowered by casting to float32, current low.dtype=float64[0m
  gym.logger.warn(
/home/deddy/repos/outofthisworldmodel/.venv/lib/python3.13/site-packages/gymnasium/spaces/box.py:297: UserWarning: [33mWARN: Box high's precision lowered by casting to float32, current high.dtype=float64[0m
  gym.logger.warn(
/home/deddy/repos/outofthisworldmodel/.venv/lib/python3.13/site-packages/gymnasium/spaces/box.py:231: UserWarning: [33mWARN: Box low's precision lowered by casting to float32, current low.dtype=float64[0m
  gym.logger.warn(
/home/deddy/repos/outofthisworldmodel/.venv/lib/python3.13/site-packages/gymnasium/spaces/box.py:297: UserWarning: [33mWARN: Box high's precision lowered by casting to float32, current high.dtype=float64[0m
  gym.logger.warn(
/home/deddy/repos/outofthisworldmodel/.venv/lib/python3.13/site-packages/gymnasium/spaces/box.py:231: UserWarning: [33mWARN: Box low's precision lowered by casting to float32, current low.dtype=float64[0m
  gym.logger.warn(
/home/deddy/repos/outofthisworldmodel/.venv/lib/python3.13/site-packages/gymnasium/spaces/box.py:297: UserWarning: [33mWARN: Box high's precision lowered by casting to float32, current high.dtype=float64[0m
  gym.logger.warn(
/home/deddy/repos/outofthisworldmodel/.venv/lib/python3.13/site-packages/gymnasium/spaces/box.py:231: UserWarning: [33mWARN: Box low's precision lowered by casting to float32, current low.dtype=float64[0m
  gym.logger.warn(
/home/deddy/repos/outofthisworldmodel/.venv/lib/python3.13/site-packages/gymnasium/spaces/box.py:297: UserWarning: [33mWARN: Box high's precision lowered by casting to float32, current high.dtype=float64[0m
  gym.logger.warn(
/home/deddy/repos/outofthisworldmodel/.venv/lib/python3.13/site-packages/gymnasium/spaces/box.py:231: UserWarning: [33mWARN: Box low's precision lowered by casting to float32, current low.dtype=float64[0m
  gym.logger.warn(
/home/deddy/repos/outofthisworldmodel/.venv/lib/python3.13/site-packages/gymnasium/spaces/box.py:297: UserWarning: [33mWARN: Box high's precision lowered by casting to float32, current high.dtype=float64[0m
  gym.logger.warn(
/home/deddy/repos/outofthisworldmodel/.venv/lib/python3.13/site-packages/gymnasium/spaces/box.py:231: UserWarning: [33mWARN: Box low's precision lowered by casting to float32, current low.dtype=float64[0m
  gym.logger.warn(
/home/deddy/repos/outofthisworldmodel/.venv/lib/python3.13/site-packages/gymnasium/spaces/box.py:297: UserWarning: [33mWARN: Box high's precision lowered by casting to float32, current high.dtype=float64[0m
  gym.logger.warn(
/home/deddy/repos/outofthisworldmodel/.venv/lib/python3.13/site-packages/gymnasium/spaces/box.py:231: UserWarning: [33mWARN: Box low's precision lowered by casting to float32, current low.dtype=float64[0m
  gym.logger.warn(
/home/deddy/repos/outofthisworldmodel/.venv/lib/python3.13/site-packages/gymnasium/spaces/box.py:297: UserWarning: [33mWARN: Box high's precision lowered by casting to float32, current high.dtype=float64[0m
  gym.logger.warn(
/home/deddy/repos/outofthisworldmodel/.venv/lib/python3.13/site-packages/gymnasium/spaces/box.py:231: UserWarning: [33mWARN: Box low's precision lowered by casting to float32, current low.dtype=float64[0m
  gym.logger.warn(
/home/deddy/repos/outofthisworldmodel/.venv/lib/python3.13/site-packages/gymnasium/spaces/box.py:297: UserWarning: [33mWARN: Box high's precision lowered by casting to float32, current high.dtype=float64[0m
  gym.logger.warn(
/home/deddy/repos/outofthisworldmodel/.venv/lib/python3.13/site-packages/gymnasium/spaces/box.py:231: UserWarning: [33mWARN: Box low's precision lowered by casting to float32, current low.dtype=float64[0m
  gym.logger.warn(
/home/deddy/repos/outofthisworldmodel/.venv/lib/python3.13/site-packages/gymnasium/spaces/box.py:297: UserWarning: [33mWARN: Box high's precision lowered by casting to float32, current high.dtype=float64[0m
  gym.logger.warn(
/home/deddy/repos/outofthisworldmodel/.venv/lib/python3.13/site-packages/gymnasium/spaces/box.py:231: UserWarning: [33mWARN: Box low's precision lowered by casting to float32, current low.dtype=float64[0m
  gym.logger.warn(
/home/deddy/repos/outofthisworldmodel/.venv/lib/python3.13/site-packages/gymnasium/spaces/box.py:297: UserWarning: [33mWARN: Box high's precision lowered by casting to float32, current high.dtype=float64[0m
  gym.logger.warn(
2026-08-12 02:53:00,824 - wandb.wandb_agent - INFO - Agent received command: stop
2026-08-12 02:53:00,824 - wandb.wandb_agent - INFO - Stop: uckysrlq
2026-08-12 02:53:05,850 - wandb.wandb_agent - INFO - Cleaning up finished run: uckysrlq
2026-08-12 02:53:06,964 - wandb.wandb_agent - INFO - Agent received command: run
2026-08-12 02:53:06,964 - wandb.wandb_agent - INFO - Agent starting run with config:
	algo: sac
	batch_size: 512
	buffer_size: 1000000
	gamma: 0.999
	gradient_steps: 8
	learning_rate: 0.00011981704392390894
	learning_starts: 5000
	seed: 0
	tau: 0.00679556895707368
	train_freq: 8
	trial_timesteps: 500000
2026-08-12 02:53:06,966 - wandb.wandb_agent - INFO - About to run command: /usr/bin/env uv run python -m owm.baselines.rl.sweep_trial
wandb: [wandb.login()] Loaded credentials for https://api.wandb.ai from WANDB_API_KEY.
wandb: Currently logged in as: duncaneddy (duncan-world-models) to https://api.wandb.ai. Use `wandb login --relogin` to force relogin
wandb: Tracking run with wandb version 0.28.1
wandb: Run data is saved locally in /home/deddy/repos/outofthisworldmodel/wandb/run-20260812_025310-dsceooy3
wandb: Run `wandb offline` to turn off syncing.
wandb: Syncing run solar-sweep-7
wandb: ⭐️ View project at https://wandb.ai/duncan-world-models/amos-out-of-this-world-model
wandb: 🧹 View sweep at https://wandb.ai/duncan-world-models/amos-out-of-this-world-model/sweeps/bm88x06x
wandb: 🚀 View run at https://wandb.ai/duncan-world-models/amos-out-of-this-world-model/runs/dsceooy3
2026-08-12 02:53:11,993 - wandb.wandb_agent - INFO - Running runs: ['dsceooy3']
/home/deddy/repos/outofthisworldmodel/.venv/lib/python3.13/site-packages/gymnasium/spaces/box.py:231: UserWarning: [33mWARN: Box low's precision lowered by casting to float32, current low.dtype=float64[0m
  gym.logger.warn(
/home/deddy/repos/outofthisworldmodel/.venv/lib/python3.13/site-packages/gymnasium/spaces/box.py:297: UserWarning: [33mWARN: Box high's precision lowered by casting to float32, current high.dtype=float64[0m
  gym.logger.warn(
/home/deddy/repos/outofthisworldmodel/.venv/lib/python3.13/site-packages/gymnasium/spaces/box.py:231: UserWarning: [33mWARN: Box low's precision lowered by casting to float32, current low.dtype=float64[0m
  gym.logger.warn(
/home/deddy/repos/outofthisworldmodel/.venv/lib/python3.13/site-packages/gymnasium/spaces/box.py:297: UserWarning: [33mWARN: Box high's precision lowered by casting to float32, current high.dtype=float64[0m
  gym.logger.warn(
/home/deddy/repos/outofthisworldmodel/.venv/lib/python3.13/site-packages/gymnasium/spaces/box.py:231: UserWarning: [33mWARN: Box low's precision lowered by casting to float32, current low.dtype=float64[0m
  gym.logger.warn(
/home/deddy/repos/outofthisworldmodel/.venv/lib/python3.13/site-packages/gymnasium/spaces/box.py:297: UserWarning: [33mWARN: Box high's precision lowered by casting to float32, current high.dtype=float64[0m
  gym.logger.warn(
/home/deddy/repos/outofthisworldmodel/.venv/lib/python3.13/site-packages/gymnasium/spaces/box.py:231: UserWarning: [33mWARN: Box low's precision lowered by casting to float32, current low.dtype=float64[0m
  gym.logger.warn(
/home/deddy/repos/outofthisworldmodel/.venv/lib/python3.13/site-packages/gymnasium/spaces/box.py:297: UserWarning: [33mWARN: Box high's precision lowered by casting to float32, current high.dtype=float64[0m
  gym.logger.warn(
/home/deddy/repos/outofthisworldmodel/.venv/lib/python3.13/site-packages/gymnasium/spaces/box.py:231: UserWarning: [33mWARN: Box low's precision lowered by casting to float32, current low.dtype=float64[0m
  gym.logger.warn(
/home/deddy/repos/outofthisworldmodel/.venv/lib/python3.13/site-packages/gymnasium/spaces/box.py:297: UserWarning: [33mWARN: Box high's precision lowered by casting to float32, current high.dtype=float64[0m
  gym.logger.warn(
/home/deddy/repos/outofthisworldmodel/.venv/lib/python3.13/site-packages/gymnasium/spaces/box.py:231: UserWarning: [33mWARN: Box low's precision lowered by casting to float32, current low.dtype=float64[0m
  gym.logger.warn(
/home/deddy/repos/outofthisworldmodel/.venv/lib/python3.13/site-packages/gymnasium/spaces/box.py:297: UserWarning: [33mWARN: Box high's precision lowered by casting to float32, current high.dtype=float64[0m
  gym.logger.warn(
/home/deddy/repos/outofthisworldmodel/.venv/lib/python3.13/site-packages/gymnasium/spaces/box.py:231: UserWarning: [33mWARN: Box low's precision lowered by casting to float32, current low.dtype=float64[0m
  gym.logger.warn(
/home/deddy/repos/outofthisworldmodel/.venv/lib/python3.13/site-packages/gymnasium/spaces/box.py:297: UserWarning: [33mWARN: Box high's precision lowered by casting to float32, current high.dtype=float64[0m
  gym.logger.warn(
/home/deddy/repos/outofthisworldmodel/.venv/lib/python3.13/site-packages/gymnasium/spaces/box.py:231: UserWarning: [33mWARN: Box low's precision lowered by casting to float32, current low.dtype=float64[0m
  gym.logger.warn(
/home/deddy/repos/outofthisworldmodel/.venv/lib/python3.13/site-packages/gymnasium/spaces/box.py:297: UserWarning: [33mWARN: Box high's precision lowered by casting to float32, current high.dtype=float64[0m
  gym.logger.warn(
/home/deddy/repos/outofthisworldmodel/.venv/lib/python3.13/site-packages/gymnasium/spaces/box.py:231: UserWarning: [33mWARN: Box low's precision lowered by casting to float32, current low.dtype=float64[0m
  gym.logger.warn(
/home/deddy/repos/outofthisworldmodel/.venv/lib/python3.13/site-packages/gymnasium/spaces/box.py:297: UserWarning: [33mWARN: Box high's precision lowered by casting to float32, current high.dtype=float64[0m
  gym.logger.warn(
/home/deddy/repos/outofthisworldmodel/.venv/lib/python3.13/site-packages/gymnasium/spaces/box.py:231: UserWarning: [33mWARN: Box low's precision lowered by casting to float32, current low.dtype=float64[0m
  gym.logger.warn(
/home/deddy/repos/outofthisworldmodel/.venv/lib/python3.13/site-packages/gymnasium/spaces/box.py:297: UserWarning: [33mWARN: Box high's precision lowered by casting to float32, current high.dtype=float64[0m
  gym.logger.warn(
wandb: uploading artifact covxsxmm-model; updating run metadata
wandb: uploading media/images/val/traj_3d_78_8dc43bcc8cdfb782ac9a.png; uploading media/images/val/traj_3d_attitude_78_bb826d490d73f0c7018e.png; uploading media/images/val/attitude_triads_78_f890e801b62f0c43115e.png; uploading media/images/val/control_78_338201c606e6ea49a7a0.png; uploading wandb-summary.json (+ 4 more)
wandb: 
wandb: Run history:
wandb:    docking/collision_rate ▁▁▁▁▁▁▁▁▁▁▁▁▁▁▁▁▁▁▁▁▁▁▁▁▁▁▁▁▁▁▁▁▁▁▁▁▁▁▁▁
wandb:       docking/docked_rate ▁▁▁▁▁▁▁▁▁▁▁▁▁▁▁▁▁▁▁▁▁▁▁▁▁▁▁▁▁▁▁▁▁▁▁▁▁▁▁▁
wandb:    docking/ep_min_att_rad ▃▄▁▁▄▅▆▆▂▆█▆▅▁▄▂▆▄▃▇▄▄▁▁▄▃▂▅▆█▇▂▄▄▂▁▆▇▁▃
wandb:      docking/ep_min_pos_m ▃▆▅▇▅▂▃▆▅▅▇▆▄▄▅▄▄▆▂▃▃▆▅▆▅▄█▂██▆▄▄▅▆█▁▃▄▂
wandb: docking/ep_min_rate_radps ▅█▂▃▁▆▆▆▁▄▂▁▃▄▂▆▂▄▄▆▆▅▇▄▅▄▇▇▁▂▄▅▄▄█▂▇█▆▅
wandb:    docking/ep_min_vel_mps ▂█▃▆▂▅▂▆▂▃▅▅██▄▁▅▁▄▁▄▇▂▅▃▁▃▇▃▂▃▄▂▇▂▄▆▂▅▄
wandb:          docking/episodes ▁▁▁▁▁▂▂▂▂▂▃▃▃▃▃▄▄▄▄▄▅▅▅▅▅▅▅▅▆▆▆▇▇▇▇▇▇███
wandb:      docking/escaped_rate ▁▁▁▁▁▁▁▁▁▁▁▁▁▁▁▁▁▁▁▁▁▁▁▁▁▁▁▁▁▁▅▅▅▅▅████▇
wandb:        docking/port_index ▆▅▃▁█▃█▃▃▅▃█▁▁██▅█▁▃█▃▆▁██▅▃▃█▅█▆▁▁▁▁▁▃▁
wandb:    docking/truncated_rate ██████████████████████████████▅▅▅▅▄▃▃▃▃▁
wandb:                       +30 ...
wandb: 
wandb: Run summary:
wandb:    docking/collision_rate 0
wandb:       docking/docked_rate 0
wandb:    docking/ep_min_att_rad 1.05872
wandb:      docking/ep_min_pos_m 317.34631
wandb: docking/ep_min_rate_radps 0.00157
wandb:    docking/ep_min_vel_mps 0.00651
wandb:          docking/episodes 67
wandb:      docking/escaped_rate 0.08955
wandb:        docking/port_index 2
wandb:    docking/truncated_rate 0.91045
wandb:                       +30 ...
wandb: 
wandb: 🚀 View run fearless-sweep-5 at: https://wandb.ai/duncan-world-models/amos-out-of-this-world-model/runs/covxsxmm
wandb: ⭐️ View project at: https://wandb.ai/duncan-world-models/amos-out-of-this-world-model
wandb: Synced 5 W&B file(s), 30 media file(s), 3 artifact file(s) and 1 other file(s)
wandb: Find logs at: ./wandb/run-20260812_023222-covxsxmm/logs
[val] step 100000: mean_return -7991.5, outcomes: escaped, truncated, truncated, truncated, truncated
[val] step 200000: mean_return -10276.7, outcomes: escaped, truncated, truncated, truncated, escaped
[val] step 300000: mean_return -210314.1, outcomes: escaped, escaped, truncated, collision, truncated
[val] step 400000: mean_return -11094.7, outcomes: escaped, escaped, truncated, truncated, truncated
[val] step 500000: mean_return -11121.8, outcomes: truncated, escaped, truncated, truncated, escaped
[val] step 507904: mean_return -11038.4, outcomes: truncated, escaped, truncated, truncated, escaped
2026-08-12 03:22:21,082 - wandb.wandb_agent - INFO - Cleaning up finished run: covxsxmm
2026-08-12 03:22:21,804 - wandb.wandb_agent - INFO - Agent received command: run
2026-08-12 03:22:21,804 - wandb.wandb_agent - INFO - Agent starting run with config:
	algo: ppo
	batch_size: 1024
	clip_range: 0.3
	ent_coef: 1.084808514670532e-05
	gae_lambda: 0.9008449522841802
	gamma: 0.995
	learning_rate: 2.796774329933114e-05
	n_epochs: 10
	n_steps: 2048
	seed: 0
	trial_timesteps: 500000
2026-08-12 03:22:21,806 - wandb.wandb_agent - INFO - About to run command: /usr/bin/env uv run python -m owm.baselines.rl.sweep_trial
wandb: [wandb.login()] Loaded credentials for https://api.wandb.ai from WANDB_API_KEY.
wandb: Currently logged in as: duncaneddy (duncan-world-models) to https://api.wandb.ai. Use `wandb login --relogin` to force relogin
wandb: Tracking run with wandb version 0.28.1
wandb: Run data is saved locally in /home/deddy/repos/outofthisworldmodel/wandb/run-20260812_032225-o5xxe0im
wandb: Run `wandb offline` to turn off syncing.
wandb: Syncing run lively-sweep-6
wandb: ⭐️ View project at https://wandb.ai/duncan-world-models/amos-out-of-this-world-model
wandb: 🧹 View sweep at https://wandb.ai/duncan-world-models/amos-out-of-this-world-model/sweeps/wy4vs8ws
wandb: 🚀 View run at https://wandb.ai/duncan-world-models/amos-out-of-this-world-model/runs/o5xxe0im
2026-08-12 03:22:26,833 - wandb.wandb_agent - INFO - Running runs: ['o5xxe0im']
/home/deddy/repos/outofthisworldmodel/.venv/lib/python3.13/site-packages/gymnasium/spaces/box.py:231: UserWarning: [33mWARN: Box low's precision lowered by casting to float32, current low.dtype=float64[0m
  gym.logger.warn(
/home/deddy/repos/outofthisworldmodel/.venv/lib/python3.13/site-packages/gymnasium/spaces/box.py:297: UserWarning: [33mWARN: Box high's precision lowered by casting to float32, current high.dtype=float64[0m
  gym.logger.warn(
/home/deddy/repos/outofthisworldmodel/.venv/lib/python3.13/site-packages/gymnasium/spaces/box.py:231: UserWarning: [33mWARN: Box low's precision lowered by casting to float32, current low.dtype=float64[0m
  gym.logger.warn(
/home/deddy/repos/outofthisworldmodel/.venv/lib/python3.13/site-packages/gymnasium/spaces/box.py:297: UserWarning: [33mWARN: Box high's precision lowered by casting to float32, current high.dtype=float64[0m
  gym.logger.warn(
/home/deddy/repos/outofthisworldmodel/.venv/lib/python3.13/site-packages/gymnasium/spaces/box.py:231: UserWarning: [33mWARN: Box low's precision lowered by casting to float32, current low.dtype=float64[0m
  gym.logger.warn(
/home/deddy/repos/outofthisworldmodel/.venv/lib/python3.13/site-packages/gymnasium/spaces/box.py:297: UserWarning: [33mWARN: Box high's precision lowered by casting to float32, current high.dtype=float64[0m
  gym.logger.warn(
/home/deddy/repos/outofthisworldmodel/.venv/lib/python3.13/site-packages/gymnasium/spaces/box.py:231: UserWarning: [33mWARN: Box low's precision lowered by casting to float32, current low.dtype=float64[0m
  gym.logger.warn(
/home/deddy/repos/outofthisworldmodel/.venv/lib/python3.13/site-packages/gymnasium/spaces/box.py:297: UserWarning: [33mWARN: Box high's precision lowered by casting to float32, current high.dtype=float64[0m
  gym.logger.warn(
/home/deddy/repos/outofthisworldmodel/.venv/lib/python3.13/site-packages/gymnasium/spaces/box.py:231: UserWarning: [33mWARN: Box low's precision lowered by casting to float32, current low.dtype=float64[0m
  gym.logger.warn(
/home/deddy/repos/outofthisworldmodel/.venv/lib/python3.13/site-packages/gymnasium/spaces/box.py:297: UserWarning: [33mWARN: Box high's precision lowered by casting to float32, current high.dtype=float64[0m
  gym.logger.warn(
/home/deddy/repos/outofthisworldmodel/.venv/lib/python3.13/site-packages/gymnasium/spaces/box.py:231: UserWarning: [33mWARN: Box low's precision lowered by casting to float32, current low.dtype=float64[0m
  gym.logger.warn(
/home/deddy/repos/outofthisworldmodel/.venv/lib/python3.13/site-packages/gymnasium/spaces/box.py:297: UserWarning: [33mWARN: Box high's precision lowered by casting to float32, current high.dtype=float64[0m
  gym.logger.warn(
/home/deddy/repos/outofthisworldmodel/.venv/lib/python3.13/site-packages/gymnasium/spaces/box.py:231: UserWarning: [33mWARN: Box low's precision lowered by casting to float32, current low.dtype=float64[0m
  gym.logger.warn(
/home/deddy/repos/outofthisworldmodel/.venv/lib/python3.13/site-packages/gymnasium/spaces/box.py:297: UserWarning: [33mWARN: Box high's precision lowered by casting to float32, current high.dtype=float64[0m
  gym.logger.warn(
/home/deddy/repos/outofthisworldmodel/.venv/lib/python3.13/site-packages/gymnasium/spaces/box.py:231: UserWarning: [33mWARN: Box low's precision lowered by casting to float32, current low.dtype=float64[0m
  gym.logger.warn(
/home/deddy/repos/outofthisworldmodel/.venv/lib/python3.13/site-packages/gymnasium/spaces/box.py:297: UserWarning: [33mWARN: Box high's precision lowered by casting to float32, current high.dtype=float64[0m
  gym.logger.warn(
/home/deddy/repos/outofthisworldmodel/.venv/lib/python3.13/site-packages/gymnasium/spaces/box.py:231: UserWarning: [33mWARN: Box low's precision lowered by casting to float32, current low.dtype=float64[0m
  gym.logger.warn(
/home/deddy/repos/outofthisworldmodel/.venv/lib/python3.13/site-packages/gymnasium/spaces/box.py:297: UserWarning: [33mWARN: Box high's precision lowered by casting to float32, current high.dtype=float64[0m
  gym.logger.warn(
/home/deddy/repos/outofthisworldmodel/.venv/lib/python3.13/site-packages/gymnasium/spaces/box.py:231: UserWarning: [33mWARN: Box low's precision lowered by casting to float32, current low.dtype=float64[0m
  gym.logger.warn(
/home/deddy/repos/outofthisworldmodel/.venv/lib/python3.13/site-packages/gymnasium/spaces/box.py:297: UserWarning: [33mWARN: Box high's precision lowered by casting to float32, current high.dtype=float64[0m
  gym.logger.warn(
/home/deddy/repos/outofthisworldmodel/.venv/lib/python3.13/site-packages/gymnasium/spaces/box.py:231: UserWarning: [33mWARN: Box low's precision lowered by casting to float32, current low.dtype=float64[0m
  gym.logger.warn(
/home/deddy/repos/outofthisworldmodel/.venv/lib/python3.13/site-packages/gymnasium/spaces/box.py:297: UserWarning: [33mWARN: Box high's precision lowered by casting to float32, current high.dtype=float64[0m
  gym.logger.warn(
/home/deddy/repos/outofthisworldmodel/.venv/lib/python3.13/site-packages/gymnasium/spaces/box.py:231: UserWarning: [33mWARN: Box low's precision lowered by casting to float32, current low.dtype=float64[0m
  gym.logger.warn(
/home/deddy/repos/outofthisworldmodel/.venv/lib/python3.13/site-packages/gymnasium/spaces/box.py:297: UserWarning: [33mWARN: Box high's precision lowered by casting to float32, current high.dtype=float64[0m
  gym.logger.warn(
/home/deddy/repos/outofthisworldmodel/.venv/lib/python3.13/site-packages/gymnasium/spaces/box.py:231: UserWarning: [33mWARN: Box low's precision lowered by casting to float32, current low.dtype=float64[0m
  gym.logger.warn(
/home/deddy/repos/outofthisworldmodel/.venv/lib/python3.13/site-packages/gymnasium/spaces/box.py:297: UserWarning: [33mWARN: Box high's precision lowered by casting to float32, current high.dtype=float64[0m
  gym.logger.warn(
/home/deddy/repos/outofthisworldmodel/.venv/lib/python3.13/site-packages/gymnasium/spaces/box.py:231: UserWarning: [33mWARN: Box low's precision lowered by casting to float32, current low.dtype=float64[0m
  gym.logger.warn(
/home/deddy/repos/outofthisworldmodel/.venv/lib/python3.13/site-packages/gymnasium/spaces/box.py:297: UserWarning: [33mWARN: Box high's precision lowered by casting to float32, current high.dtype=float64[0m
  gym.logger.warn(
wandb: uploading artifact llocca5i-model; updating run metadata
wandb: uploading artifact llocca5i-model
wandb: uploading media/images/val/attitude_triads_70_56df3306042192be8729.png; uploading media/images/val/control_70_fb41666cd1547923fa5c.png; uploading wandb-summary.json; uploading config.yaml; uploading runs/sweeps/sac/llocca5i/tb/SAC_1/events.out.tfevents.1786497548.longbeach.413156.0 (+ 1 more)
wandb: 
wandb: Run history:
wandb:    docking/collision_rate ▁▁▁▁▁▁▁▁▁▁▁▁██▇▇▆▆▆▆▆▅▅▅▅▅▅▄▄▄▄▄▄▆▆▆▆▆▅▅
wandb:       docking/docked_rate ▁▁▁▁▁▁▁▁▁▁▁▁▁▁▁▁▁▁▁▁▁▁▁▁▁▁▁▁▁▁▁▁▁▁▁▁▁▁▁▁
wandb:    docking/ep_min_att_rad ▂▆▃▄▂▁▆▄▄▂▃▂▄▄▆▃▄▃▄▁▄▄▄▄▂▂▂▂▅▂▂▁▆▃▂▄▂▃▅█
wandb:      docking/ep_min_pos_m ▆█▃▃▂▅▆▆▂▅▃▃▂▃▇▃▂▁▆▂▃▂▂▂▅▆▅▄▅▃▆▃▃▄▃▂▆▄▃▃
wandb: docking/ep_min_rate_radps ▇▇▄▄▃▃▃▅▅▂▃█▇▄▇▁▃▇█▃▂▇▄▆▅▁▇▅▆▂▅▆▅▁▇▃▃▄▆█
wandb:    docking/ep_min_vel_mps ▃▂▄▅▄▅▆▃█▄█▅▂▇▃▂▇▄▆▆▆▂▄▂▅▂▆▅▅▄▁▄▃▃▃▆▂▆▁▃
wandb:          docking/episodes ▁▁▁▁▂▂▂▂▂▃▃▃▃▃▄▄▄▄▄▄▅▅▅▅▅▆▆▆▆▆▆▇▇▇▇▇▇▇██
wandb:      docking/escaped_rate ▁▁▁▄▃▃▄▄▃▄▆▆▆▇▆▇█▇██▇▇█▇▇▇▇█▇█████▇█████
wandb:        docking/port_index ▆▅▃▁▃▃█▁█▁▆▁▃█▅█▅▁▆█▃▆▅▆▅█▁█▃▁▅▁▅▆█▃▁▅▃▆
wandb:    docking/truncated_rate ██▅▆▆▅▆▆▅▄▄▂▂▂▂▁▁▁▁▁▂▁▂▁▂▂▁▂▂▂▁▁▁▁▁▁▁▁▁▁
wandb:                       +26 ...
wandb: 
wandb: Run summary:
wandb:    docking/collision_rate 0.03333
wandb:       docking/docked_rate 0
wandb:    docking/ep_min_att_rad 2.52367
wandb:      docking/ep_min_pos_m 147.82407
wandb: docking/ep_min_rate_radps 0.00216
wandb:    docking/ep_min_vel_mps 0.00977
wandb:          docking/episodes 60
wandb:      docking/escaped_rate 0.5
wandb:        docking/port_index 3
wandb:    docking/truncated_rate 0.46667
wandb:                       +26 ...
wandb: 
wandb: 🚀 View run apricot-sweep-5 at: https://wandb.ai/duncan-world-models/amos-out-of-this-world-model/runs/llocca5i
wandb: ⭐️ View project at: https://wandb.ai/duncan-world-models/amos-out-of-this-world-model
wandb: Synced 5 W&B file(s), 25 media file(s), 3 artifact file(s) and 1 other file(s)
wandb: Find logs at: ./wandb/run-20260812_011900-llocca5i/logs
[val] step 100000: mean_return -13776.4, outcomes: escaped, escaped, escaped, escaped, truncated
[val] step 200000: mean_return -9133.5, outcomes: truncated, escaped, truncated, truncated, truncated
[val] step 300000: mean_return -13470.2, outcomes: escaped, truncated, escaped, escaped, escaped
[val] step 400000: mean_return -14034.6, outcomes: truncated, escaped, escaped, escaped, escaped
[sweep] trial exceeded 7200s at 400004 steps; ending training
[val] step 400004: mean_return -14003.9, outcomes: truncated, escaped, escaped, escaped, escaped
2026-08-12 03:29:07,510 - wandb.wandb_agent - INFO - Cleaning up finished run: llocca5i
2026-08-12 03:29:08,250 - wandb.wandb_agent - INFO - Agent received command: run
2026-08-12 03:29:08,250 - wandb.wandb_agent - INFO - Agent starting run with config:
	algo: sac
	batch_size: 1024
	buffer_size: 300000
	gamma: 0.999
	gradient_steps: 1
	learning_rate: 1.6857924386655164e-05
	learning_starts: 20000
	seed: 0
	tau: 0.008374361984254829
	train_freq: 4
	trial_timesteps: 500000
2026-08-12 03:29:08,253 - wandb.wandb_agent - INFO - About to run command: /usr/bin/env uv run python -m owm.baselines.rl.sweep_trial
wandb: [wandb.login()] Loaded credentials for https://api.wandb.ai from WANDB_API_KEY.
wandb: Currently logged in as: duncaneddy (duncan-world-models) to https://api.wandb.ai. Use `wandb login --relogin` to force relogin
wandb: Tracking run with wandb version 0.28.1
wandb: Run data is saved locally in /home/deddy/repos/outofthisworldmodel/wandb/run-20260812_032911-18dne5zu
wandb: Run `wandb offline` to turn off syncing.
wandb: Syncing run swift-sweep-8
wandb: ⭐️ View project at https://wandb.ai/duncan-world-models/amos-out-of-this-world-model
wandb: 🧹 View sweep at https://wandb.ai/duncan-world-models/amos-out-of-this-world-model/sweeps/bm88x06x
wandb: 🚀 View run at https://wandb.ai/duncan-world-models/amos-out-of-this-world-model/runs/18dne5zu
2026-08-12 03:29:13,279 - wandb.wandb_agent - INFO - Running runs: ['18dne5zu']
/home/deddy/repos/outofthisworldmodel/.venv/lib/python3.13/site-packages/gymnasium/spaces/box.py:231: UserWarning: [33mWARN: Box low's precision lowered by casting to float32, current low.dtype=float64[0m
  gym.logger.warn(
/home/deddy/repos/outofthisworldmodel/.venv/lib/python3.13/site-packages/gymnasium/spaces/box.py:297: UserWarning: [33mWARN: Box high's precision lowered by casting to float32, current high.dtype=float64[0m
  gym.logger.warn(
/home/deddy/repos/outofthisworldmodel/.venv/lib/python3.13/site-packages/gymnasium/spaces/box.py:231: UserWarning: [33mWARN: Box low's precision lowered by casting to float32, current low.dtype=float64[0m
  gym.logger.warn(
/home/deddy/repos/outofthisworldmodel/.venv/lib/python3.13/site-packages/gymnasium/spaces/box.py:297: UserWarning: [33mWARN: Box high's precision lowered by casting to float32, current high.dtype=float64[0m
  gym.logger.warn(
/home/deddy/repos/outofthisworldmodel/.venv/lib/python3.13/site-packages/gymnasium/spaces/box.py:231: UserWarning: [33mWARN: Box low's precision lowered by casting to float32, current low.dtype=float64[0m
  gym.logger.warn(
/home/deddy/repos/outofthisworldmodel/.venv/lib/python3.13/site-packages/gymnasium/spaces/box.py:297: UserWarning: [33mWARN: Box high's precision lowered by casting to float32, current high.dtype=float64[0m
  gym.logger.warn(
/home/deddy/repos/outofthisworldmodel/.venv/lib/python3.13/site-packages/gymnasium/spaces/box.py:231: UserWarning: [33mWARN: Box low's precision lowered by casting to float32, current low.dtype=float64[0m
  gym.logger.warn(
/home/deddy/repos/outofthisworldmodel/.venv/lib/python3.13/site-packages/gymnasium/spaces/box.py:297: UserWarning: [33mWARN: Box high's precision lowered by casting to float32, current high.dtype=float64[0m
  gym.logger.warn(
2026-08-12 03:31:01,159 - wandb.wandb_agent - INFO - Agent received command: stop
2026-08-12 03:31:01,159 - wandb.wandb_agent - INFO - Stop: dsceooy3
2026-08-12 03:31:06,183 - wandb.wandb_agent - INFO - Cleaning up finished run: dsceooy3
2026-08-12 03:31:07,020 - wandb.wandb_agent - INFO - Agent received command: run
2026-08-12 03:31:07,021 - wandb.wandb_agent - INFO - Agent starting run with config:
	algo: sac
	batch_size: 256
	buffer_size: 1000000
	gamma: 0.999
	gradient_steps: 8
	learning_rate: 4.716601681445722e-05
	learning_starts: 10000
	seed: 0
	tau: 0.0030626438585946935
	train_freq: 4
	trial_timesteps: 500000
2026-08-12 03:31:07,023 - wandb.wandb_agent - INFO - About to run command: /usr/bin/env uv run python -m owm.baselines.rl.sweep_trial
wandb: [wandb.login()] Loaded credentials for https://api.wandb.ai from WANDB_API_KEY.
wandb: Currently logged in as: duncaneddy (duncan-world-models) to https://api.wandb.ai. Use `wandb login --relogin` to force relogin
wandb: Tracking run with wandb version 0.28.1
wandb: Run data is saved locally in /home/deddy/repos/outofthisworldmodel/wandb/run-20260812_033110-mhzqe0p5
wandb: Run `wandb offline` to turn off syncing.
wandb: Syncing run tough-sweep-9
wandb: ⭐️ View project at https://wandb.ai/duncan-world-models/amos-out-of-this-world-model
wandb: 🧹 View sweep at https://wandb.ai/duncan-world-models/amos-out-of-this-world-model/sweeps/bm88x06x
wandb: 🚀 View run at https://wandb.ai/duncan-world-models/amos-out-of-this-world-model/runs/mhzqe0p5
2026-08-12 03:31:12,048 - wandb.wandb_agent - INFO - Running runs: ['mhzqe0p5']
/home/deddy/repos/outofthisworldmodel/.venv/lib/python3.13/site-packages/gymnasium/spaces/box.py:231: UserWarning: [33mWARN: Box low's precision lowered by casting to float32, current low.dtype=float64[0m
  gym.logger.warn(
/home/deddy/repos/outofthisworldmodel/.venv/lib/python3.13/site-packages/gymnasium/spaces/box.py:297: UserWarning: [33mWARN: Box high's precision lowered by casting to float32, current high.dtype=float64[0m
  gym.logger.warn(
/home/deddy/repos/outofthisworldmodel/.venv/lib/python3.13/site-packages/gymnasium/spaces/box.py:231: UserWarning: [33mWARN: Box low's precision lowered by casting to float32, current low.dtype=float64[0m
  gym.logger.warn(
/home/deddy/repos/outofthisworldmodel/.venv/lib/python3.13/site-packages/gymnasium/spaces/box.py:231: UserWarning: [33mWARN: Box low's precision lowered by casting to float32, current low.dtype=float64[0m
  gym.logger.warn(
/home/deddy/repos/outofthisworldmodel/.venv/lib/python3.13/site-packages/gymnasium/spaces/box.py:297: UserWarning: [33mWARN: Box high's precision lowered by casting to float32, current high.dtype=float64[0m
  gym.logger.warn(
/home/deddy/repos/outofthisworldmodel/.venv/lib/python3.13/site-packages/gymnasium/spaces/box.py:297: UserWarning: [33mWARN: Box high's precision lowered by casting to float32, current high.dtype=float64[0m
  gym.logger.warn(
/home/deddy/repos/outofthisworldmodel/.venv/lib/python3.13/site-packages/gymnasium/spaces/box.py:231: UserWarning: [33mWARN: Box low's precision lowered by casting to float32, current low.dtype=float64[0m
  gym.logger.warn(
/home/deddy/repos/outofthisworldmodel/.venv/lib/python3.13/site-packages/gymnasium/spaces/box.py:297: UserWarning: [33mWARN: Box high's precision lowered by casting to float32, current high.dtype=float64[0m
  gym.logger.warn(
/home/deddy/repos/outofthisworldmodel/.venv/lib/python3.13/site-packages/gymnasium/spaces/box.py:231: UserWarning: [33mWARN: Box low's precision lowered by casting to float32, current low.dtype=float64[0m
  gym.logger.warn(
/home/deddy/repos/outofthisworldmodel/.venv/lib/python3.13/site-packages/gymnasium/spaces/box.py:297: UserWarning: [33mWARN: Box high's precision lowered by casting to float32, current high.dtype=float64[0m
  gym.logger.warn(
/home/deddy/repos/outofthisworldmodel/.venv/lib/python3.13/site-packages/gymnasium/spaces/box.py:231: UserWarning: [33mWARN: Box low's precision lowered by casting to float32, current low.dtype=float64[0m
  gym.logger.warn(
/home/deddy/repos/outofthisworldmodel/.venv/lib/python3.13/site-packages/gymnasium/spaces/box.py:297: UserWarning: [33mWARN: Box high's precision lowered by casting to float32, current high.dtype=float64[0m
  gym.logger.warn(
/home/deddy/repos/outofthisworldmodel/.venv/lib/python3.13/site-packages/gymnasium/spaces/box.py:231: UserWarning: [33mWARN: Box low's precision lowered by casting to float32, current low.dtype=float64[0m
  gym.logger.warn(
/home/deddy/repos/outofthisworldmodel/.venv/lib/python3.13/site-packages/gymnasium/spaces/box.py:297: UserWarning: [33mWARN: Box high's precision lowered by casting to float32, current high.dtype=float64[0m
  gym.logger.warn(
/home/deddy/repos/outofthisworldmodel/.venv/lib/python3.13/site-packages/gymnasium/spaces/box.py:231: UserWarning: [33mWARN: Box low's precision lowered by casting to float32, current low.dtype=float64[0m
  gym.logger.warn(
/home/deddy/repos/outofthisworldmodel/.venv/lib/python3.13/site-packages/gymnasium/spaces/box.py:297: UserWarning: [33mWARN: Box high's precision lowered by casting to float32, current high.dtype=float64[0m
  gym.logger.warn(
/home/deddy/repos/outofthisworldmodel/.venv/lib/python3.13/site-packages/gymnasium/spaces/box.py:231: UserWarning: [33mWARN: Box low's precision lowered by casting to float32, current low.dtype=float64[0m
  gym.logger.warn(
/home/deddy/repos/outofthisworldmodel/.venv/lib/python3.13/site-packages/gymnasium/spaces/box.py:297: UserWarning: [33mWARN: Box high's precision lowered by casting to float32, current high.dtype=float64[0m
  gym.logger.warn(
/home/deddy/repos/outofthisworldmodel/.venv/lib/python3.13/site-packages/gymnasium/spaces/box.py:231: UserWarning: [33mWARN: Box low's precision lowered by casting to float32, current low.dtype=float64[0m
  gym.logger.warn(
/home/deddy/repos/outofthisworldmodel/.venv/lib/python3.13/site-packages/gymnasium/spaces/box.py:297: UserWarning: [33mWARN: Box high's precision lowered by casting to float32, current high.dtype=float64[0m
  gym.logger.warn(
/home/deddy/repos/outofthisworldmodel/.venv/lib/python3.13/site-packages/gymnasium/spaces/box.py:231: UserWarning: [33mWARN: Box low's precision lowered by casting to float32, current low.dtype=float64[0m
  gym.logger.warn(
/home/deddy/repos/outofthisworldmodel/.venv/lib/python3.13/site-packages/gymnasium/spaces/box.py:297: UserWarning: [33mWARN: Box high's precision lowered by casting to float32, current high.dtype=float64[0m
  gym.logger.warn(
/home/deddy/repos/outofthisworldmodel/.venv/lib/python3.13/site-packages/gymnasium/spaces/box.py:231: UserWarning: [33mWARN: Box low's precision lowered by casting to float32, current low.dtype=float64[0m
  gym.logger.warn(
/home/deddy/repos/outofthisworldmodel/.venv/lib/python3.13/site-packages/gymnasium/spaces/box.py:297: UserWarning: [33mWARN: Box high's precision lowered by casting to float32, current high.dtype=float64[0m
  gym.logger.warn(
/home/deddy/repos/outofthisworldmodel/.venv/lib/python3.13/site-packages/gymnasium/spaces/box.py:231: UserWarning: [33mWARN: Box low's precision lowered by casting to float32, current low.dtype=float64[0m
  gym.logger.warn(
/home/deddy/repos/outofthisworldmodel/.venv/lib/python3.13/site-packages/gymnasium/spaces/box.py:297: UserWarning: [33mWARN: Box high's precision lowered by casting to float32, current high.dtype=float64[0m
  gym.logger.warn(
/home/deddy/repos/outofthisworldmodel/.venv/lib/python3.13/site-packages/gymnasium/spaces/box.py:231: UserWarning: [33mWARN: Box low's precision lowered by casting to float32, current low.dtype=float64[0m
  gym.logger.warn(
/home/deddy/repos/outofthisworldmodel/.venv/lib/python3.13/site-packages/gymnasium/spaces/box.py:297: UserWarning: [33mWARN: Box high's precision lowered by casting to float32, current high.dtype=float64[0m
  gym.logger.warn(
/home/deddy/repos/outofthisworldmodel/.venv/lib/python3.13/site-packages/gymnasium/spaces/box.py:231: UserWarning: [33mWARN: Box low's precision lowered by casting to float32, current low.dtype=float64[0m
  gym.logger.warn(
/home/deddy/repos/outofthisworldmodel/.venv/lib/python3.13/site-packages/gymnasium/spaces/box.py:297: UserWarning: [33mWARN: Box high's precision lowered by casting to float32, current high.dtype=float64[0m
  gym.logger.warn(
/home/deddy/repos/outofthisworldmodel/.venv/lib/python3.13/site-packages/gymnasium/spaces/box.py:231: UserWarning: [33mWARN: Box low's precision lowered by casting to float32, current low.dtype=float64[0m
  gym.logger.warn(
/home/deddy/repos/outofthisworldmodel/.venv/lib/python3.13/site-packages/gymnasium/spaces/box.py:297: UserWarning: [33mWARN: Box high's precision lowered by casting to float32, current high.dtype=float64[0m
  gym.logger.warn(
2026-08-12 03:59:02,925 - wandb.wandb_agent - INFO - Agent received command: stop
2026-08-12 03:59:02,925 - wandb.wandb_agent - INFO - Stop: 18dne5zu
2026-08-12 03:59:07,950 - wandb.wandb_agent - INFO - Cleaning up finished run: 18dne5zu
2026-08-12 03:59:08,801 - wandb.wandb_agent - INFO - Agent received command: run
2026-08-12 03:59:08,801 - wandb.wandb_agent - INFO - Agent starting run with config:
	algo: sac
	batch_size: 256
	buffer_size: 300000
	gamma: 0.9995
	gradient_steps: 1
	learning_rate: 0.00010424698973287796
	learning_starts: 20000
	seed: 0
	tau: 0.0013789451352616549
	train_freq: 1
	trial_timesteps: 500000
2026-08-12 03:59:08,803 - wandb.wandb_agent - INFO - About to run command: /usr/bin/env uv run python -m owm.baselines.rl.sweep_trial
wandb: [wandb.login()] Loaded credentials for https://api.wandb.ai from WANDB_API_KEY.
wandb: Currently logged in as: duncaneddy (duncan-world-models) to https://api.wandb.ai. Use `wandb login --relogin` to force relogin
wandb: Tracking run with wandb version 0.28.1
wandb: Run data is saved locally in /home/deddy/repos/outofthisworldmodel/wandb/run-20260812_035912-55pp42x7
wandb: Run `wandb offline` to turn off syncing.
wandb: Syncing run efficient-sweep-10
wandb: ⭐️ View project at https://wandb.ai/duncan-world-models/amos-out-of-this-world-model
wandb: 🧹 View sweep at https://wandb.ai/duncan-world-models/amos-out-of-this-world-model/sweeps/bm88x06x
wandb: 🚀 View run at https://wandb.ai/duncan-world-models/amos-out-of-this-world-model/runs/55pp42x7
2026-08-12 03:59:13,830 - wandb.wandb_agent - INFO - Running runs: ['55pp42x7']
/home/deddy/repos/outofthisworldmodel/.venv/lib/python3.13/site-packages/gymnasium/spaces/box.py:231: UserWarning: [33mWARN: Box low's precision lowered by casting to float32, current low.dtype=float64[0m
  gym.logger.warn(
/home/deddy/repos/outofthisworldmodel/.venv/lib/python3.13/site-packages/gymnasium/spaces/box.py:297: UserWarning: [33mWARN: Box high's precision lowered by casting to float32, current high.dtype=float64[0m
  gym.logger.warn(
/home/deddy/repos/outofthisworldmodel/.venv/lib/python3.13/site-packages/gymnasium/spaces/box.py:231: UserWarning: [33mWARN: Box low's precision lowered by casting to float32, current low.dtype=float64[0m
  gym.logger.warn(
/home/deddy/repos/outofthisworldmodel/.venv/lib/python3.13/site-packages/gymnasium/spaces/box.py:297: UserWarning: [33mWARN: Box high's precision lowered by casting to float32, current high.dtype=float64[0m
  gym.logger.warn(
/home/deddy/repos/outofthisworldmodel/.venv/lib/python3.13/site-packages/gymnasium/spaces/box.py:231: UserWarning: [33mWARN: Box low's precision lowered by casting to float32, current low.dtype=float64[0m
  gym.logger.warn(
/home/deddy/repos/outofthisworldmodel/.venv/lib/python3.13/site-packages/gymnasium/spaces/box.py:297: UserWarning: [33mWARN: Box high's precision lowered by casting to float32, current high.dtype=float64[0m
  gym.logger.warn(
/home/deddy/repos/outofthisworldmodel/.venv/lib/python3.13/site-packages/gymnasium/spaces/box.py:231: UserWarning: [33mWARN: Box low's precision lowered by casting to float32, current low.dtype=float64[0m
  gym.logger.warn(
/home/deddy/repos/outofthisworldmodel/.venv/lib/python3.13/site-packages/gymnasium/spaces/box.py:297: UserWarning: [33mWARN: Box high's precision lowered by casting to float32, current high.dtype=float64[0m
  gym.logger.warn(
/home/deddy/repos/outofthisworldmodel/.venv/lib/python3.13/site-packages/gymnasium/spaces/box.py:231: UserWarning: [33mWARN: Box low's precision lowered by casting to float32, current low.dtype=float64[0m
  gym.logger.warn(
/home/deddy/repos/outofthisworldmodel/.venv/lib/python3.13/site-packages/gymnasium/spaces/box.py:297: UserWarning: [33mWARN: Box high's precision lowered by casting to float32, current high.dtype=float64[0m
  gym.logger.warn(
/home/deddy/repos/outofthisworldmodel/.venv/lib/python3.13/site-packages/gymnasium/spaces/box.py:231: UserWarning: [33mWARN: Box low's precision lowered by casting to float32, current low.dtype=float64[0m
  gym.logger.warn(
/home/deddy/repos/outofthisworldmodel/.venv/lib/python3.13/site-packages/gymnasium/spaces/box.py:297: UserWarning: [33mWARN: Box high's precision lowered by casting to float32, current high.dtype=float64[0m
  gym.logger.warn(
/home/deddy/repos/outofthisworldmodel/.venv/lib/python3.13/site-packages/gymnasium/spaces/box.py:231: UserWarning: [33mWARN: Box low's precision lowered by casting to float32, current low.dtype=float64[0m
  gym.logger.warn(
/home/deddy/repos/outofthisworldmodel/.venv/lib/python3.13/site-packages/gymnasium/spaces/box.py:297: UserWarning: [33mWARN: Box high's precision lowered by casting to float32, current high.dtype=float64[0m
  gym.logger.warn(
/home/deddy/repos/outofthisworldmodel/.venv/lib/python3.13/site-packages/gymnasium/spaces/box.py:231: UserWarning: [33mWARN: Box low's precision lowered by casting to float32, current low.dtype=float64[0m
  gym.logger.warn(
/home/deddy/repos/outofthisworldmodel/.venv/lib/python3.13/site-packages/gymnasium/spaces/box.py:297: UserWarning: [33mWARN: Box high's precision lowered by casting to float32, current high.dtype=float64[0m
  gym.logger.warn(
/home/deddy/repos/outofthisworldmodel/.venv/lib/python3.13/site-packages/gymnasium/spaces/box.py:231: UserWarning: [33mWARN: Box low's precision lowered by casting to float32, current low.dtype=float64[0m
  gym.logger.warn(
/home/deddy/repos/outofthisworldmodel/.venv/lib/python3.13/site-packages/gymnasium/spaces/box.py:297: UserWarning: [33mWARN: Box high's precision lowered by casting to float32, current high.dtype=float64[0m
  gym.logger.warn(
/home/deddy/repos/outofthisworldmodel/.venv/lib/python3.13/site-packages/gymnasium/spaces/box.py:231: UserWarning: [33mWARN: Box low's precision lowered by casting to float32, current low.dtype=float64[0m
  gym.logger.warn(
/home/deddy/repos/outofthisworldmodel/.venv/lib/python3.13/site-packages/gymnasium/spaces/box.py:297: UserWarning: [33mWARN: Box high's precision lowered by casting to float32, current high.dtype=float64[0m
  gym.logger.warn(
wandb: uploading artifact o5xxe0im-model; updating run metadata
wandb: uploading media/images/val/attitude_triads_77_532484d81ac325d38b34.png; uploading media/images/val/control_77_df421b2ad273bd09cfd5.png
wandb: 
wandb: Run history:
wandb:    docking/collision_rate ▁▁▁▁▁▁▁▁▁▁▁▁▁▁▁▁▁▁▁▁▁▁▁▁▁▁▁▁▁▁▁▁▁▁▁▁▁▁▁▁
wandb:       docking/docked_rate ▁▁▁▁▁▁▁▁▁▁▁▁▁▁▁▁▁▁▁▁▁▁▁▁▁▁▁▁▁▁▁▁▁▁▁▁▁▁▁▁
wandb:    docking/ep_min_att_rad ▃▃▃▁▂▂▃▁▇▅▃▅▂▃▁▅▆▅▅▅▂▂▅▅▄▂▅▅▁▇▃▆▁▆▄▄▁▅▁█
wandb:      docking/ep_min_pos_m ▅▆▅▇▅▃▃▃█▂▅▄▅▃▄▁▄▇▃▁▃▁▆▄▁▆▂▄▂▇▆▂▂▆▆█▅▂▂▇
wandb: docking/ep_min_rate_radps █▃▃▄▆▆▂▆▁▁▂▄▅▃▂▃▅▄▇▆▅▄▄▆▃█▂▇▄▇▄▅▃▃▅▇▄▂▇▆
wandb:    docking/ep_min_vel_mps ▁█▃▃▃▆▂▆▆▃▅▇▅██▅▂▅▇▇▅▄▅▇▂▅▃▂▇▇▂▄▇▅▃▆▇▄▂▆
wandb:          docking/episodes ▁▁▁▁▁▂▂▂▂▂▂▃▃▃▃▃▃▄▄▄▄▅▅▅▅▆▆▆▆▆▆▆▇▇▇▇▇███
wandb:      docking/escaped_rate ▁▁▁▁▁▁▁▁▁▁▁▁▁▁▁▁▁▁▁▁▁▁▁▁▁▃▃▃▄▆▅▅▅▅▆▇▇▇▇█
wandb:        docking/port_index ▆▅▃▁█▅▆▃▃▅▃█▁▁█▆█▅▁▃▃▆█▃▆▆▃▃█▆▆▁█▅▁▅▁▁▁▃
wandb:    docking/truncated_rate █████████████████████████▆▆▆▆▆▃▃▄▄▃▂▂▂▂▁
wandb:                       +30 ...
wandb: 
wandb: Run summary:
wandb:    docking/collision_rate 0
wandb:       docking/docked_rate 0
wandb:    docking/ep_min_att_rad 2.05545
wandb:      docking/ep_min_pos_m 432.57424
wandb: docking/ep_min_rate_radps 0.00186
wandb:    docking/ep_min_vel_mps 0.00818
wandb:          docking/episodes 66
wandb:      docking/escaped_rate 0.09091
wandb:        docking/port_index 1
wandb:    docking/truncated_rate 0.90909
wandb:                       +30 ...
wandb: 
wandb: 🚀 View run lively-sweep-6 at: https://wandb.ai/duncan-world-models/amos-out-of-this-world-model/runs/o5xxe0im
wandb: ⭐️ View project at: https://wandb.ai/duncan-world-models/amos-out-of-this-world-model
wandb: Synced 5 W&B file(s), 30 media file(s), 3 artifact file(s) and 1 other file(s)
wandb: Find logs at: ./wandb/run-20260812_032225-o5xxe0im/logs
[val] step 100000: mean_return -8116.2, outcomes: escaped, truncated, truncated, truncated, truncated
[val] step 200000: mean_return -7891.5, outcomes: escaped, truncated, truncated, truncated, truncated
[val] step 300000: mean_return -7147.2, outcomes: truncated, truncated, truncated, truncated, truncated
[val] step 400000: mean_return -10250.3, outcomes: truncated, escaped, truncated, truncated, escaped
[val] step 500000: mean_return -12809.9, outcomes: truncated, escaped, escaped, truncated, escaped
[val] step 507904: mean_return -212482.8, outcomes: truncated, escaped, escaped, collision, escaped
2026-08-12 04:11:51,581 - wandb.wandb_agent - INFO - Cleaning up finished run: o5xxe0im
2026-08-12 04:11:52,334 - wandb.wandb_agent - INFO - Agent received command: run
2026-08-12 04:11:52,334 - wandb.wandb_agent - INFO - Agent starting run with config:
	algo: ppo
	batch_size: 512
	clip_range: 0.3
	ent_coef: 1.4078793215643978e-07
	gae_lambda: 0.9444580666663406
	gamma: 0.999
	learning_rate: 2.820039738553383e-05
	n_epochs: 20
	n_steps: 1024
	seed: 0
	trial_timesteps: 500000
2026-08-12 04:11:52,336 - wandb.wandb_agent - INFO - About to run command: /usr/bin/env uv run python -m owm.baselines.rl.sweep_trial
wandb: [wandb.login()] Loaded credentials for https://api.wandb.ai from WANDB_API_KEY.
wandb: Currently logged in as: duncaneddy (duncan-world-models) to https://api.wandb.ai. Use `wandb login --relogin` to force relogin
wandb: Tracking run with wandb version 0.28.1
wandb: Run data is saved locally in /home/deddy/repos/outofthisworldmodel/wandb/run-20260812_041155-xqazs6xu
wandb: Run `wandb offline` to turn off syncing.
wandb: Syncing run rare-sweep-7
wandb: ⭐️ View project at https://wandb.ai/duncan-world-models/amos-out-of-this-world-model
wandb: 🧹 View sweep at https://wandb.ai/duncan-world-models/amos-out-of-this-world-model/sweeps/wy4vs8ws
wandb: 🚀 View run at https://wandb.ai/duncan-world-models/amos-out-of-this-world-model/runs/xqazs6xu
2026-08-12 04:11:57,362 - wandb.wandb_agent - INFO - Running runs: ['xqazs6xu']
/home/deddy/repos/outofthisworldmodel/.venv/lib/python3.13/site-packages/gymnasium/spaces/box.py:231: UserWarning: [33mWARN: Box low's precision lowered by casting to float32, current low.dtype=float64[0m
  gym.logger.warn(
/home/deddy/repos/outofthisworldmodel/.venv/lib/python3.13/site-packages/gymnasium/spaces/box.py:297: UserWarning: [33mWARN: Box high's precision lowered by casting to float32, current high.dtype=float64[0m
  gym.logger.warn(
/home/deddy/repos/outofthisworldmodel/.venv/lib/python3.13/site-packages/gymnasium/spaces/box.py:231: UserWarning: [33mWARN: Box low's precision lowered by casting to float32, current low.dtype=float64[0m
  gym.logger.warn(
/home/deddy/repos/outofthisworldmodel/.venv/lib/python3.13/site-packages/gymnasium/spaces/box.py:297: UserWarning: [33mWARN: Box high's precision lowered by casting to float32, current high.dtype=float64[0m
  gym.logger.warn(
/home/deddy/repos/outofthisworldmodel/.venv/lib/python3.13/site-packages/gymnasium/spaces/box.py:231: UserWarning: [33mWARN: Box low's precision lowered by casting to float32, current low.dtype=float64[0m
  gym.logger.warn(
/home/deddy/repos/outofthisworldmodel/.venv/lib/python3.13/site-packages/gymnasium/spaces/box.py:297: UserWarning: [33mWARN: Box high's precision lowered by casting to float32, current high.dtype=float64[0m
  gym.logger.warn(
/home/deddy/repos/outofthisworldmodel/.venv/lib/python3.13/site-packages/gymnasium/spaces/box.py:231: UserWarning: [33mWARN: Box low's precision lowered by casting to float32, current low.dtype=float64[0m
  gym.logger.warn(
/home/deddy/repos/outofthisworldmodel/.venv/lib/python3.13/site-packages/gymnasium/spaces/box.py:297: UserWarning: [33mWARN: Box high's precision lowered by casting to float32, current high.dtype=float64[0m
  gym.logger.warn(
/home/deddy/repos/outofthisworldmodel/.venv/lib/python3.13/site-packages/gymnasium/spaces/box.py:231: UserWarning: [33mWARN: Box low's precision lowered by casting to float32, current low.dtype=float64[0m
  gym.logger.warn(
/home/deddy/repos/outofthisworldmodel/.venv/lib/python3.13/site-packages/gymnasium/spaces/box.py:297: UserWarning: [33mWARN: Box high's precision lowered by casting to float32, current high.dtype=float64[0m
  gym.logger.warn(
/home/deddy/repos/outofthisworldmodel/.venv/lib/python3.13/site-packages/gymnasium/spaces/box.py:231: UserWarning: [33mWARN: Box low's precision lowered by casting to float32, current low.dtype=float64[0m
  gym.logger.warn(
/home/deddy/repos/outofthisworldmodel/.venv/lib/python3.13/site-packages/gymnasium/spaces/box.py:297: UserWarning: [33mWARN: Box high's precision lowered by casting to float32, current high.dtype=float64[0m
  gym.logger.warn(
/home/deddy/repos/outofthisworldmodel/.venv/lib/python3.13/site-packages/gymnasium/spaces/box.py:231: UserWarning: [33mWARN: Box low's precision lowered by casting to float32, current low.dtype=float64[0m
  gym.logger.warn(
/home/deddy/repos/outofthisworldmodel/.venv/lib/python3.13/site-packages/gymnasium/spaces/box.py:297: UserWarning: [33mWARN: Box high's precision lowered by casting to float32, current high.dtype=float64[0m
  gym.logger.warn(
/home/deddy/repos/outofthisworldmodel/.venv/lib/python3.13/site-packages/gymnasium/spaces/box.py:231: UserWarning: [33mWARN: Box low's precision lowered by casting to float32, current low.dtype=float64[0m
  gym.logger.warn(
/home/deddy/repos/outofthisworldmodel/.venv/lib/python3.13/site-packages/gymnasium/spaces/box.py:297: UserWarning: [33mWARN: Box high's precision lowered by casting to float32, current high.dtype=float64[0m
  gym.logger.warn(
/home/deddy/repos/outofthisworldmodel/.venv/lib/python3.13/site-packages/gymnasium/spaces/box.py:231: UserWarning: [33mWARN: Box low's precision lowered by casting to float32, current low.dtype=float64[0m
  gym.logger.warn(
/home/deddy/repos/outofthisworldmodel/.venv/lib/python3.13/site-packages/gymnasium/spaces/box.py:297: UserWarning: [33mWARN: Box high's precision lowered by casting to float32, current high.dtype=float64[0m
  gym.logger.warn(
/home/deddy/repos/outofthisworldmodel/.venv/lib/python3.13/site-packages/gymnasium/spaces/box.py:231: UserWarning: [33mWARN: Box low's precision lowered by casting to float32, current low.dtype=float64[0m
  gym.logger.warn(
/home/deddy/repos/outofthisworldmodel/.venv/lib/python3.13/site-packages/gymnasium/spaces/box.py:297: UserWarning: [33mWARN: Box high's precision lowered by casting to float32, current high.dtype=float64[0m
  gym.logger.warn(
/home/deddy/repos/outofthisworldmodel/.venv/lib/python3.13/site-packages/gymnasium/spaces/box.py:231: UserWarning: [33mWARN: Box low's precision lowered by casting to float32, current low.dtype=float64[0m
  gym.logger.warn(
/home/deddy/repos/outofthisworldmodel/.venv/lib/python3.13/site-packages/gymnasium/spaces/box.py:297: UserWarning: [33mWARN: Box high's precision lowered by casting to float32, current high.dtype=float64[0m
  gym.logger.warn(
/home/deddy/repos/outofthisworldmodel/.venv/lib/python3.13/site-packages/gymnasium/spaces/box.py:231: UserWarning: [33mWARN: Box low's precision lowered by casting to float32, current low.dtype=float64[0m
  gym.logger.warn(
/home/deddy/repos/outofthisworldmodel/.venv/lib/python3.13/site-packages/gymnasium/spaces/box.py:297: UserWarning: [33mWARN: Box high's precision lowered by casting to float32, current high.dtype=float64[0m
  gym.logger.warn(
/home/deddy/repos/outofthisworldmodel/.venv/lib/python3.13/site-packages/gymnasium/spaces/box.py:231: UserWarning: [33mWARN: Box low's precision lowered by casting to float32, current low.dtype=float64[0m
  gym.logger.warn(
/home/deddy/repos/outofthisworldmodel/.venv/lib/python3.13/site-packages/gymnasium/spaces/box.py:297: UserWarning: [33mWARN: Box high's precision lowered by casting to float32, current high.dtype=float64[0m
  gym.logger.warn(
/home/deddy/repos/outofthisworldmodel/.venv/lib/python3.13/site-packages/gymnasium/spaces/box.py:231: UserWarning: [33mWARN: Box low's precision lowered by casting to float32, current low.dtype=float64[0m
  gym.logger.warn(
/home/deddy/repos/outofthisworldmodel/.venv/lib/python3.13/site-packages/gymnasium/spaces/box.py:297: UserWarning: [33mWARN: Box high's precision lowered by casting to float32, current high.dtype=float64[0m
  gym.logger.warn(
2026-08-12 04:33:04,880 - wandb.wandb_agent - INFO - Agent received command: stop
2026-08-12 04:33:04,881 - wandb.wandb_agent - INFO - Stop: xqazs6xu
2026-08-12 04:33:09,906 - wandb.wandb_agent - INFO - Cleaning up finished run: xqazs6xu
2026-08-12 04:33:10,677 - wandb.wandb_agent - INFO - Agent received command: run
2026-08-12 04:33:10,678 - wandb.wandb_agent - INFO - Agent starting run with config:
	algo: ppo
	batch_size: 512
	clip_range: 0.3
	ent_coef: 5.612584500744618e-07
	gae_lambda: 0.9347276225933956
	gamma: 0.999
	learning_rate: 1.3922591202202977e-05
	n_epochs: 20
	n_steps: 1024
	seed: 0
	trial_timesteps: 500000
2026-08-12 04:33:10,680 - wandb.wandb_agent - INFO - About to run command: /usr/bin/env uv run python -m owm.baselines.rl.sweep_trial
wandb: [wandb.login()] Loaded credentials for https://api.wandb.ai from WANDB_API_KEY.
wandb: Currently logged in as: duncaneddy (duncan-world-models) to https://api.wandb.ai. Use `wandb login --relogin` to force relogin
wandb: Tracking run with wandb version 0.28.1
wandb: Run data is saved locally in /home/deddy/repos/outofthisworldmodel/wandb/run-20260812_043313-z2imo5tf
wandb: Run `wandb offline` to turn off syncing.
wandb: Syncing run likely-sweep-8
wandb: ⭐️ View project at https://wandb.ai/duncan-world-models/amos-out-of-this-world-model
wandb: 🧹 View sweep at https://wandb.ai/duncan-world-models/amos-out-of-this-world-model/sweeps/wy4vs8ws
wandb: 🚀 View run at https://wandb.ai/duncan-world-models/amos-out-of-this-world-model/runs/z2imo5tf
2026-08-12 04:33:15,706 - wandb.wandb_agent - INFO - Running runs: ['z2imo5tf']
/home/deddy/repos/outofthisworldmodel/.venv/lib/python3.13/site-packages/gymnasium/spaces/box.py:231: UserWarning: [33mWARN: Box low's precision lowered by casting to float32, current low.dtype=float64[0m
  gym.logger.warn(
/home/deddy/repos/outofthisworldmodel/.venv/lib/python3.13/site-packages/gymnasium/spaces/box.py:297: UserWarning: [33mWARN: Box high's precision lowered by casting to float32, current high.dtype=float64[0m
  gym.logger.warn(
/home/deddy/repos/outofthisworldmodel/.venv/lib/python3.13/site-packages/gymnasium/spaces/box.py:231: UserWarning: [33mWARN: Box low's precision lowered by casting to float32, current low.dtype=float64[0m
  gym.logger.warn(
/home/deddy/repos/outofthisworldmodel/.venv/lib/python3.13/site-packages/gymnasium/spaces/box.py:297: UserWarning: [33mWARN: Box high's precision lowered by casting to float32, current high.dtype=float64[0m
  gym.logger.warn(
/home/deddy/repos/outofthisworldmodel/.venv/lib/python3.13/site-packages/gymnasium/spaces/box.py:231: UserWarning: [33mWARN: Box low's precision lowered by casting to float32, current low.dtype=float64[0m
  gym.logger.warn(
/home/deddy/repos/outofthisworldmodel/.venv/lib/python3.13/site-packages/gymnasium/spaces/box.py:297: UserWarning: [33mWARN: Box high's precision lowered by casting to float32, current high.dtype=float64[0m
  gym.logger.warn(
/home/deddy/repos/outofthisworldmodel/.venv/lib/python3.13/site-packages/gymnasium/spaces/box.py:231: UserWarning: [33mWARN: Box low's precision lowered by casting to float32, current low.dtype=float64[0m
  gym.logger.warn(
/home/deddy/repos/outofthisworldmodel/.venv/lib/python3.13/site-packages/gymnasium/spaces/box.py:297: UserWarning: [33mWARN: Box high's precision lowered by casting to float32, current high.dtype=float64[0m
  gym.logger.warn(
/home/deddy/repos/outofthisworldmodel/.venv/lib/python3.13/site-packages/gymnasium/spaces/box.py:231: UserWarning: [33mWARN: Box low's precision lowered by casting to float32, current low.dtype=float64[0m
  gym.logger.warn(
/home/deddy/repos/outofthisworldmodel/.venv/lib/python3.13/site-packages/gymnasium/spaces/box.py:297: UserWarning: [33mWARN: Box high's precision lowered by casting to float32, current high.dtype=float64[0m
  gym.logger.warn(
/home/deddy/repos/outofthisworldmodel/.venv/lib/python3.13/site-packages/gymnasium/spaces/box.py:231: UserWarning: [33mWARN: Box low's precision lowered by casting to float32, current low.dtype=float64[0m
  gym.logger.warn(
/home/deddy/repos/outofthisworldmodel/.venv/lib/python3.13/site-packages/gymnasium/spaces/box.py:297: UserWarning: [33mWARN: Box high's precision lowered by casting to float32, current high.dtype=float64[0m
  gym.logger.warn(
/home/deddy/repos/outofthisworldmodel/.venv/lib/python3.13/site-packages/gymnasium/spaces/box.py:231: UserWarning: [33mWARN: Box low's precision lowered by casting to float32, current low.dtype=float64[0m
  gym.logger.warn(
/home/deddy/repos/outofthisworldmodel/.venv/lib/python3.13/site-packages/gymnasium/spaces/box.py:297: UserWarning: [33mWARN: Box high's precision lowered by casting to float32, current high.dtype=float64[0m
  gym.logger.warn(
/home/deddy/repos/outofthisworldmodel/.venv/lib/python3.13/site-packages/gymnasium/spaces/box.py:231: UserWarning: [33mWARN: Box low's precision lowered by casting to float32, current low.dtype=float64[0m
  gym.logger.warn(
/home/deddy/repos/outofthisworldmodel/.venv/lib/python3.13/site-packages/gymnasium/spaces/box.py:297: UserWarning: [33mWARN: Box high's precision lowered by casting to float32, current high.dtype=float64[0m
  gym.logger.warn(
/home/deddy/repos/outofthisworldmodel/.venv/lib/python3.13/site-packages/gymnasium/spaces/box.py:231: UserWarning: [33mWARN: Box low's precision lowered by casting to float32, current low.dtype=float64[0m
  gym.logger.warn(
/home/deddy/repos/outofthisworldmodel/.venv/lib/python3.13/site-packages/gymnasium/spaces/box.py:297: UserWarning: [33mWARN: Box high's precision lowered by casting to float32, current high.dtype=float64[0m
  gym.logger.warn(
/home/deddy/repos/outofthisworldmodel/.venv/lib/python3.13/site-packages/gymnasium/spaces/box.py:231: UserWarning: [33mWARN: Box low's precision lowered by casting to float32, current low.dtype=float64[0m
  gym.logger.warn(
/home/deddy/repos/outofthisworldmodel/.venv/lib/python3.13/site-packages/gymnasium/spaces/box.py:297: UserWarning: [33mWARN: Box high's precision lowered by casting to float32, current high.dtype=float64[0m
  gym.logger.warn(
/home/deddy/repos/outofthisworldmodel/.venv/lib/python3.13/site-packages/gymnasium/spaces/box.py:231: UserWarning: [33mWARN: Box low's precision lowered by casting to float32, current low.dtype=float64[0m
  gym.logger.warn(
/home/deddy/repos/outofthisworldmodel/.venv/lib/python3.13/site-packages/gymnasium/spaces/box.py:297: UserWarning: [33mWARN: Box high's precision lowered by casting to float32, current high.dtype=float64[0m
  gym.logger.warn(
/home/deddy/repos/outofthisworldmodel/.venv/lib/python3.13/site-packages/gymnasium/spaces/box.py:231: UserWarning: [33mWARN: Box low's precision lowered by casting to float32, current low.dtype=float64[0m
  gym.logger.warn(
/home/deddy/repos/outofthisworldmodel/.venv/lib/python3.13/site-packages/gymnasium/spaces/box.py:297: UserWarning: [33mWARN: Box high's precision lowered by casting to float32, current high.dtype=float64[0m
  gym.logger.warn(
/home/deddy/repos/outofthisworldmodel/.venv/lib/python3.13/site-packages/gymnasium/spaces/box.py:231: UserWarning: [33mWARN: Box low's precision lowered by casting to float32, current low.dtype=float64[0m
  gym.logger.warn(
/home/deddy/repos/outofthisworldmodel/.venv/lib/python3.13/site-packages/gymnasium/spaces/box.py:297: UserWarning: [33mWARN: Box high's precision lowered by casting to float32, current high.dtype=float64[0m
  gym.logger.warn(
/home/deddy/repos/outofthisworldmodel/.venv/lib/python3.13/site-packages/gymnasium/spaces/box.py:231: UserWarning: [33mWARN: Box low's precision lowered by casting to float32, current low.dtype=float64[0m
  gym.logger.warn(
/home/deddy/repos/outofthisworldmodel/.venv/lib/python3.13/site-packages/gymnasium/spaces/box.py:297: UserWarning: [33mWARN: Box high's precision lowered by casting to float32, current high.dtype=float64[0m
  gym.logger.warn(
2026-08-12 04:46:02,404 - wandb.wandb_agent - INFO - Agent received command: stop
2026-08-12 04:46:02,404 - wandb.wandb_agent - INFO - Stop: 55pp42x7
2026-08-12 04:46:07,430 - wandb.wandb_agent - INFO - Cleaning up finished run: 55pp42x7
2026-08-12 04:46:08,272 - wandb.wandb_agent - INFO - Agent received command: run
2026-08-12 04:46:08,273 - wandb.wandb_agent - INFO - Agent starting run with config:
	algo: sac
	batch_size: 256
	buffer_size: 300000
	gamma: 0.999
	gradient_steps: 1
	learning_rate: 0.0006662492250815516
	learning_starts: 20000
	seed: 0
	tau: 0.016022333152646385
	train_freq: 8
	trial_timesteps: 500000
2026-08-12 04:46:08,274 - wandb.wandb_agent - INFO - About to run command: /usr/bin/env uv run python -m owm.baselines.rl.sweep_trial
wandb: [wandb.login()] Loaded credentials for https://api.wandb.ai from WANDB_API_KEY.
wandb: Currently logged in as: duncaneddy (duncan-world-models) to https://api.wandb.ai. Use `wandb login --relogin` to force relogin
wandb: Tracking run with wandb version 0.28.1
wandb: Run data is saved locally in /home/deddy/repos/outofthisworldmodel/wandb/run-20260812_044611-ahiky4s0
wandb: Run `wandb offline` to turn off syncing.
wandb: Syncing run balmy-sweep-11
wandb: ⭐️ View project at https://wandb.ai/duncan-world-models/amos-out-of-this-world-model
wandb: 🧹 View sweep at https://wandb.ai/duncan-world-models/amos-out-of-this-world-model/sweeps/bm88x06x
wandb: 🚀 View run at https://wandb.ai/duncan-world-models/amos-out-of-this-world-model/runs/ahiky4s0
2026-08-12 04:46:13,300 - wandb.wandb_agent - INFO - Running runs: ['ahiky4s0']
/home/deddy/repos/outofthisworldmodel/.venv/lib/python3.13/site-packages/gymnasium/spaces/box.py:231: UserWarning: [33mWARN: Box low's precision lowered by casting to float32, current low.dtype=float64[0m
  gym.logger.warn(
/home/deddy/repos/outofthisworldmodel/.venv/lib/python3.13/site-packages/gymnasium/spaces/box.py:297: UserWarning: [33mWARN: Box high's precision lowered by casting to float32, current high.dtype=float64[0m
  gym.logger.warn(
/home/deddy/repos/outofthisworldmodel/.venv/lib/python3.13/site-packages/gymnasium/spaces/box.py:231: UserWarning: [33mWARN: Box low's precision lowered by casting to float32, current low.dtype=float64[0m
  gym.logger.warn(
/home/deddy/repos/outofthisworldmodel/.venv/lib/python3.13/site-packages/gymnasium/spaces/box.py:297: UserWarning: [33mWARN: Box high's precision lowered by casting to float32, current high.dtype=float64[0m
  gym.logger.warn(
/home/deddy/repos/outofthisworldmodel/.venv/lib/python3.13/site-packages/gymnasium/spaces/box.py:231: UserWarning: [33mWARN: Box low's precision lowered by casting to float32, current low.dtype=float64[0m
  gym.logger.warn(
/home/deddy/repos/outofthisworldmodel/.venv/lib/python3.13/site-packages/gymnasium/spaces/box.py:297: UserWarning: [33mWARN: Box high's precision lowered by casting to float32, current high.dtype=float64[0m
  gym.logger.warn(
/home/deddy/repos/outofthisworldmodel/.venv/lib/python3.13/site-packages/gymnasium/spaces/box.py:231: UserWarning: [33mWARN: Box low's precision lowered by casting to float32, current low.dtype=float64[0m
  gym.logger.warn(
/home/deddy/repos/outofthisworldmodel/.venv/lib/python3.13/site-packages/gymnasium/spaces/box.py:297: UserWarning: [33mWARN: Box high's precision lowered by casting to float32, current high.dtype=float64[0m
  gym.logger.warn(
/home/deddy/repos/outofthisworldmodel/.venv/lib/python3.13/site-packages/gymnasium/spaces/box.py:231: UserWarning: [33mWARN: Box low's precision lowered by casting to float32, current low.dtype=float64[0m
  gym.logger.warn(
/home/deddy/repos/outofthisworldmodel/.venv/lib/python3.13/site-packages/gymnasium/spaces/box.py:297: UserWarning: [33mWARN: Box high's precision lowered by casting to float32, current high.dtype=float64[0m
  gym.logger.warn(
/home/deddy/repos/outofthisworldmodel/.venv/lib/python3.13/site-packages/gymnasium/spaces/box.py:231: UserWarning: [33mWARN: Box low's precision lowered by casting to float32, current low.dtype=float64[0m
  gym.logger.warn(
/home/deddy/repos/outofthisworldmodel/.venv/lib/python3.13/site-packages/gymnasium/spaces/box.py:297: UserWarning: [33mWARN: Box high's precision lowered by casting to float32, current high.dtype=float64[0m
  gym.logger.warn(
/home/deddy/repos/outofthisworldmodel/.venv/lib/python3.13/site-packages/gymnasium/spaces/box.py:231: UserWarning: [33mWARN: Box low's precision lowered by casting to float32, current low.dtype=float64[0m
  gym.logger.warn(
/home/deddy/repos/outofthisworldmodel/.venv/lib/python3.13/site-packages/gymnasium/spaces/box.py:297: UserWarning: [33mWARN: Box high's precision lowered by casting to float32, current high.dtype=float64[0m
  gym.logger.warn(
/home/deddy/repos/outofthisworldmodel/.venv/lib/python3.13/site-packages/gymnasium/spaces/box.py:231: UserWarning: [33mWARN: Box low's precision lowered by casting to float32, current low.dtype=float64[0m
  gym.logger.warn(
/home/deddy/repos/outofthisworldmodel/.venv/lib/python3.13/site-packages/gymnasium/spaces/box.py:297: UserWarning: [33mWARN: Box high's precision lowered by casting to float32, current high.dtype=float64[0m
  gym.logger.warn(
/home/deddy/repos/outofthisworldmodel/.venv/lib/python3.13/site-packages/gymnasium/spaces/box.py:231: UserWarning: [33mWARN: Box low's precision lowered by casting to float32, current low.dtype=float64[0m
  gym.logger.warn(
/home/deddy/repos/outofthisworldmodel/.venv/lib/python3.13/site-packages/gymnasium/spaces/box.py:297: UserWarning: [33mWARN: Box high's precision lowered by casting to float32, current high.dtype=float64[0m
  gym.logger.warn(
/home/deddy/repos/outofthisworldmodel/.venv/lib/python3.13/site-packages/gymnasium/spaces/box.py:231: UserWarning: [33mWARN: Box low's precision lowered by casting to float32, current low.dtype=float64[0m
  gym.logger.warn(
/home/deddy/repos/outofthisworldmodel/.venv/lib/python3.13/site-packages/gymnasium/spaces/box.py:297: UserWarning: [33mWARN: Box high's precision lowered by casting to float32, current high.dtype=float64[0m
  gym.logger.warn(
2026-08-12 04:54:03,211 - wandb.wandb_agent - INFO - Agent received command: stop
2026-08-12 04:54:03,212 - wandb.wandb_agent - INFO - Stop: z2imo5tf
2026-08-12 04:54:08,237 - wandb.wandb_agent - INFO - Cleaning up finished run: z2imo5tf
2026-08-12 04:54:09,094 - wandb.wandb_agent - INFO - Agent received command: run
2026-08-12 04:54:09,095 - wandb.wandb_agent - INFO - Agent starting run with config:
	algo: ppo
	batch_size: 256
	clip_range: 0.1
	ent_coef: 2.9779520273776044e-05
	gae_lambda: 0.9763589826990072
	gamma: 0.999
	learning_rate: 3.058443913482185e-05
	n_epochs: 20
	n_steps: 2048
	seed: 0
	trial_timesteps: 500000
2026-08-12 04:54:09,096 - wandb.wandb_agent - INFO - About to run command: /usr/bin/env uv run python -m owm.baselines.rl.sweep_trial
wandb: [wandb.login()] Loaded credentials for https://api.wandb.ai from WANDB_API_KEY.
wandb: Currently logged in as: duncaneddy (duncan-world-models) to https://api.wandb.ai. Use `wandb login --relogin` to force relogin
wandb: Tracking run with wandb version 0.28.1
wandb: Run data is saved locally in /home/deddy/repos/outofthisworldmodel/wandb/run-20260812_045412-0ugkc2pl
wandb: Run `wandb offline` to turn off syncing.
wandb: Syncing run firm-sweep-9
wandb: ⭐️ View project at https://wandb.ai/duncan-world-models/amos-out-of-this-world-model
wandb: 🧹 View sweep at https://wandb.ai/duncan-world-models/amos-out-of-this-world-model/sweeps/wy4vs8ws
wandb: 🚀 View run at https://wandb.ai/duncan-world-models/amos-out-of-this-world-model/runs/0ugkc2pl
2026-08-12 04:54:14,122 - wandb.wandb_agent - INFO - Running runs: ['0ugkc2pl']
/home/deddy/repos/outofthisworldmodel/.venv/lib/python3.13/site-packages/gymnasium/spaces/box.py:231: UserWarning: [33mWARN: Box low's precision lowered by casting to float32, current low.dtype=float64[0m
  gym.logger.warn(
/home/deddy/repos/outofthisworldmodel/.venv/lib/python3.13/site-packages/gymnasium/spaces/box.py:297: UserWarning: [33mWARN: Box high's precision lowered by casting to float32, current high.dtype=float64[0m
  gym.logger.warn(
/home/deddy/repos/outofthisworldmodel/.venv/lib/python3.13/site-packages/gymnasium/spaces/box.py:231: UserWarning: [33mWARN: Box low's precision lowered by casting to float32, current low.dtype=float64[0m
  gym.logger.warn(
/home/deddy/repos/outofthisworldmodel/.venv/lib/python3.13/site-packages/gymnasium/spaces/box.py:297: UserWarning: [33mWARN: Box high's precision lowered by casting to float32, current high.dtype=float64[0m
  gym.logger.warn(
/home/deddy/repos/outofthisworldmodel/.venv/lib/python3.13/site-packages/gymnasium/spaces/box.py:231: UserWarning: [33mWARN: Box low's precision lowered by casting to float32, current low.dtype=float64[0m
  gym.logger.warn(
/home/deddy/repos/outofthisworldmodel/.venv/lib/python3.13/site-packages/gymnasium/spaces/box.py:297: UserWarning: [33mWARN: Box high's precision lowered by casting to float32, current high.dtype=float64[0m
  gym.logger.warn(
/home/deddy/repos/outofthisworldmodel/.venv/lib/python3.13/site-packages/gymnasium/spaces/box.py:231: UserWarning: [33mWARN: Box low's precision lowered by casting to float32, current low.dtype=float64[0m
  gym.logger.warn(
/home/deddy/repos/outofthisworldmodel/.venv/lib/python3.13/site-packages/gymnasium/spaces/box.py:297: UserWarning: [33mWARN: Box high's precision lowered by casting to float32, current high.dtype=float64[0m
  gym.logger.warn(
/home/deddy/repos/outofthisworldmodel/.venv/lib/python3.13/site-packages/gymnasium/spaces/box.py:231: UserWarning: [33mWARN: Box low's precision lowered by casting to float32, current low.dtype=float64[0m
  gym.logger.warn(
/home/deddy/repos/outofthisworldmodel/.venv/lib/python3.13/site-packages/gymnasium/spaces/box.py:297: UserWarning: [33mWARN: Box high's precision lowered by casting to float32, current high.dtype=float64[0m
  gym.logger.warn(
/home/deddy/repos/outofthisworldmodel/.venv/lib/python3.13/site-packages/gymnasium/spaces/box.py:231: UserWarning: [33mWARN: Box low's precision lowered by casting to float32, current low.dtype=float64[0m
  gym.logger.warn(
/home/deddy/repos/outofthisworldmodel/.venv/lib/python3.13/site-packages/gymnasium/spaces/box.py:297: UserWarning: [33mWARN: Box high's precision lowered by casting to float32, current high.dtype=float64[0m
  gym.logger.warn(
/home/deddy/repos/outofthisworldmodel/.venv/lib/python3.13/site-packages/gymnasium/spaces/box.py:231: UserWarning: [33mWARN: Box low's precision lowered by casting to float32, current low.dtype=float64[0m
  gym.logger.warn(
/home/deddy/repos/outofthisworldmodel/.venv/lib/python3.13/site-packages/gymnasium/spaces/box.py:297: UserWarning: [33mWARN: Box high's precision lowered by casting to float32, current high.dtype=float64[0m
  gym.logger.warn(
/home/deddy/repos/outofthisworldmodel/.venv/lib/python3.13/site-packages/gymnasium/spaces/box.py:231: UserWarning: [33mWARN: Box low's precision lowered by casting to float32, current low.dtype=float64[0m
  gym.logger.warn(
/home/deddy/repos/outofthisworldmodel/.venv/lib/python3.13/site-packages/gymnasium/spaces/box.py:297: UserWarning: [33mWARN: Box high's precision lowered by casting to float32, current high.dtype=float64[0m
  gym.logger.warn(
/home/deddy/repos/outofthisworldmodel/.venv/lib/python3.13/site-packages/gymnasium/spaces/box.py:231: UserWarning: [33mWARN: Box low's precision lowered by casting to float32, current low.dtype=float64[0m
  gym.logger.warn(
/home/deddy/repos/outofthisworldmodel/.venv/lib/python3.13/site-packages/gymnasium/spaces/box.py:297: UserWarning: [33mWARN: Box high's precision lowered by casting to float32, current high.dtype=float64[0m
  gym.logger.warn(
/home/deddy/repos/outofthisworldmodel/.venv/lib/python3.13/site-packages/gymnasium/spaces/box.py:231: UserWarning: [33mWARN: Box low's precision lowered by casting to float32, current low.dtype=float64[0m
  gym.logger.warn(
/home/deddy/repos/outofthisworldmodel/.venv/lib/python3.13/site-packages/gymnasium/spaces/box.py:297: UserWarning: [33mWARN: Box high's precision lowered by casting to float32, current high.dtype=float64[0m
  gym.logger.warn(
/home/deddy/repos/outofthisworldmodel/.venv/lib/python3.13/site-packages/gymnasium/spaces/box.py:231: UserWarning: [33mWARN: Box low's precision lowered by casting to float32, current low.dtype=float64[0m
  gym.logger.warn(
/home/deddy/repos/outofthisworldmodel/.venv/lib/python3.13/site-packages/gymnasium/spaces/box.py:297: UserWarning: [33mWARN: Box high's precision lowered by casting to float32, current high.dtype=float64[0m
  gym.logger.warn(
/home/deddy/repos/outofthisworldmodel/.venv/lib/python3.13/site-packages/gymnasium/spaces/box.py:231: UserWarning: [33mWARN: Box low's precision lowered by casting to float32, current low.dtype=float64[0m
  gym.logger.warn(
/home/deddy/repos/outofthisworldmodel/.venv/lib/python3.13/site-packages/gymnasium/spaces/box.py:297: UserWarning: [33mWARN: Box high's precision lowered by casting to float32, current high.dtype=float64[0m
  gym.logger.warn(
/home/deddy/repos/outofthisworldmodel/.venv/lib/python3.13/site-packages/gymnasium/spaces/box.py:231: UserWarning: [33mWARN: Box low's precision lowered by casting to float32, current low.dtype=float64[0m
  gym.logger.warn(
/home/deddy/repos/outofthisworldmodel/.venv/lib/python3.13/site-packages/gymnasium/spaces/box.py:297: UserWarning: [33mWARN: Box high's precision lowered by casting to float32, current high.dtype=float64[0m
  gym.logger.warn(
/home/deddy/repos/outofthisworldmodel/.venv/lib/python3.13/site-packages/gymnasium/spaces/box.py:231: UserWarning: [33mWARN: Box low's precision lowered by casting to float32, current low.dtype=float64[0m
  gym.logger.warn(
/home/deddy/repos/outofthisworldmodel/.venv/lib/python3.13/site-packages/gymnasium/spaces/box.py:297: UserWarning: [33mWARN: Box high's precision lowered by casting to float32, current high.dtype=float64[0m
  gym.logger.warn(
wandb: uploading artifact mhzqe0p5-model; updating run metadata
wandb: 
wandb: Run history:
wandb:    docking/collision_rate ▁▁▁▁▁▁▁██▇▆▆▅▅▅▅▅▄▄▆▆▆▆▅▅▅▅▅▅▄▄▄▄▄▄▄▄▄▄▄
wandb:       docking/docked_rate ▁▁▁▁▁▁▁▁▁▁▁▁▁▁▁▁▁▁▁▁▁▁▁▁▁▁▁▁▁▁▁▁▁▁▁▁▁▁▁▁
wandb:    docking/ep_min_att_rad ▄▂▆▂▁▄▃▂▂▇▂▄▅▃▄▃▃▁▄▄▄▂▅▂▂▁▁▆▃▅█▁▁▇▇▄▅▂▅▃
wandb:      docking/ep_min_pos_m ▆▅▂▇▄▅▁▄▃▃▂▃▃▂▆▅▂▆▅▅▄▄▁▄█▆▃▆▁▆▅▆▃▄▂▃▅▃▆▆
wandb: docking/ep_min_rate_radps ▆▆▄▁▆▄▃▄▄▃▄▆▄▆▇▆▇▇█▇▆▆█▃▆█▃▅▄▇█▇▅▅▆▇▇▆▅▆
wandb:    docking/ep_min_vel_mps ▃▅▃▅▄▂▄▂▅▁▅▄▃▇▅▇▆▅▅▆▇▇▇▅▆▆▇█▆▆▆▅▆▇▆██▅▇▆
wandb:          docking/episodes ▁▁▁▁▁▂▂▂▂▂▃▃▃▃▃▄▄▄▄▅▅▅▅▅▅▆▆▆▆▆▆▆▆▇▇▇▇███
wandb:      docking/escaped_rate ▁▁▁▁▂▂▂▃▄▄▄▄▆▆▆▆▇▇▇▇▇▇▇▇▇▇▇██▇██████████
wandb:        docking/port_index ▃▁▃▅▁▅▆▁▁█▆▅█▁▃▁▅▃▅▆▆█▃█▆▃▁▆▃▅▃▆▆▁▆█▃█▃▅
wandb:    docking/truncated_rate ██▇▇▇▆▆▅▅▄▃▃▃▃▃▂▂▂▂▂▂▂▂▂▂▁▁▁▁▁▁▁▁▁▁▁▁▁▁▁
wandb:                       +25 ...
wandb: 
wandb: Run summary:
wandb:    docking/collision_rate 0.02
wandb:       docking/docked_rate 0
wandb:    docking/ep_min_att_rad 0.14809
wandb:      docking/ep_min_pos_m 210.10512
wandb: docking/ep_min_rate_radps 0.00189
wandb:    docking/ep_min_vel_mps 0.00717
wandb:          docking/episodes 101
wandb:      docking/escaped_rate 0.81
wandb:        docking/port_index 2
wandb:    docking/truncated_rate 0.17
wandb:                       +25 ...
wandb: 
wandb: 🚀 View run tough-sweep-9 at: https://wandb.ai/duncan-world-models/amos-out-of-this-world-model/runs/mhzqe0p5
wandb: ⭐️ View project at: https://wandb.ai/duncan-world-models/amos-out-of-this-world-model
wandb: Synced 5 W&B file(s), 30 media file(s), 3 artifact file(s) and 1 other file(s)
wandb: Find logs at: ./wandb/run-20260812_033110-mhzqe0p5/logs
[val] step 100000: mean_return -15151.0, outcomes: escaped, escaped, escaped, escaped, escaped
[val] step 200000: mean_return -14902.1, outcomes: escaped, escaped, escaped, escaped, escaped
[val] step 300000: mean_return -15861.0, outcomes: escaped, escaped, escaped, escaped, escaped
[val] step 400000: mean_return -15210.7, outcomes: escaped, escaped, escaped, escaped, escaped
[val] step 500000: mean_return -14894.7, outcomes: escaped, escaped, escaped, escaped, escaped
[val] step 500000: mean_return -212170.1, outcomes: escaped, escaped, escaped, escaped, collision
2026-08-12 05:12:38,282 - wandb.wandb_agent - INFO - Cleaning up finished run: mhzqe0p5
2026-08-12 05:12:39,181 - wandb.wandb_agent - INFO - Agent received command: run
2026-08-12 05:12:39,182 - wandb.wandb_agent - INFO - Agent starting run with config:
	algo: sac
	batch_size: 1024
	buffer_size: 1000000
	gamma: 0.995
	gradient_steps: 1
	learning_rate: 0.00040550119691237216
	learning_starts: 5000
	seed: 0
	tau: 0.007832090093125434
	train_freq: 1
	trial_timesteps: 500000
2026-08-12 05:12:39,184 - wandb.wandb_agent - INFO - About to run command: /usr/bin/env uv run python -m owm.baselines.rl.sweep_trial
wandb: [wandb.login()] Loaded credentials for https://api.wandb.ai from WANDB_API_KEY.
wandb: Currently logged in as: duncaneddy (duncan-world-models) to https://api.wandb.ai. Use `wandb login --relogin` to force relogin
wandb: Tracking run with wandb version 0.28.1
wandb: Run data is saved locally in /home/deddy/repos/outofthisworldmodel/wandb/run-20260812_051242-l43gxwd9
wandb: Run `wandb offline` to turn off syncing.
wandb: Syncing run floral-sweep-12
wandb: ⭐️ View project at https://wandb.ai/duncan-world-models/amos-out-of-this-world-model
wandb: 🧹 View sweep at https://wandb.ai/duncan-world-models/amos-out-of-this-world-model/sweeps/bm88x06x
wandb: 🚀 View run at https://wandb.ai/duncan-world-models/amos-out-of-this-world-model/runs/l43gxwd9
2026-08-12 05:12:44,209 - wandb.wandb_agent - INFO - Running runs: ['l43gxwd9']
/home/deddy/repos/outofthisworldmodel/.venv/lib/python3.13/site-packages/gymnasium/spaces/box.py:231: UserWarning: [33mWARN: Box low's precision lowered by casting to float32, current low.dtype=float64[0m
  gym.logger.warn(
/home/deddy/repos/outofthisworldmodel/.venv/lib/python3.13/site-packages/gymnasium/spaces/box.py:297: UserWarning: [33mWARN: Box high's precision lowered by casting to float32, current high.dtype=float64[0m
  gym.logger.warn(
/home/deddy/repos/outofthisworldmodel/.venv/lib/python3.13/site-packages/gymnasium/spaces/box.py:231: UserWarning: [33mWARN: Box low's precision lowered by casting to float32, current low.dtype=float64[0m
  gym.logger.warn(
/home/deddy/repos/outofthisworldmodel/.venv/lib/python3.13/site-packages/gymnasium/spaces/box.py:297: UserWarning: [33mWARN: Box high's precision lowered by casting to float32, current high.dtype=float64[0m
  gym.logger.warn(
/home/deddy/repos/outofthisworldmodel/.venv/lib/python3.13/site-packages/gymnasium/spaces/box.py:231: UserWarning: [33mWARN: Box low's precision lowered by casting to float32, current low.dtype=float64[0m
  gym.logger.warn(
/home/deddy/repos/outofthisworldmodel/.venv/lib/python3.13/site-packages/gymnasium/spaces/box.py:297: UserWarning: [33mWARN: Box high's precision lowered by casting to float32, current high.dtype=float64[0m
  gym.logger.warn(
/home/deddy/repos/outofthisworldmodel/.venv/lib/python3.13/site-packages/gymnasium/spaces/box.py:231: UserWarning: [33mWARN: Box low's precision lowered by casting to float32, current low.dtype=float64[0m
  gym.logger.warn(
/home/deddy/repos/outofthisworldmodel/.venv/lib/python3.13/site-packages/gymnasium/spaces/box.py:297: UserWarning: [33mWARN: Box high's precision lowered by casting to float32, current high.dtype=float64[0m
  gym.logger.warn(
2026-08-12 05:13:01,986 - wandb.wandb_agent - INFO - Agent received command: stop
2026-08-12 05:13:01,986 - wandb.wandb_agent - INFO - Stop: ahiky4s0
2026-08-12 05:13:07,005 - wandb.wandb_agent - INFO - Cleaning up finished run: ahiky4s0
2026-08-12 05:13:07,858 - wandb.wandb_agent - INFO - Agent received command: run
2026-08-12 05:13:07,858 - wandb.wandb_agent - INFO - Agent starting run with config:
	algo: sac
	batch_size: 256
	buffer_size: 1000000
	gamma: 0.9995
	gradient_steps: 8
	learning_rate: 0.0001881387172382843
	learning_starts: 5000
	seed: 0
	tau: 0.005370236939233483
	train_freq: 1
	trial_timesteps: 500000
2026-08-12 05:13:07,860 - wandb.wandb_agent - INFO - About to run command: /usr/bin/env uv run python -m owm.baselines.rl.sweep_trial
wandb: [wandb.login()] Loaded credentials for https://api.wandb.ai from WANDB_API_KEY.
wandb: Currently logged in as: duncaneddy (duncan-world-models) to https://api.wandb.ai. Use `wandb login --relogin` to force relogin
wandb: Tracking run with wandb version 0.28.1
wandb: Run data is saved locally in /home/deddy/repos/outofthisworldmodel/wandb/run-20260812_051311-9ty9f94d
wandb: Run `wandb offline` to turn off syncing.
wandb: Syncing run fragrant-sweep-13
wandb: ⭐️ View project at https://wandb.ai/duncan-world-models/amos-out-of-this-world-model
wandb: 🧹 View sweep at https://wandb.ai/duncan-world-models/amos-out-of-this-world-model/sweeps/bm88x06x
wandb: 🚀 View run at https://wandb.ai/duncan-world-models/amos-out-of-this-world-model/runs/9ty9f94d
2026-08-12 05:13:12,886 - wandb.wandb_agent - INFO - Running runs: ['9ty9f94d']
/home/deddy/repos/outofthisworldmodel/.venv/lib/python3.13/site-packages/gymnasium/spaces/box.py:231: UserWarning: [33mWARN: Box low's precision lowered by casting to float32, current low.dtype=float64[0m
  gym.logger.warn(
/home/deddy/repos/outofthisworldmodel/.venv/lib/python3.13/site-packages/gymnasium/spaces/box.py:297: UserWarning: [33mWARN: Box high's precision lowered by casting to float32, current high.dtype=float64[0m
  gym.logger.warn(
/home/deddy/repos/outofthisworldmodel/.venv/lib/python3.13/site-packages/gymnasium/spaces/box.py:231: UserWarning: [33mWARN: Box low's precision lowered by casting to float32, current low.dtype=float64[0m
  gym.logger.warn(
/home/deddy/repos/outofthisworldmodel/.venv/lib/python3.13/site-packages/gymnasium/spaces/box.py:297: UserWarning: [33mWARN: Box high's precision lowered by casting to float32, current high.dtype=float64[0m
  gym.logger.warn(
/home/deddy/repos/outofthisworldmodel/.venv/lib/python3.13/site-packages/gymnasium/spaces/box.py:231: UserWarning: [33mWARN: Box low's precision lowered by casting to float32, current low.dtype=float64[0m
  gym.logger.warn(
/home/deddy/repos/outofthisworldmodel/.venv/lib/python3.13/site-packages/gymnasium/spaces/box.py:297: UserWarning: [33mWARN: Box high's precision lowered by casting to float32, current high.dtype=float64[0m
  gym.logger.warn(
/home/deddy/repos/outofthisworldmodel/.venv/lib/python3.13/site-packages/gymnasium/spaces/box.py:231: UserWarning: [33mWARN: Box low's precision lowered by casting to float32, current low.dtype=float64[0m
  gym.logger.warn(
/home/deddy/repos/outofthisworldmodel/.venv/lib/python3.13/site-packages/gymnasium/spaces/box.py:297: UserWarning: [33mWARN: Box high's precision lowered by casting to float32, current high.dtype=float64[0m
  gym.logger.warn(
/home/deddy/repos/outofthisworldmodel/.venv/lib/python3.13/site-packages/gymnasium/spaces/box.py:231: UserWarning: [33mWARN: Box low's precision lowered by casting to float32, current low.dtype=float64[0m
  gym.logger.warn(
/home/deddy/repos/outofthisworldmodel/.venv/lib/python3.13/site-packages/gymnasium/spaces/box.py:297: UserWarning: [33mWARN: Box high's precision lowered by casting to float32, current high.dtype=float64[0m
  gym.logger.warn(
/home/deddy/repos/outofthisworldmodel/.venv/lib/python3.13/site-packages/gymnasium/spaces/box.py:231: UserWarning: [33mWARN: Box low's precision lowered by casting to float32, current low.dtype=float64[0m
  gym.logger.warn(
/home/deddy/repos/outofthisworldmodel/.venv/lib/python3.13/site-packages/gymnasium/spaces/box.py:297: UserWarning: [33mWARN: Box high's precision lowered by casting to float32, current high.dtype=float64[0m
  gym.logger.warn(
/home/deddy/repos/outofthisworldmodel/.venv/lib/python3.13/site-packages/gymnasium/spaces/box.py:231: UserWarning: [33mWARN: Box low's precision lowered by casting to float32, current low.dtype=float64[0m
  gym.logger.warn(
/home/deddy/repos/outofthisworldmodel/.venv/lib/python3.13/site-packages/gymnasium/spaces/box.py:297: UserWarning: [33mWARN: Box high's precision lowered by casting to float32, current high.dtype=float64[0m
  gym.logger.warn(
/home/deddy/repos/outofthisworldmodel/.venv/lib/python3.13/site-packages/gymnasium/spaces/box.py:231: UserWarning: [33mWARN: Box low's precision lowered by casting to float32, current low.dtype=float64[0m
  gym.logger.warn(
/home/deddy/repos/outofthisworldmodel/.venv/lib/python3.13/site-packages/gymnasium/spaces/box.py:297: UserWarning: [33mWARN: Box high's precision lowered by casting to float32, current high.dtype=float64[0m
  gym.logger.warn(
/home/deddy/repos/outofthisworldmodel/.venv/lib/python3.13/site-packages/gymnasium/spaces/box.py:231: UserWarning: [33mWARN: Box low's precision lowered by casting to float32, current low.dtype=float64[0m
  gym.logger.warn(
/home/deddy/repos/outofthisworldmodel/.venv/lib/python3.13/site-packages/gymnasium/spaces/box.py:297: UserWarning: [33mWARN: Box high's precision lowered by casting to float32, current high.dtype=float64[0m
  gym.logger.warn(
/home/deddy/repos/outofthisworldmodel/.venv/lib/python3.13/site-packages/gymnasium/spaces/box.py:231: UserWarning: [33mWARN: Box low's precision lowered by casting to float32, current low.dtype=float64[0m
  gym.logger.warn(
/home/deddy/repos/outofthisworldmodel/.venv/lib/python3.13/site-packages/gymnasium/spaces/box.py:297: UserWarning: [33mWARN: Box high's precision lowered by casting to float32, current high.dtype=float64[0m
  gym.logger.warn(
wandb: uploading artifact 0ugkc2pl-model; updating run metadata
wandb: uploading media/images/val/traj_3d_78_5f0c4f1cf1264dc3146a.png; uploading media/images/val/traj_3d_attitude_78_3e01237cdfd0511d7fbb.png; uploading media/images/val/reward_78_c22c1450ff57db55fdd4.png; uploading media/images/val/control_78_a8b0948e91dab68c6d3f.png; uploading output.log (+ 4 more)
wandb: 
wandb: Run history:
wandb:    docking/collision_rate ▁▁▁▁▁▁▁▁▁▁▁▁▁▁▁▁▁▁▁▁▁▁███▇▇▇▇▇▇▆▆▆▆▆▆▆▅▅
wandb:       docking/docked_rate ▁▁▁▁▁▁▁▁▁▁▁▁▁▁▁▁▁▁▁▁▁▁▁▁▁▁▁▁▁▁▁▁▁▁▁▁▁▁▁▁
wandb:    docking/ep_min_att_rad ▃▃▂▂█▃▃▄▃▅▂▄▄▄▃▁▅▄▅▃▂▄▂▆▂▅▅▃▂▁▃▃▇▇▃▄▁▁▅▇
wandb:      docking/ep_min_pos_m ▆▅▅▂▂█▂▆▅▄▇▅▃▇▃▆▄▄▁▆▃▃▆▅▄▇▄▃▇▄▆▃▅▅▃▂▂▂▃█
wandb: docking/ep_min_rate_radps ▆█▂▃▂▆▇▆▅█▁▆▂▂▄▄▂▇▆▅▅▄▃▃▂▃▅▇▃▃▂▆▅▃▇▂▃▄▂▂
wandb:    docking/ep_min_vel_mps ▂█▃▃▆▆▆▂▇▂▄▁▇▇▁▃▆▄▁▇▅▃▄▅▆▇▂▅▆█▅▃▄█▄▆▅▁▄▆
wandb:          docking/episodes ▁▁▁▂▂▂▂▂▂▃▃▃▃▃▃▄▄▄▄▄▅▅▅▅▅▅▅▆▆▆▆▇▇▇▇▇▇▇██
wandb:      docking/escaped_rate ▁▁▁▁▁▁▁▁▁▁▁▁▁▁▁▁▁▁▁▁▄▄▄▄▃▃▃▃▃▃▅▅▇▇▇████▇
wandb:        docking/port_index ▆▅▃██▃▃▃▅█▁███▅▆▁█▁▅▃▃▆▃▃▅▅█▆▆▁█▁▁▅▁▁█▁▆
wandb:    docking/truncated_rate ████████████████████▆▆▆▆▆▄▄▄▅▅▃▂▂▂▃▂▂▂▂▁
wandb:                       +30 ...
wandb: 
wandb: Run summary:
wandb:    docking/collision_rate 0.01493
wandb:       docking/docked_rate 0
wandb:    docking/ep_min_att_rad 2.21968
wandb:      docking/ep_min_pos_m 486.4249
wandb: docking/ep_min_rate_radps 0.00055
wandb:    docking/ep_min_vel_mps 0.00854
wandb:          docking/episodes 67
wandb:      docking/escaped_rate 0.07463
wandb:        docking/port_index 3
wandb:    docking/truncated_rate 0.91045
wandb:                       +30 ...
wandb: 
wandb: 🚀 View run firm-sweep-9 at: https://wandb.ai/duncan-world-models/amos-out-of-this-world-model/runs/0ugkc2pl
wandb: ⭐️ View project at: https://wandb.ai/duncan-world-models/amos-out-of-this-world-model
wandb: Synced 5 W&B file(s), 30 media file(s), 3 artifact file(s) and 1 other file(s)
wandb: Find logs at: ./wandb/run-20260812_045412-0ugkc2pl/logs
[val] step 100000: mean_return -11124.9, outcomes: escaped, truncated, truncated, escaped, truncated
[val] step 200000: mean_return -9439.8, outcomes: truncated, truncated, truncated, truncated, escaped
[val] step 300000: mean_return -7202.6, outcomes: truncated, truncated, truncated, truncated, truncated
[val] step 400000: mean_return -9291.7, outcomes: truncated, truncated, truncated, truncated, escaped
[val] step 500000: mean_return -7571.7, outcomes: truncated, truncated, truncated, truncated, truncated
[val] step 507904: mean_return -7540.7, outcomes: truncated, truncated, truncated, truncated, truncated
2026-08-12 05:46:17,195 - wandb.wandb_agent - INFO - Cleaning up finished run: 0ugkc2pl
2026-08-12 05:46:17,965 - wandb.wandb_agent - INFO - Agent received command: run
2026-08-12 05:46:17,966 - wandb.wandb_agent - INFO - Agent starting run with config:
	algo: ppo
	batch_size: 512
	clip_range: 0.3
	ent_coef: 3.9946675884206106e-08
	gae_lambda: 0.9607800831819214
	gamma: 0.995
	learning_rate: 1.992704375722081e-05
	n_epochs: 20
	n_steps: 1024
	seed: 0
	trial_timesteps: 500000
2026-08-12 05:46:17,968 - wandb.wandb_agent - INFO - About to run command: /usr/bin/env uv run python -m owm.baselines.rl.sweep_trial
wandb: [wandb.login()] Loaded credentials for https://api.wandb.ai from WANDB_API_KEY.
wandb: Currently logged in as: duncaneddy (duncan-world-models) to https://api.wandb.ai. Use `wandb login --relogin` to force relogin
wandb: Tracking run with wandb version 0.28.1
wandb: Run data is saved locally in /home/deddy/repos/outofthisworldmodel/wandb/run-20260812_054621-3fbz2rfv
wandb: Run `wandb offline` to turn off syncing.
wandb: Syncing run driven-sweep-10
wandb: ⭐️ View project at https://wandb.ai/duncan-world-models/amos-out-of-this-world-model
wandb: 🧹 View sweep at https://wandb.ai/duncan-world-models/amos-out-of-this-world-model/sweeps/wy4vs8ws
wandb: 🚀 View run at https://wandb.ai/duncan-world-models/amos-out-of-this-world-model/runs/3fbz2rfv
2026-08-12 05:46:23,000 - wandb.wandb_agent - INFO - Running runs: ['3fbz2rfv']
/home/deddy/repos/outofthisworldmodel/.venv/lib/python3.13/site-packages/gymnasium/spaces/box.py:231: UserWarning: [33mWARN: Box low's precision lowered by casting to float32, current low.dtype=float64[0m
  gym.logger.warn(
/home/deddy/repos/outofthisworldmodel/.venv/lib/python3.13/site-packages/gymnasium/spaces/box.py:297: UserWarning: [33mWARN: Box high's precision lowered by casting to float32, current high.dtype=float64[0m
  gym.logger.warn(
/home/deddy/repos/outofthisworldmodel/.venv/lib/python3.13/site-packages/gymnasium/spaces/box.py:231: UserWarning: [33mWARN: Box low's precision lowered by casting to float32, current low.dtype=float64[0m
  gym.logger.warn(
/home/deddy/repos/outofthisworldmodel/.venv/lib/python3.13/site-packages/gymnasium/spaces/box.py:297: UserWarning: [33mWARN: Box high's precision lowered by casting to float32, current high.dtype=float64[0m
  gym.logger.warn(
/home/deddy/repos/outofthisworldmodel/.venv/lib/python3.13/site-packages/gymnasium/spaces/box.py:231: UserWarning: [33mWARN: Box low's precision lowered by casting to float32, current low.dtype=float64[0m
  gym.logger.warn(
/home/deddy/repos/outofthisworldmodel/.venv/lib/python3.13/site-packages/gymnasium/spaces/box.py:297: UserWarning: [33mWARN: Box high's precision lowered by casting to float32, current high.dtype=float64[0m
  gym.logger.warn(
/home/deddy/repos/outofthisworldmodel/.venv/lib/python3.13/site-packages/gymnasium/spaces/box.py:231: UserWarning: [33mWARN: Box low's precision lowered by casting to float32, current low.dtype=float64[0m
  gym.logger.warn(
/home/deddy/repos/outofthisworldmodel/.venv/lib/python3.13/site-packages/gymnasium/spaces/box.py:297: UserWarning: [33mWARN: Box high's precision lowered by casting to float32, current high.dtype=float64[0m
  gym.logger.warn(
/home/deddy/repos/outofthisworldmodel/.venv/lib/python3.13/site-packages/gymnasium/spaces/box.py:231: UserWarning: [33mWARN: Box low's precision lowered by casting to float32, current low.dtype=float64[0m
  gym.logger.warn(
/home/deddy/repos/outofthisworldmodel/.venv/lib/python3.13/site-packages/gymnasium/spaces/box.py:297: UserWarning: [33mWARN: Box high's precision lowered by casting to float32, current high.dtype=float64[0m
  gym.logger.warn(
/home/deddy/repos/outofthisworldmodel/.venv/lib/python3.13/site-packages/gymnasium/spaces/box.py:231: UserWarning: [33mWARN: Box low's precision lowered by casting to float32, current low.dtype=float64[0m
  gym.logger.warn(
/home/deddy/repos/outofthisworldmodel/.venv/lib/python3.13/site-packages/gymnasium/spaces/box.py:297: UserWarning: [33mWARN: Box high's precision lowered by casting to float32, current high.dtype=float64[0m
  gym.logger.warn(
/home/deddy/repos/outofthisworldmodel/.venv/lib/python3.13/site-packages/gymnasium/spaces/box.py:231: UserWarning: [33mWARN: Box low's precision lowered by casting to float32, current low.dtype=float64[0m
  gym.logger.warn(
/home/deddy/repos/outofthisworldmodel/.venv/lib/python3.13/site-packages/gymnasium/spaces/box.py:297: UserWarning: [33mWARN: Box high's precision lowered by casting to float32, current high.dtype=float64[0m
  gym.logger.warn(
/home/deddy/repos/outofthisworldmodel/.venv/lib/python3.13/site-packages/gymnasium/spaces/box.py:231: UserWarning: [33mWARN: Box low's precision lowered by casting to float32, current low.dtype=float64[0m
  gym.logger.warn(
/home/deddy/repos/outofthisworldmodel/.venv/lib/python3.13/site-packages/gymnasium/spaces/box.py:297: UserWarning: [33mWARN: Box high's precision lowered by casting to float32, current high.dtype=float64[0m
  gym.logger.warn(
/home/deddy/repos/outofthisworldmodel/.venv/lib/python3.13/site-packages/gymnasium/spaces/box.py:231: UserWarning: [33mWARN: Box low's precision lowered by casting to float32, current low.dtype=float64[0m
  gym.logger.warn(
/home/deddy/repos/outofthisworldmodel/.venv/lib/python3.13/site-packages/gymnasium/spaces/box.py:297: UserWarning: [33mWARN: Box high's precision lowered by casting to float32, current high.dtype=float64[0m
  gym.logger.warn(
/home/deddy/repos/outofthisworldmodel/.venv/lib/python3.13/site-packages/gymnasium/spaces/box.py:231: UserWarning: [33mWARN: Box low's precision lowered by casting to float32, current low.dtype=float64[0m
  gym.logger.warn(
/home/deddy/repos/outofthisworldmodel/.venv/lib/python3.13/site-packages/gymnasium/spaces/box.py:297: UserWarning: [33mWARN: Box high's precision lowered by casting to float32, current high.dtype=float64[0m
  gym.logger.warn(
/home/deddy/repos/outofthisworldmodel/.venv/lib/python3.13/site-packages/gymnasium/spaces/box.py:231: UserWarning: [33mWARN: Box low's precision lowered by casting to float32, current low.dtype=float64[0m
  gym.logger.warn(
/home/deddy/repos/outofthisworldmodel/.venv/lib/python3.13/site-packages/gymnasium/spaces/box.py:297: UserWarning: [33mWARN: Box high's precision lowered by casting to float32, current high.dtype=float64[0m
  gym.logger.warn(
/home/deddy/repos/outofthisworldmodel/.venv/lib/python3.13/site-packages/gymnasium/spaces/box.py:231: UserWarning: [33mWARN: Box low's precision lowered by casting to float32, current low.dtype=float64[0m
  gym.logger.warn(
/home/deddy/repos/outofthisworldmodel/.venv/lib/python3.13/site-packages/gymnasium/spaces/box.py:297: UserWarning: [33mWARN: Box high's precision lowered by casting to float32, current high.dtype=float64[0m
  gym.logger.warn(
/home/deddy/repos/outofthisworldmodel/.venv/lib/python3.13/site-packages/gymnasium/spaces/box.py:231: UserWarning: [33mWARN: Box low's precision lowered by casting to float32, current low.dtype=float64[0m
  gym.logger.warn(
/home/deddy/repos/outofthisworldmodel/.venv/lib/python3.13/site-packages/gymnasium/spaces/box.py:297: UserWarning: [33mWARN: Box high's precision lowered by casting to float32, current high.dtype=float64[0m
  gym.logger.warn(
/home/deddy/repos/outofthisworldmodel/.venv/lib/python3.13/site-packages/gymnasium/spaces/box.py:231: UserWarning: [33mWARN: Box low's precision lowered by casting to float32, current low.dtype=float64[0m
  gym.logger.warn(
/home/deddy/repos/outofthisworldmodel/.venv/lib/python3.13/site-packages/gymnasium/spaces/box.py:297: UserWarning: [33mWARN: Box high's precision lowered by casting to float32, current high.dtype=float64[0m
  gym.logger.warn(
/home/deddy/repos/outofthisworldmodel/.venv/lib/python3.13/site-packages/gymnasium/spaces/box.py:231: UserWarning: [33mWARN: Box low's precision lowered by casting to float32, current low.dtype=float64[0m
  gym.logger.warn(
/home/deddy/repos/outofthisworldmodel/.venv/lib/python3.13/site-packages/gymnasium/spaces/box.py:297: UserWarning: [33mWARN: Box high's precision lowered by casting to float32, current high.dtype=float64[0m
  gym.logger.warn(
/home/deddy/repos/outofthisworldmodel/.venv/lib/python3.13/site-packages/gymnasium/spaces/box.py:231: UserWarning: [33mWARN: Box low's precision lowered by casting to float32, current low.dtype=float64[0m
  gym.logger.warn(
/home/deddy/repos/outofthisworldmodel/.venv/lib/python3.13/site-packages/gymnasium/spaces/box.py:297: UserWarning: [33mWARN: Box high's precision lowered by casting to float32, current high.dtype=float64[0m
  gym.logger.warn(
/home/deddy/repos/outofthisworldmodel/.venv/lib/python3.13/site-packages/gymnasium/spaces/box.py:231: UserWarning: [33mWARN: Box low's precision lowered by casting to float32, current low.dtype=float64[0m
  gym.logger.warn(
/home/deddy/repos/outofthisworldmodel/.venv/lib/python3.13/site-packages/gymnasium/spaces/box.py:297: UserWarning: [33mWARN: Box high's precision lowered by casting to float32, current high.dtype=float64[0m
  gym.logger.warn(
/home/deddy/repos/outofthisworldmodel/.venv/lib/python3.13/site-packages/gymnasium/spaces/box.py:231: UserWarning: [33mWARN: Box low's precision lowered by casting to float32, current low.dtype=float64[0m
  gym.logger.warn(
/home/deddy/repos/outofthisworldmodel/.venv/lib/python3.13/site-packages/gymnasium/spaces/box.py:297: UserWarning: [33mWARN: Box high's precision lowered by casting to float32, current high.dtype=float64[0m
  gym.logger.warn(
/home/deddy/repos/outofthisworldmodel/.venv/lib/python3.13/site-packages/gymnasium/spaces/box.py:231: UserWarning: [33mWARN: Box low's precision lowered by casting to float32, current low.dtype=float64[0m
  gym.logger.warn(
/home/deddy/repos/outofthisworldmodel/.venv/lib/python3.13/site-packages/gymnasium/spaces/box.py:297: UserWarning: [33mWARN: Box high's precision lowered by casting to float32, current high.dtype=float64[0m
  gym.logger.warn(
/home/deddy/repos/outofthisworldmodel/.venv/lib/python3.13/site-packages/gymnasium/spaces/box.py:231: UserWarning: [33mWARN: Box low's precision lowered by casting to float32, current low.dtype=float64[0m
  gym.logger.warn(
/home/deddy/repos/outofthisworldmodel/.venv/lib/python3.13/site-packages/gymnasium/spaces/box.py:297: UserWarning: [33mWARN: Box high's precision lowered by casting to float32, current high.dtype=float64[0m
  gym.logger.warn(
2026-08-12 05:59:03,477 - wandb.wandb_agent - INFO - Agent received command: stop
2026-08-12 05:59:03,478 - wandb.wandb_agent - INFO - Stop: l43gxwd9
2026-08-12 05:59:08,502 - wandb.wandb_agent - INFO - Cleaning up finished run: l43gxwd9
2026-08-12 05:59:09,422 - wandb.wandb_agent - INFO - Agent received command: run
2026-08-12 05:59:09,422 - wandb.wandb_agent - INFO - Agent starting run with config:
	algo: sac
	batch_size: 256
	buffer_size: 1000000
	gamma: 0.9995
	gradient_steps: 8
	learning_rate: 0.0006992928203758834
	learning_starts: 10000
	seed: 0
	tau: 0.0019756151335686
	train_freq: 4
	trial_timesteps: 500000
2026-08-12 05:59:09,424 - wandb.wandb_agent - INFO - About to run command: /usr/bin/env uv run python -m owm.baselines.rl.sweep_trial
wandb: [wandb.login()] Loaded credentials for https://api.wandb.ai from WANDB_API_KEY.
wandb: Currently logged in as: duncaneddy (duncan-world-models) to https://api.wandb.ai. Use `wandb login --relogin` to force relogin
wandb: Tracking run with wandb version 0.28.1
wandb: Run data is saved locally in /home/deddy/repos/outofthisworldmodel/wandb/run-20260812_055912-5tamzcda
wandb: Run `wandb offline` to turn off syncing.
wandb: Syncing run misunderstood-sweep-14
wandb: ⭐️ View project at https://wandb.ai/duncan-world-models/amos-out-of-this-world-model
wandb: 🧹 View sweep at https://wandb.ai/duncan-world-models/amos-out-of-this-world-model/sweeps/bm88x06x
wandb: 🚀 View run at https://wandb.ai/duncan-world-models/amos-out-of-this-world-model/runs/5tamzcda
2026-08-12 05:59:14,450 - wandb.wandb_agent - INFO - Running runs: ['5tamzcda']
/home/deddy/repos/outofthisworldmodel/.venv/lib/python3.13/site-packages/gymnasium/spaces/box.py:231: UserWarning: [33mWARN: Box low's precision lowered by casting to float32, current low.dtype=float64[0m
  gym.logger.warn(
/home/deddy/repos/outofthisworldmodel/.venv/lib/python3.13/site-packages/gymnasium/spaces/box.py:297: UserWarning: [33mWARN: Box high's precision lowered by casting to float32, current high.dtype=float64[0m
  gym.logger.warn(
/home/deddy/repos/outofthisworldmodel/.venv/lib/python3.13/site-packages/gymnasium/spaces/box.py:231: UserWarning: [33mWARN: Box low's precision lowered by casting to float32, current low.dtype=float64[0m
  gym.logger.warn(
/home/deddy/repos/outofthisworldmodel/.venv/lib/python3.13/site-packages/gymnasium/spaces/box.py:297: UserWarning: [33mWARN: Box high's precision lowered by casting to float32, current high.dtype=float64[0m
  gym.logger.warn(
/home/deddy/repos/outofthisworldmodel/.venv/lib/python3.13/site-packages/gymnasium/spaces/box.py:231: UserWarning: [33mWARN: Box low's precision lowered by casting to float32, current low.dtype=float64[0m
  gym.logger.warn(
/home/deddy/repos/outofthisworldmodel/.venv/lib/python3.13/site-packages/gymnasium/spaces/box.py:297: UserWarning: [33mWARN: Box high's precision lowered by casting to float32, current high.dtype=float64[0m
  gym.logger.warn(
/home/deddy/repos/outofthisworldmodel/.venv/lib/python3.13/site-packages/gymnasium/spaces/box.py:231: UserWarning: [33mWARN: Box low's precision lowered by casting to float32, current low.dtype=float64[0m
  gym.logger.warn(
/home/deddy/repos/outofthisworldmodel/.venv/lib/python3.13/site-packages/gymnasium/spaces/box.py:297: UserWarning: [33mWARN: Box high's precision lowered by casting to float32, current high.dtype=float64[0m
  gym.logger.warn(
2026-08-12 06:09:02,260 - wandb.wandb_agent - INFO - Agent received command: stop
2026-08-12 06:09:02,261 - wandb.wandb_agent - INFO - Stop: 3fbz2rfv
2026-08-12 06:09:07,286 - wandb.wandb_agent - INFO - Cleaning up finished run: 3fbz2rfv
2026-08-12 06:09:08,242 - wandb.wandb_agent - INFO - Agent received command: run
2026-08-12 06:09:08,242 - wandb.wandb_agent - INFO - Agent starting run with config:
	algo: ppo
	batch_size: 512
	clip_range: 0.3
	ent_coef: 3.654328979187397e-08
	gae_lambda: 0.9544354216890906
	gamma: 0.995
	learning_rate: 1.5207404296980306e-05
	n_epochs: 10
	n_steps: 1024
	seed: 0
	trial_timesteps: 500000
2026-08-12 06:09:08,244 - wandb.wandb_agent - INFO - About to run command: /usr/bin/env uv run python -m owm.baselines.rl.sweep_trial
wandb: [wandb.login()] Loaded credentials for https://api.wandb.ai from WANDB_API_KEY.
wandb: Currently logged in as: duncaneddy (duncan-world-models) to https://api.wandb.ai. Use `wandb login --relogin` to force relogin
wandb: Tracking run with wandb version 0.28.1
wandb: Run data is saved locally in /home/deddy/repos/outofthisworldmodel/wandb/run-20260812_060911-bd847vkd
wandb: Run `wandb offline` to turn off syncing.
wandb: Syncing run glorious-sweep-11
wandb: ⭐️ View project at https://wandb.ai/duncan-world-models/amos-out-of-this-world-model
wandb: 🧹 View sweep at https://wandb.ai/duncan-world-models/amos-out-of-this-world-model/sweeps/wy4vs8ws
wandb: 🚀 View run at https://wandb.ai/duncan-world-models/amos-out-of-this-world-model/runs/bd847vkd
2026-08-12 06:09:13,271 - wandb.wandb_agent - INFO - Running runs: ['bd847vkd']
/home/deddy/repos/outofthisworldmodel/.venv/lib/python3.13/site-packages/gymnasium/spaces/box.py:231: UserWarning: [33mWARN: Box low's precision lowered by casting to float32, current low.dtype=float64[0m
  gym.logger.warn(
/home/deddy/repos/outofthisworldmodel/.venv/lib/python3.13/site-packages/gymnasium/spaces/box.py:297: UserWarning: [33mWARN: Box high's precision lowered by casting to float32, current high.dtype=float64[0m
  gym.logger.warn(
/home/deddy/repos/outofthisworldmodel/.venv/lib/python3.13/site-packages/gymnasium/spaces/box.py:231: UserWarning: [33mWARN: Box low's precision lowered by casting to float32, current low.dtype=float64[0m
  gym.logger.warn(
/home/deddy/repos/outofthisworldmodel/.venv/lib/python3.13/site-packages/gymnasium/spaces/box.py:297: UserWarning: [33mWARN: Box high's precision lowered by casting to float32, current high.dtype=float64[0m
  gym.logger.warn(
/home/deddy/repos/outofthisworldmodel/.venv/lib/python3.13/site-packages/gymnasium/spaces/box.py:231: UserWarning: [33mWARN: Box low's precision lowered by casting to float32, current low.dtype=float64[0m
  gym.logger.warn(
/home/deddy/repos/outofthisworldmodel/.venv/lib/python3.13/site-packages/gymnasium/spaces/box.py:297: UserWarning: [33mWARN: Box high's precision lowered by casting to float32, current high.dtype=float64[0m
  gym.logger.warn(
/home/deddy/repos/outofthisworldmodel/.venv/lib/python3.13/site-packages/gymnasium/spaces/box.py:231: UserWarning: [33mWARN: Box low's precision lowered by casting to float32, current low.dtype=float64[0m
  gym.logger.warn(
/home/deddy/repos/outofthisworldmodel/.venv/lib/python3.13/site-packages/gymnasium/spaces/box.py:297: UserWarning: [33mWARN: Box high's precision lowered by casting to float32, current high.dtype=float64[0m
  gym.logger.warn(
/home/deddy/repos/outofthisworldmodel/.venv/lib/python3.13/site-packages/gymnasium/spaces/box.py:231: UserWarning: [33mWARN: Box low's precision lowered by casting to float32, current low.dtype=float64[0m
  gym.logger.warn(
/home/deddy/repos/outofthisworldmodel/.venv/lib/python3.13/site-packages/gymnasium/spaces/box.py:297: UserWarning: [33mWARN: Box high's precision lowered by casting to float32, current high.dtype=float64[0m
  gym.logger.warn(
/home/deddy/repos/outofthisworldmodel/.venv/lib/python3.13/site-packages/gymnasium/spaces/box.py:231: UserWarning: [33mWARN: Box low's precision lowered by casting to float32, current low.dtype=float64[0m
  gym.logger.warn(
/home/deddy/repos/outofthisworldmodel/.venv/lib/python3.13/site-packages/gymnasium/spaces/box.py:297: UserWarning: [33mWARN: Box high's precision lowered by casting to float32, current high.dtype=float64[0m
  gym.logger.warn(
/home/deddy/repos/outofthisworldmodel/.venv/lib/python3.13/site-packages/gymnasium/spaces/box.py:231: UserWarning: [33mWARN: Box low's precision lowered by casting to float32, current low.dtype=float64[0m
  gym.logger.warn(
/home/deddy/repos/outofthisworldmodel/.venv/lib/python3.13/site-packages/gymnasium/spaces/box.py:297: UserWarning: [33mWARN: Box high's precision lowered by casting to float32, current high.dtype=float64[0m
  gym.logger.warn(
/home/deddy/repos/outofthisworldmodel/.venv/lib/python3.13/site-packages/gymnasium/spaces/box.py:231: UserWarning: [33mWARN: Box low's precision lowered by casting to float32, current low.dtype=float64[0m
  gym.logger.warn(
/home/deddy/repos/outofthisworldmodel/.venv/lib/python3.13/site-packages/gymnasium/spaces/box.py:297: UserWarning: [33mWARN: Box high's precision lowered by casting to float32, current high.dtype=float64[0m
  gym.logger.warn(
/home/deddy/repos/outofthisworldmodel/.venv/lib/python3.13/site-packages/gymnasium/spaces/box.py:231: UserWarning: [33mWARN: Box low's precision lowered by casting to float32, current low.dtype=float64[0m
  gym.logger.warn(
/home/deddy/repos/outofthisworldmodel/.venv/lib/python3.13/site-packages/gymnasium/spaces/box.py:297: UserWarning: [33mWARN: Box high's precision lowered by casting to float32, current high.dtype=float64[0m
  gym.logger.warn(
/home/deddy/repos/outofthisworldmodel/.venv/lib/python3.13/site-packages/gymnasium/spaces/box.py:231: UserWarning: [33mWARN: Box low's precision lowered by casting to float32, current low.dtype=float64[0m
  gym.logger.warn(
/home/deddy/repos/outofthisworldmodel/.venv/lib/python3.13/site-packages/gymnasium/spaces/box.py:297: UserWarning: [33mWARN: Box high's precision lowered by casting to float32, current high.dtype=float64[0m
  gym.logger.warn(
/home/deddy/repos/outofthisworldmodel/.venv/lib/python3.13/site-packages/gymnasium/spaces/box.py:231: UserWarning: [33mWARN: Box low's precision lowered by casting to float32, current low.dtype=float64[0m
  gym.logger.warn(
/home/deddy/repos/outofthisworldmodel/.venv/lib/python3.13/site-packages/gymnasium/spaces/box.py:297: UserWarning: [33mWARN: Box high's precision lowered by casting to float32, current high.dtype=float64[0m
  gym.logger.warn(
/home/deddy/repos/outofthisworldmodel/.venv/lib/python3.13/site-packages/gymnasium/spaces/box.py:231: UserWarning: [33mWARN: Box low's precision lowered by casting to float32, current low.dtype=float64[0m
  gym.logger.warn(
/home/deddy/repos/outofthisworldmodel/.venv/lib/python3.13/site-packages/gymnasium/spaces/box.py:297: UserWarning: [33mWARN: Box high's precision lowered by casting to float32, current high.dtype=float64[0m
  gym.logger.warn(
/home/deddy/repos/outofthisworldmodel/.venv/lib/python3.13/site-packages/gymnasium/spaces/box.py:231: UserWarning: [33mWARN: Box low's precision lowered by casting to float32, current low.dtype=float64[0m
  gym.logger.warn(
/home/deddy/repos/outofthisworldmodel/.venv/lib/python3.13/site-packages/gymnasium/spaces/box.py:297: UserWarning: [33mWARN: Box high's precision lowered by casting to float32, current high.dtype=float64[0m
  gym.logger.warn(
/home/deddy/repos/outofthisworldmodel/.venv/lib/python3.13/site-packages/gymnasium/spaces/box.py:231: UserWarning: [33mWARN: Box low's precision lowered by casting to float32, current low.dtype=float64[0m
  gym.logger.warn(
/home/deddy/repos/outofthisworldmodel/.venv/lib/python3.13/site-packages/gymnasium/spaces/box.py:297: UserWarning: [33mWARN: Box high's precision lowered by casting to float32, current high.dtype=float64[0m
  gym.logger.warn(
/home/deddy/repos/outofthisworldmodel/.venv/lib/python3.13/site-packages/gymnasium/spaces/box.py:231: UserWarning: [33mWARN: Box low's precision lowered by casting to float32, current low.dtype=float64[0m
  gym.logger.warn(
/home/deddy/repos/outofthisworldmodel/.venv/lib/python3.13/site-packages/gymnasium/spaces/box.py:297: UserWarning: [33mWARN: Box high's precision lowered by casting to float32, current high.dtype=float64[0m
  gym.logger.warn(
/home/deddy/repos/outofthisworldmodel/.venv/lib/python3.13/site-packages/gymnasium/spaces/box.py:231: UserWarning: [33mWARN: Box low's precision lowered by casting to float32, current low.dtype=float64[0m
  gym.logger.warn(
/home/deddy/repos/outofthisworldmodel/.venv/lib/python3.13/site-packages/gymnasium/spaces/box.py:297: UserWarning: [33mWARN: Box high's precision lowered by casting to float32, current high.dtype=float64[0m
  gym.logger.warn(
/home/deddy/repos/outofthisworldmodel/.venv/lib/python3.13/site-packages/gymnasium/spaces/box.py:231: UserWarning: [33mWARN: Box low's precision lowered by casting to float32, current low.dtype=float64[0m
  gym.logger.warn(
/home/deddy/repos/outofthisworldmodel/.venv/lib/python3.13/site-packages/gymnasium/spaces/box.py:297: UserWarning: [33mWARN: Box high's precision lowered by casting to float32, current high.dtype=float64[0m
  gym.logger.warn(
/home/deddy/repos/outofthisworldmodel/.venv/lib/python3.13/site-packages/gymnasium/spaces/box.py:231: UserWarning: [33mWARN: Box low's precision lowered by casting to float32, current low.dtype=float64[0m
  gym.logger.warn(
/home/deddy/repos/outofthisworldmodel/.venv/lib/python3.13/site-packages/gymnasium/spaces/box.py:297: UserWarning: [33mWARN: Box high's precision lowered by casting to float32, current high.dtype=float64[0m
  gym.logger.warn(
/home/deddy/repos/outofthisworldmodel/.venv/lib/python3.13/site-packages/gymnasium/spaces/box.py:231: UserWarning: [33mWARN: Box low's precision lowered by casting to float32, current low.dtype=float64[0m
  gym.logger.warn(
/home/deddy/repos/outofthisworldmodel/.venv/lib/python3.13/site-packages/gymnasium/spaces/box.py:297: UserWarning: [33mWARN: Box high's precision lowered by casting to float32, current high.dtype=float64[0m
  gym.logger.warn(
/home/deddy/repos/outofthisworldmodel/.venv/lib/python3.13/site-packages/gymnasium/spaces/box.py:231: UserWarning: [33mWARN: Box low's precision lowered by casting to float32, current low.dtype=float64[0m
  gym.logger.warn(
/home/deddy/repos/outofthisworldmodel/.venv/lib/python3.13/site-packages/gymnasium/spaces/box.py:297: UserWarning: [33mWARN: Box high's precision lowered by casting to float32, current high.dtype=float64[0m
  gym.logger.warn(
2026-08-12 06:57:04,160 - wandb.wandb_agent - INFO - Agent received command: stop
2026-08-12 06:57:04,161 - wandb.wandb_agent - INFO - Stop: 5tamzcda
2026-08-12 06:57:09,186 - wandb.wandb_agent - INFO - Cleaning up finished run: 5tamzcda
2026-08-12 06:57:10,120 - wandb.wandb_agent - INFO - Agent received command: run
2026-08-12 06:57:10,121 - wandb.wandb_agent - INFO - Agent starting run with config:
	algo: sac
	batch_size: 512
	buffer_size: 1000000
	gamma: 0.995
	gradient_steps: 8
	learning_rate: 0.00017663555530823957
	learning_starts: 5000
	seed: 0
	tau: 0.017500737623051425
	train_freq: 1
	trial_timesteps: 500000
2026-08-12 06:57:10,122 - wandb.wandb_agent - INFO - About to run command: /usr/bin/env uv run python -m owm.baselines.rl.sweep_trial
wandb: [wandb.login()] Loaded credentials for https://api.wandb.ai from WANDB_API_KEY.
wandb: Currently logged in as: duncaneddy (duncan-world-models) to https://api.wandb.ai. Use `wandb login --relogin` to force relogin
wandb: Tracking run with wandb version 0.28.1
wandb: Run data is saved locally in /home/deddy/repos/outofthisworldmodel/wandb/run-20260812_065713-lcfhn398
wandb: Run `wandb offline` to turn off syncing.
wandb: Syncing run dainty-sweep-15
wandb: ⭐️ View project at https://wandb.ai/duncan-world-models/amos-out-of-this-world-model
wandb: 🧹 View sweep at https://wandb.ai/duncan-world-models/amos-out-of-this-world-model/sweeps/bm88x06x
wandb: 🚀 View run at https://wandb.ai/duncan-world-models/amos-out-of-this-world-model/runs/lcfhn398
2026-08-12 06:57:15,138 - wandb.wandb_agent - INFO - Running runs: ['lcfhn398']
/home/deddy/repos/outofthisworldmodel/.venv/lib/python3.13/site-packages/gymnasium/spaces/box.py:231: UserWarning: [33mWARN: Box low's precision lowered by casting to float32, current low.dtype=float64[0m
  gym.logger.warn(
/home/deddy/repos/outofthisworldmodel/.venv/lib/python3.13/site-packages/gymnasium/spaces/box.py:297: UserWarning: [33mWARN: Box high's precision lowered by casting to float32, current high.dtype=float64[0m
  gym.logger.warn(
/home/deddy/repos/outofthisworldmodel/.venv/lib/python3.13/site-packages/gymnasium/spaces/box.py:231: UserWarning: [33mWARN: Box low's precision lowered by casting to float32, current low.dtype=float64[0m
  gym.logger.warn(
/home/deddy/repos/outofthisworldmodel/.venv/lib/python3.13/site-packages/gymnasium/spaces/box.py:297: UserWarning: [33mWARN: Box high's precision lowered by casting to float32, current high.dtype=float64[0m
  gym.logger.warn(
/home/deddy/repos/outofthisworldmodel/.venv/lib/python3.13/site-packages/gymnasium/spaces/box.py:231: UserWarning: [33mWARN: Box low's precision lowered by casting to float32, current low.dtype=float64[0m
  gym.logger.warn(
/home/deddy/repos/outofthisworldmodel/.venv/lib/python3.13/site-packages/gymnasium/spaces/box.py:297: UserWarning: [33mWARN: Box high's precision lowered by casting to float32, current high.dtype=float64[0m
  gym.logger.warn(
/home/deddy/repos/outofthisworldmodel/.venv/lib/python3.13/site-packages/gymnasium/spaces/box.py:231: UserWarning: [33mWARN: Box low's precision lowered by casting to float32, current low.dtype=float64[0m
  gym.logger.warn(
/home/deddy/repos/outofthisworldmodel/.venv/lib/python3.13/site-packages/gymnasium/spaces/box.py:297: UserWarning: [33mWARN: Box high's precision lowered by casting to float32, current high.dtype=float64[0m
  gym.logger.warn(
wandb: uploading artifact bd847vkd-model; updating run metadata
wandb: uploading history steps 858-858, summary, console lines 9-9
wandb: 
wandb: Run history:
wandb:    docking/collision_rate ▁▁▁▁▁▁▁▁▁▁▁▁▁▁▁▁▁▁▁▁▁▁▁▁▁▁███▇▇▇▆▆▆▆▆▆▆▆
wandb:       docking/docked_rate ▁▁▁▁▁▁▁▁▁▁▁▁▁▁▁▁▁▁▁▁▁▁▁▁▁▁▁▁▁▁▁▁▁▁▁▁▁▁▁▁
wandb:    docking/ep_min_att_rad ▄▁▄▄▇▆▁▂▄▂▄▄▂▄▃▃▆▁▃▂▆▄▁▄▃▇▃▂▃▅▃▁▃▄█▃▃▂▂▇
wandb:      docking/ep_min_pos_m ▃▅▇▅▂▃█▇▅▄▅▃▅▇▄▄▆▄▃▂▂▃▁▆▅▄▅▃▂█▂▃▆▆▆▁▂▃▅▃
wandb: docking/ep_min_rate_radps ▆█▃▂▆▆▂▆▁▅▂▄▃▂▆▄█▃▇▆▄▇▄▄▆▃▇█▄▅▅▅▃▃▄█▃▄▂▇
wandb:    docking/ep_min_vel_mps ▂▃▂▃▆▆▂▂▃▅▆▅██▄▇▂▅▃▃█▂▅▄▅▁▃▇▂▂▆▂▂█▅▄▄▆▄▆
wandb:          docking/episodes ▁▁▁▁▁▂▂▂▂▂▂▃▃▃▃▃▃▄▄▄▄▄▄▅▅▆▆▆▆▆▇▇▇▇▇▇▇███
wandb:      docking/escaped_rate ▁▁▁▁▁▁▁▁▁▁▁▁▁▁▁▁▁▁▁▁▁▁▁▁▁▁▁▁▁▁▁▁▁▁▁████▇
wandb:        docking/port_index ▆▅▁██▃██▃█▁███▅▆▁█▁▅█▃▆█▃▆▃▃▆█▆▁▅█▅▅▆▁▁█
wandb:    docking/truncated_rate ████████████████████████▄▄▅▅▅▅▅▅▅▅▅▃▃▃▃▁
wandb:                       +30 ...
wandb: 
wandb: Run summary:
wandb:    docking/collision_rate 0.01538
wandb:       docking/docked_rate 0
wandb:    docking/ep_min_att_rad 1.95352
wandb:      docking/ep_min_pos_m 488.96936
wandb: docking/ep_min_rate_radps 0.00063
wandb:    docking/ep_min_vel_mps 0.00882
wandb:          docking/episodes 65
wandb:      docking/escaped_rate 0.03077
wandb:        docking/port_index 3
wandb:    docking/truncated_rate 0.95385
wandb:                       +30 ...
wandb: 
wandb: 🚀 View run glorious-sweep-11 at: https://wandb.ai/duncan-world-models/amos-out-of-this-world-model/runs/bd847vkd
wandb: ⭐️ View project at: https://wandb.ai/duncan-world-models/amos-out-of-this-world-model
wandb: Synced 5 W&B file(s), 30 media file(s), 3 artifact file(s) and 1 other file(s)
wandb: Find logs at: ./wandb/run-20260812_060911-bd847vkd/logs
[val] step 100000: mean_return -6020.1, outcomes: truncated, truncated, truncated, truncated, truncated
[val] step 200000: mean_return -8011.5, outcomes: escaped, truncated, truncated, truncated, truncated
[val] step 300000: mean_return -208842.9, outcomes: escaped, truncated, truncated, truncated, collision
[val] step 400000: mean_return -10247.5, outcomes: escaped, truncated, escaped, truncated, truncated
[val] step 500000: mean_return -14583.1, outcomes: escaped, escaped, escaped, truncated, escaped
[val] step 507904: mean_return -14433.3, outcomes: escaped, escaped, escaped, truncated, escaped
2026-08-12 06:59:17,509 - wandb.wandb_agent - INFO - Cleaning up finished run: bd847vkd
2026-08-12 06:59:18,549 - wandb.wandb_agent - INFO - Agent received command: run
2026-08-12 06:59:18,550 - wandb.wandb_agent - INFO - Agent starting run with config:
	algo: ppo
	batch_size: 256
	clip_range: 0.2
	ent_coef: 1.5843999016082243e-08
	gae_lambda: 0.938240398910316
	gamma: 0.9995
	learning_rate: 0.00010713389072801488
	n_epochs: 20
	n_steps: 512
	seed: 0
	trial_timesteps: 500000
2026-08-12 06:59:18,551 - wandb.wandb_agent - INFO - About to run command: /usr/bin/env uv run python -m owm.baselines.rl.sweep_trial
wandb: [wandb.login()] Loaded credentials for https://api.wandb.ai from WANDB_API_KEY.
wandb: Currently logged in as: duncaneddy (duncan-world-models) to https://api.wandb.ai. Use `wandb login --relogin` to force relogin
wandb: Tracking run with wandb version 0.28.1
wandb: Run data is saved locally in /home/deddy/repos/outofthisworldmodel/wandb/run-20260812_065921-45bqv602
wandb: Run `wandb offline` to turn off syncing.
wandb: Syncing run eternal-sweep-12
wandb: ⭐️ View project at https://wandb.ai/duncan-world-models/amos-out-of-this-world-model
wandb: 🧹 View sweep at https://wandb.ai/duncan-world-models/amos-out-of-this-world-model/sweeps/wy4vs8ws
wandb: 🚀 View run at https://wandb.ai/duncan-world-models/amos-out-of-this-world-model/runs/45bqv602
2026-08-12 06:59:23,578 - wandb.wandb_agent - INFO - Running runs: ['45bqv602']
/home/deddy/repos/outofthisworldmodel/.venv/lib/python3.13/site-packages/gymnasium/spaces/box.py:231: UserWarning: [33mWARN: Box low's precision lowered by casting to float32, current low.dtype=float64[0m
  gym.logger.warn(
/home/deddy/repos/outofthisworldmodel/.venv/lib/python3.13/site-packages/gymnasium/spaces/box.py:297: UserWarning: [33mWARN: Box high's precision lowered by casting to float32, current high.dtype=float64[0m
  gym.logger.warn(
/home/deddy/repos/outofthisworldmodel/.venv/lib/python3.13/site-packages/gymnasium/spaces/box.py:231: UserWarning: [33mWARN: Box low's precision lowered by casting to float32, current low.dtype=float64[0m
  gym.logger.warn(
/home/deddy/repos/outofthisworldmodel/.venv/lib/python3.13/site-packages/gymnasium/spaces/box.py:297: UserWarning: [33mWARN: Box high's precision lowered by casting to float32, current high.dtype=float64[0m
  gym.logger.warn(
/home/deddy/repos/outofthisworldmodel/.venv/lib/python3.13/site-packages/gymnasium/spaces/box.py:231: UserWarning: [33mWARN: Box low's precision lowered by casting to float32, current low.dtype=float64[0m
  gym.logger.warn(
/home/deddy/repos/outofthisworldmodel/.venv/lib/python3.13/site-packages/gymnasium/spaces/box.py:297: UserWarning: [33mWARN: Box high's precision lowered by casting to float32, current high.dtype=float64[0m
  gym.logger.warn(
/home/deddy/repos/outofthisworldmodel/.venv/lib/python3.13/site-packages/gymnasium/spaces/box.py:231: UserWarning: [33mWARN: Box low's precision lowered by casting to float32, current low.dtype=float64[0m
  gym.logger.warn(
/home/deddy/repos/outofthisworldmodel/.venv/lib/python3.13/site-packages/gymnasium/spaces/box.py:297: UserWarning: [33mWARN: Box high's precision lowered by casting to float32, current high.dtype=float64[0m
  gym.logger.warn(
/home/deddy/repos/outofthisworldmodel/.venv/lib/python3.13/site-packages/gymnasium/spaces/box.py:231: UserWarning: [33mWARN: Box low's precision lowered by casting to float32, current low.dtype=float64[0m
  gym.logger.warn(
/home/deddy/repos/outofthisworldmodel/.venv/lib/python3.13/site-packages/gymnasium/spaces/box.py:297: UserWarning: [33mWARN: Box high's precision lowered by casting to float32, current high.dtype=float64[0m
  gym.logger.warn(
/home/deddy/repos/outofthisworldmodel/.venv/lib/python3.13/site-packages/gymnasium/spaces/box.py:231: UserWarning: [33mWARN: Box low's precision lowered by casting to float32, current low.dtype=float64[0m
  gym.logger.warn(
/home/deddy/repos/outofthisworldmodel/.venv/lib/python3.13/site-packages/gymnasium/spaces/box.py:297: UserWarning: [33mWARN: Box high's precision lowered by casting to float32, current high.dtype=float64[0m
  gym.logger.warn(
/home/deddy/repos/outofthisworldmodel/.venv/lib/python3.13/site-packages/gymnasium/spaces/box.py:231: UserWarning: [33mWARN: Box low's precision lowered by casting to float32, current low.dtype=float64[0m
  gym.logger.warn(
/home/deddy/repos/outofthisworldmodel/.venv/lib/python3.13/site-packages/gymnasium/spaces/box.py:297: UserWarning: [33mWARN: Box high's precision lowered by casting to float32, current high.dtype=float64[0m
  gym.logger.warn(
/home/deddy/repos/outofthisworldmodel/.venv/lib/python3.13/site-packages/gymnasium/spaces/box.py:231: UserWarning: [33mWARN: Box low's precision lowered by casting to float32, current low.dtype=float64[0m
  gym.logger.warn(
/home/deddy/repos/outofthisworldmodel/.venv/lib/python3.13/site-packages/gymnasium/spaces/box.py:297: UserWarning: [33mWARN: Box high's precision lowered by casting to float32, current high.dtype=float64[0m
  gym.logger.warn(
/home/deddy/repos/outofthisworldmodel/.venv/lib/python3.13/site-packages/gymnasium/spaces/box.py:231: UserWarning: [33mWARN: Box low's precision lowered by casting to float32, current low.dtype=float64[0m
  gym.logger.warn(
/home/deddy/repos/outofthisworldmodel/.venv/lib/python3.13/site-packages/gymnasium/spaces/box.py:297: UserWarning: [33mWARN: Box high's precision lowered by casting to float32, current high.dtype=float64[0m
  gym.logger.warn(
/home/deddy/repos/outofthisworldmodel/.venv/lib/python3.13/site-packages/gymnasium/spaces/box.py:231: UserWarning: [33mWARN: Box low's precision lowered by casting to float32, current low.dtype=float64[0m
  gym.logger.warn(
/home/deddy/repos/outofthisworldmodel/.venv/lib/python3.13/site-packages/gymnasium/spaces/box.py:297: UserWarning: [33mWARN: Box high's precision lowered by casting to float32, current high.dtype=float64[0m
  gym.logger.warn(
/home/deddy/repos/outofthisworldmodel/.venv/lib/python3.13/site-packages/gymnasium/spaces/box.py:231: UserWarning: [33mWARN: Box low's precision lowered by casting to float32, current low.dtype=float64[0m
  gym.logger.warn(
/home/deddy/repos/outofthisworldmodel/.venv/lib/python3.13/site-packages/gymnasium/spaces/box.py:297: UserWarning: [33mWARN: Box high's precision lowered by casting to float32, current high.dtype=float64[0m
  gym.logger.warn(
/home/deddy/repos/outofthisworldmodel/.venv/lib/python3.13/site-packages/gymnasium/spaces/box.py:231: UserWarning: [33mWARN: Box low's precision lowered by casting to float32, current low.dtype=float64[0m
  gym.logger.warn(
/home/deddy/repos/outofthisworldmodel/.venv/lib/python3.13/site-packages/gymnasium/spaces/box.py:297: UserWarning: [33mWARN: Box high's precision lowered by casting to float32, current high.dtype=float64[0m
  gym.logger.warn(
/home/deddy/repos/outofthisworldmodel/.venv/lib/python3.13/site-packages/gymnasium/spaces/box.py:231: UserWarning: [33mWARN: Box low's precision lowered by casting to float32, current low.dtype=float64[0m
  gym.logger.warn(
/home/deddy/repos/outofthisworldmodel/.venv/lib/python3.13/site-packages/gymnasium/spaces/box.py:297: UserWarning: [33mWARN: Box high's precision lowered by casting to float32, current high.dtype=float64[0m
  gym.logger.warn(
/home/deddy/repos/outofthisworldmodel/.venv/lib/python3.13/site-packages/gymnasium/spaces/box.py:231: UserWarning: [33mWARN: Box low's precision lowered by casting to float32, current low.dtype=float64[0m
  gym.logger.warn(
/home/deddy/repos/outofthisworldmodel/.venv/lib/python3.13/site-packages/gymnasium/spaces/box.py:297: UserWarning: [33mWARN: Box high's precision lowered by casting to float32, current high.dtype=float64[0m
  gym.logger.warn(
2026-08-12 07:19:04,743 - wandb.wandb_agent - INFO - Agent received command: stop
2026-08-12 07:19:04,744 - wandb.wandb_agent - INFO - Stop: 45bqv602
2026-08-12 07:19:09,769 - wandb.wandb_agent - INFO - Cleaning up finished run: 45bqv602
2026-08-12 07:19:10,677 - wandb.wandb_agent - INFO - Agent received command: run
2026-08-12 07:19:10,677 - wandb.wandb_agent - INFO - Agent starting run with config:
	algo: ppo
	batch_size: 1024
	clip_range: 0.2
	ent_coef: 2.0975139671532613e-08
	gae_lambda: 0.9215357872583037
	gamma: 0.995
	learning_rate: 0.00015760927230460656
	n_epochs: 5
	n_steps: 2048
	seed: 0
	trial_timesteps: 500000
2026-08-12 07:19:10,679 - wandb.wandb_agent - INFO - About to run command: /usr/bin/env uv run python -m owm.baselines.rl.sweep_trial
wandb: [wandb.login()] Loaded credentials for https://api.wandb.ai from WANDB_API_KEY.
wandb: Currently logged in as: duncaneddy (duncan-world-models) to https://api.wandb.ai. Use `wandb login --relogin` to force relogin
wandb: Tracking run with wandb version 0.28.1
wandb: Run data is saved locally in /home/deddy/repos/outofthisworldmodel/wandb/run-20260812_071914-zypap82v
wandb: Run `wandb offline` to turn off syncing.
wandb: Syncing run comfy-sweep-13
wandb: ⭐️ View project at https://wandb.ai/duncan-world-models/amos-out-of-this-world-model
wandb: 🧹 View sweep at https://wandb.ai/duncan-world-models/amos-out-of-this-world-model/sweeps/wy4vs8ws
wandb: 🚀 View run at https://wandb.ai/duncan-world-models/amos-out-of-this-world-model/runs/zypap82v
2026-08-12 07:19:15,705 - wandb.wandb_agent - INFO - Running runs: ['zypap82v']
/home/deddy/repos/outofthisworldmodel/.venv/lib/python3.13/site-packages/gymnasium/spaces/box.py:231: UserWarning: [33mWARN: Box low's precision lowered by casting to float32, current low.dtype=float64[0m
  gym.logger.warn(
/home/deddy/repos/outofthisworldmodel/.venv/lib/python3.13/site-packages/gymnasium/spaces/box.py:297: UserWarning: [33mWARN: Box high's precision lowered by casting to float32, current high.dtype=float64[0m
  gym.logger.warn(
/home/deddy/repos/outofthisworldmodel/.venv/lib/python3.13/site-packages/gymnasium/spaces/box.py:231: UserWarning: [33mWARN: Box low's precision lowered by casting to float32, current low.dtype=float64[0m
  gym.logger.warn(
/home/deddy/repos/outofthisworldmodel/.venv/lib/python3.13/site-packages/gymnasium/spaces/box.py:297: UserWarning: [33mWARN: Box high's precision lowered by casting to float32, current high.dtype=float64[0m
  gym.logger.warn(
/home/deddy/repos/outofthisworldmodel/.venv/lib/python3.13/site-packages/gymnasium/spaces/box.py:231: UserWarning: [33mWARN: Box low's precision lowered by casting to float32, current low.dtype=float64[0m
  gym.logger.warn(
/home/deddy/repos/outofthisworldmodel/.venv/lib/python3.13/site-packages/gymnasium/spaces/box.py:297: UserWarning: [33mWARN: Box high's precision lowered by casting to float32, current high.dtype=float64[0m
  gym.logger.warn(
/home/deddy/repos/outofthisworldmodel/.venv/lib/python3.13/site-packages/gymnasium/spaces/box.py:231: UserWarning: [33mWARN: Box low's precision lowered by casting to float32, current low.dtype=float64[0m
  gym.logger.warn(
/home/deddy/repos/outofthisworldmodel/.venv/lib/python3.13/site-packages/gymnasium/spaces/box.py:297: UserWarning: [33mWARN: Box high's precision lowered by casting to float32, current high.dtype=float64[0m
  gym.logger.warn(
/home/deddy/repos/outofthisworldmodel/.venv/lib/python3.13/site-packages/gymnasium/spaces/box.py:231: UserWarning: [33mWARN: Box low's precision lowered by casting to float32, current low.dtype=float64[0m
  gym.logger.warn(
/home/deddy/repos/outofthisworldmodel/.venv/lib/python3.13/site-packages/gymnasium/spaces/box.py:297: UserWarning: [33mWARN: Box high's precision lowered by casting to float32, current high.dtype=float64[0m
  gym.logger.warn(
/home/deddy/repos/outofthisworldmodel/.venv/lib/python3.13/site-packages/gymnasium/spaces/box.py:231: UserWarning: [33mWARN: Box low's precision lowered by casting to float32, current low.dtype=float64[0m
  gym.logger.warn(
/home/deddy/repos/outofthisworldmodel/.venv/lib/python3.13/site-packages/gymnasium/spaces/box.py:297: UserWarning: [33mWARN: Box high's precision lowered by casting to float32, current high.dtype=float64[0m
  gym.logger.warn(
/home/deddy/repos/outofthisworldmodel/.venv/lib/python3.13/site-packages/gymnasium/spaces/box.py:231: UserWarning: [33mWARN: Box low's precision lowered by casting to float32, current low.dtype=float64[0m
  gym.logger.warn(
/home/deddy/repos/outofthisworldmodel/.venv/lib/python3.13/site-packages/gymnasium/spaces/box.py:297: UserWarning: [33mWARN: Box high's precision lowered by casting to float32, current high.dtype=float64[0m
  gym.logger.warn(
/home/deddy/repos/outofthisworldmodel/.venv/lib/python3.13/site-packages/gymnasium/spaces/box.py:231: UserWarning: [33mWARN: Box low's precision lowered by casting to float32, current low.dtype=float64[0m
  gym.logger.warn(
/home/deddy/repos/outofthisworldmodel/.venv/lib/python3.13/site-packages/gymnasium/spaces/box.py:297: UserWarning: [33mWARN: Box high's precision lowered by casting to float32, current high.dtype=float64[0m
  gym.logger.warn(
/home/deddy/repos/outofthisworldmodel/.venv/lib/python3.13/site-packages/gymnasium/spaces/box.py:231: UserWarning: [33mWARN: Box low's precision lowered by casting to float32, current low.dtype=float64[0m
  gym.logger.warn(
/home/deddy/repos/outofthisworldmodel/.venv/lib/python3.13/site-packages/gymnasium/spaces/box.py:297: UserWarning: [33mWARN: Box high's precision lowered by casting to float32, current high.dtype=float64[0m
  gym.logger.warn(
/home/deddy/repos/outofthisworldmodel/.venv/lib/python3.13/site-packages/gymnasium/spaces/box.py:231: UserWarning: [33mWARN: Box low's precision lowered by casting to float32, current low.dtype=float64[0m
  gym.logger.warn(
/home/deddy/repos/outofthisworldmodel/.venv/lib/python3.13/site-packages/gymnasium/spaces/box.py:297: UserWarning: [33mWARN: Box high's precision lowered by casting to float32, current high.dtype=float64[0m
  gym.logger.warn(
/home/deddy/repos/outofthisworldmodel/.venv/lib/python3.13/site-packages/gymnasium/spaces/box.py:231: UserWarning: [33mWARN: Box low's precision lowered by casting to float32, current low.dtype=float64[0m
  gym.logger.warn(
/home/deddy/repos/outofthisworldmodel/.venv/lib/python3.13/site-packages/gymnasium/spaces/box.py:297: UserWarning: [33mWARN: Box high's precision lowered by casting to float32, current high.dtype=float64[0m
  gym.logger.warn(
/home/deddy/repos/outofthisworldmodel/.venv/lib/python3.13/site-packages/gymnasium/spaces/box.py:231: UserWarning: [33mWARN: Box low's precision lowered by casting to float32, current low.dtype=float64[0m
  gym.logger.warn(
/home/deddy/repos/outofthisworldmodel/.venv/lib/python3.13/site-packages/gymnasium/spaces/box.py:297: UserWarning: [33mWARN: Box high's precision lowered by casting to float32, current high.dtype=float64[0m
  gym.logger.warn(
/home/deddy/repos/outofthisworldmodel/.venv/lib/python3.13/site-packages/gymnasium/spaces/box.py:231: UserWarning: [33mWARN: Box low's precision lowered by casting to float32, current low.dtype=float64[0m
  gym.logger.warn(
/home/deddy/repos/outofthisworldmodel/.venv/lib/python3.13/site-packages/gymnasium/spaces/box.py:297: UserWarning: [33mWARN: Box high's precision lowered by casting to float32, current high.dtype=float64[0m
  gym.logger.warn(
wandb: uploading artifact 9ty9f94d-model; updating run metadata
wandb: uploading media/images/val/traj_3d_67_e381b2a2bad25f97b82f.png; uploading media/images/val/reward_67_97cb679cec407b20841c.png; uploading media/images/val/control_67_bd461fc5cbe90c72c4b5.png; uploading output.log; uploading wandb-summary.json (+ 4 more)
wandb: 
wandb: Run history:
wandb:    docking/collision_rate ▁▁▁▁█▅▅▄▄▃▃▃▃▃▄▄▄▄▅▄▄▄▄▄▄▄▄▃▃▃▃▃▃▃▃▃▃▄▃▃
wandb:       docking/docked_rate ▁▁▁▁▁▁▁▁▁▁▁▁▁▁▁▁▁▁▁▁▁▁▁▁▁▁▁▁▁▁▁▁▁▁▁▁▁▁▁▁
wandb:    docking/ep_min_att_rad █▂▃▁▄▃▃▂▂▂▄▅▃▃▁▃▂▃▁▂▁▂▃▁▄▆▁▃▆▂▃▃▂▅▅▃▃▄▄▂
wandb:      docking/ep_min_pos_m ▆▅▃▃▁▇▃▄▅▆▃▇▃▇▄▂▃▅▁▂▅▆▅▄█▆▂▅▂▃▆▆▇█▂▁▂▃▅▅
wandb: docking/ep_min_rate_radps ▂▂▅▅▆▄▃▇▂▅▆▇▃▆▆▄█▄▇▃▇█▆▃█▃▃▁▆▄▄▇▇▇▆▆▆▁▇▅
wandb:    docking/ep_min_vel_mps ▄▅▄▃▆▆█▇▆▇▅█▇▆█▅▆▇▇▆▆▇▆▇▆▇▅▁▅▄▆▇█▃▆▆▇█▅▆
wandb:          docking/episodes ▁▁▁▁▂▂▂▂▂▂▃▃▃▃▃▃▄▄▄▄▄▄▄▅▅▅▅▅▆▆▆▆▆▇▇▇▇███
wandb:      docking/escaped_rate ███▄▁▃▄▄▅▅▅▆▆▆▆▆▆▅▅▅▅▅▅▆▆▆▆▅▅▅▅▄▄▅▅▄▄▃▃▄
wandb:        docking/port_index ▃▁▆▅▃█▁▁▁█▅█▆▃█▆▆▁█▁▃▅▅▅▆▁▆█▅▆▁▁▅▅▃▅▁▅▅▃
wandb:    docking/truncated_rate ▁▁▁█▇▅▅▄▄▄▃▃▃▃▃▂▂▂▂▃▃▃▃▃▃▂▂▃▄▄▅▅▅▅▅▅▆▆▆▆
wandb:                       +26 ...
wandb: 
wandb: Run summary:
wandb:    docking/collision_rate 0.06557
wandb:       docking/docked_rate 0
wandb:    docking/ep_min_att_rad 0.38467
wandb:      docking/ep_min_pos_m 293.40639
wandb: docking/ep_min_rate_radps 0.00183
wandb:    docking/ep_min_vel_mps 0.008
wandb:          docking/episodes 61
wandb:      docking/escaped_rate 0.7541
wandb:        docking/port_index 0
wandb:    docking/truncated_rate 0.18033
wandb:                       +26 ...
wandb: 
wandb: 🚀 View run fragrant-sweep-13 at: https://wandb.ai/duncan-world-models/amos-out-of-this-world-model/runs/9ty9f94d
wandb: ⭐️ View project at: https://wandb.ai/duncan-world-models/amos-out-of-this-world-model
wandb: Synced 5 W&B file(s), 15 media file(s), 3 artifact file(s) and 1 other file(s)
wandb: Find logs at: ./wandb/run-20260812_051311-9ty9f94d/logs
[val] step 100000: mean_return -14899.2, outcomes: escaped, escaped, escaped, escaped, escaped
[val] step 200000: mean_return -12241.9, outcomes: escaped, escaped, escaped, escaped, truncated
[sweep] trial exceeded 7200s at 285508 steps; ending training
[val] step 285508: mean_return -13759.5, outcomes: escaped, escaped, truncated, escaped, escaped
2026-08-12 07:22:03,362 - wandb.wandb_agent - INFO - Cleaning up finished run: 9ty9f94d
2026-08-12 07:22:04,267 - wandb.wandb_agent - INFO - Agent received command: run
2026-08-12 07:22:04,268 - wandb.wandb_agent - INFO - Agent starting run with config:
	algo: sac
	batch_size: 512
	buffer_size: 1000000
	gamma: 0.999
	gradient_steps: 8
	learning_rate: 9.208143452936009e-05
	learning_starts: 5000
	seed: 0
	tau: 0.0017095028208712875
	train_freq: 8
	trial_timesteps: 500000
2026-08-12 07:22:04,270 - wandb.wandb_agent - INFO - About to run command: /usr/bin/env uv run python -m owm.baselines.rl.sweep_trial
wandb: [wandb.login()] Loaded credentials for https://api.wandb.ai from WANDB_API_KEY.
wandb: Currently logged in as: duncaneddy (duncan-world-models) to https://api.wandb.ai. Use `wandb login --relogin` to force relogin
wandb: Tracking run with wandb version 0.28.1
wandb: Run data is saved locally in /home/deddy/repos/outofthisworldmodel/wandb/run-20260812_072207-b2texpnr
wandb: Run `wandb offline` to turn off syncing.
wandb: Syncing run deft-sweep-16
wandb: ⭐️ View project at https://wandb.ai/duncan-world-models/amos-out-of-this-world-model
wandb: 🧹 View sweep at https://wandb.ai/duncan-world-models/amos-out-of-this-world-model/sweeps/bm88x06x
wandb: 🚀 View run at https://wandb.ai/duncan-world-models/amos-out-of-this-world-model/runs/b2texpnr
2026-08-12 07:22:09,296 - wandb.wandb_agent - INFO - Running runs: ['b2texpnr']
/home/deddy/repos/outofthisworldmodel/.venv/lib/python3.13/site-packages/gymnasium/spaces/box.py:231: UserWarning: [33mWARN: Box low's precision lowered by casting to float32, current low.dtype=float64[0m
  gym.logger.warn(
/home/deddy/repos/outofthisworldmodel/.venv/lib/python3.13/site-packages/gymnasium/spaces/box.py:297: UserWarning: [33mWARN: Box high's precision lowered by casting to float32, current high.dtype=float64[0m
  gym.logger.warn(
/home/deddy/repos/outofthisworldmodel/.venv/lib/python3.13/site-packages/gymnasium/spaces/box.py:231: UserWarning: [33mWARN: Box low's precision lowered by casting to float32, current low.dtype=float64[0m
  gym.logger.warn(
/home/deddy/repos/outofthisworldmodel/.venv/lib/python3.13/site-packages/gymnasium/spaces/box.py:297: UserWarning: [33mWARN: Box high's precision lowered by casting to float32, current high.dtype=float64[0m
  gym.logger.warn(
/home/deddy/repos/outofthisworldmodel/.venv/lib/python3.13/site-packages/gymnasium/spaces/box.py:231: UserWarning: [33mWARN: Box low's precision lowered by casting to float32, current low.dtype=float64[0m
  gym.logger.warn(
/home/deddy/repos/outofthisworldmodel/.venv/lib/python3.13/site-packages/gymnasium/spaces/box.py:297: UserWarning: [33mWARN: Box high's precision lowered by casting to float32, current high.dtype=float64[0m
  gym.logger.warn(
/home/deddy/repos/outofthisworldmodel/.venv/lib/python3.13/site-packages/gymnasium/spaces/box.py:231: UserWarning: [33mWARN: Box low's precision lowered by casting to float32, current low.dtype=float64[0m
  gym.logger.warn(
/home/deddy/repos/outofthisworldmodel/.venv/lib/python3.13/site-packages/gymnasium/spaces/box.py:297: UserWarning: [33mWARN: Box high's precision lowered by casting to float32, current high.dtype=float64[0m
  gym.logger.warn(
/home/deddy/repos/outofthisworldmodel/.venv/lib/python3.13/site-packages/gymnasium/spaces/box.py:231: UserWarning: [33mWARN: Box low's precision lowered by casting to float32, current low.dtype=float64[0m
  gym.logger.warn(
/home/deddy/repos/outofthisworldmodel/.venv/lib/python3.13/site-packages/gymnasium/spaces/box.py:297: UserWarning: [33mWARN: Box high's precision lowered by casting to float32, current high.dtype=float64[0m
  gym.logger.warn(
/home/deddy/repos/outofthisworldmodel/.venv/lib/python3.13/site-packages/gymnasium/spaces/box.py:231: UserWarning: [33mWARN: Box low's precision lowered by casting to float32, current low.dtype=float64[0m
  gym.logger.warn(
/home/deddy/repos/outofthisworldmodel/.venv/lib/python3.13/site-packages/gymnasium/spaces/box.py:297: UserWarning: [33mWARN: Box high's precision lowered by casting to float32, current high.dtype=float64[0m
  gym.logger.warn(
/home/deddy/repos/outofthisworldmodel/.venv/lib/python3.13/site-packages/gymnasium/spaces/box.py:231: UserWarning: [33mWARN: Box low's precision lowered by casting to float32, current low.dtype=float64[0m
  gym.logger.warn(
/home/deddy/repos/outofthisworldmodel/.venv/lib/python3.13/site-packages/gymnasium/spaces/box.py:297: UserWarning: [33mWARN: Box high's precision lowered by casting to float32, current high.dtype=float64[0m
  gym.logger.warn(
/home/deddy/repos/outofthisworldmodel/.venv/lib/python3.13/site-packages/gymnasium/spaces/box.py:231: UserWarning: [33mWARN: Box low's precision lowered by casting to float32, current low.dtype=float64[0m
  gym.logger.warn(
/home/deddy/repos/outofthisworldmodel/.venv/lib/python3.13/site-packages/gymnasium/spaces/box.py:297: UserWarning: [33mWARN: Box high's precision lowered by casting to float32, current high.dtype=float64[0m
  gym.logger.warn(
/home/deddy/repos/outofthisworldmodel/.venv/lib/python3.13/site-packages/gymnasium/spaces/box.py:231: UserWarning: [33mWARN: Box low's precision lowered by casting to float32, current low.dtype=float64[0m
  gym.logger.warn(
/home/deddy/repos/outofthisworldmodel/.venv/lib/python3.13/site-packages/gymnasium/spaces/box.py:297: UserWarning: [33mWARN: Box high's precision lowered by casting to float32, current high.dtype=float64[0m
  gym.logger.warn(
/home/deddy/repos/outofthisworldmodel/.venv/lib/python3.13/site-packages/gymnasium/spaces/box.py:231: UserWarning: [33mWARN: Box low's precision lowered by casting to float32, current low.dtype=float64[0m
  gym.logger.warn(
/home/deddy/repos/outofthisworldmodel/.venv/lib/python3.13/site-packages/gymnasium/spaces/box.py:297: UserWarning: [33mWARN: Box high's precision lowered by casting to float32, current high.dtype=float64[0m
  gym.logger.warn(
/home/deddy/repos/outofthisworldmodel/.venv/lib/python3.13/site-packages/gymnasium/spaces/box.py:231: UserWarning: [33mWARN: Box low's precision lowered by casting to float32, current low.dtype=float64[0m
  gym.logger.warn(
/home/deddy/repos/outofthisworldmodel/.venv/lib/python3.13/site-packages/gymnasium/spaces/box.py:297: UserWarning: [33mWARN: Box high's precision lowered by casting to float32, current high.dtype=float64[0m
  gym.logger.warn(
/home/deddy/repos/outofthisworldmodel/.venv/lib/python3.13/site-packages/gymnasium/spaces/box.py:231: UserWarning: [33mWARN: Box low's precision lowered by casting to float32, current low.dtype=float64[0m
  gym.logger.warn(
/home/deddy/repos/outofthisworldmodel/.venv/lib/python3.13/site-packages/gymnasium/spaces/box.py:297: UserWarning: [33mWARN: Box high's precision lowered by casting to float32, current high.dtype=float64[0m
  gym.logger.warn(
/home/deddy/repos/outofthisworldmodel/.venv/lib/python3.13/site-packages/gymnasium/spaces/box.py:231: UserWarning: [33mWARN: Box low's precision lowered by casting to float32, current low.dtype=float64[0m
  gym.logger.warn(
/home/deddy/repos/outofthisworldmodel/.venv/lib/python3.13/site-packages/gymnasium/spaces/box.py:297: UserWarning: [33mWARN: Box high's precision lowered by casting to float32, current high.dtype=float64[0m
  gym.logger.warn(
/home/deddy/repos/outofthisworldmodel/.venv/lib/python3.13/site-packages/gymnasium/spaces/box.py:231: UserWarning: [33mWARN: Box low's precision lowered by casting to float32, current low.dtype=float64[0m
  gym.logger.warn(
/home/deddy/repos/outofthisworldmodel/.venv/lib/python3.13/site-packages/gymnasium/spaces/box.py:297: UserWarning: [33mWARN: Box high's precision lowered by casting to float32, current high.dtype=float64[0m
  gym.logger.warn(
/home/deddy/repos/outofthisworldmodel/.venv/lib/python3.13/site-packages/gymnasium/spaces/box.py:231: UserWarning: [33mWARN: Box low's precision lowered by casting to float32, current low.dtype=float64[0m
  gym.logger.warn(
/home/deddy/repos/outofthisworldmodel/.venv/lib/python3.13/site-packages/gymnasium/spaces/box.py:297: UserWarning: [33mWARN: Box high's precision lowered by casting to float32, current high.dtype=float64[0m
  gym.logger.warn(
/home/deddy/repos/outofthisworldmodel/.venv/lib/python3.13/site-packages/gymnasium/spaces/box.py:231: UserWarning: [33mWARN: Box low's precision lowered by casting to float32, current low.dtype=float64[0m
  gym.logger.warn(
/home/deddy/repos/outofthisworldmodel/.venv/lib/python3.13/site-packages/gymnasium/spaces/box.py:297: UserWarning: [33mWARN: Box high's precision lowered by casting to float32, current high.dtype=float64[0m
  gym.logger.warn(
/home/deddy/repos/outofthisworldmodel/.venv/lib/python3.13/site-packages/gymnasium/spaces/box.py:231: UserWarning: [33mWARN: Box low's precision lowered by casting to float32, current low.dtype=float64[0m
  gym.logger.warn(
/home/deddy/repos/outofthisworldmodel/.venv/lib/python3.13/site-packages/gymnasium/spaces/box.py:297: UserWarning: [33mWARN: Box high's precision lowered by casting to float32, current high.dtype=float64[0m
  gym.logger.warn(
2026-08-12 07:39:02,117 - wandb.wandb_agent - INFO - Agent received command: stop
2026-08-12 07:39:02,118 - wandb.wandb_agent - INFO - Stop: zypap82v
2026-08-12 07:39:07,143 - wandb.wandb_agent - INFO - Cleaning up finished run: zypap82v
2026-08-12 07:39:07,957 - wandb.wandb_agent - INFO - Agent received command: run
2026-08-12 07:39:07,957 - wandb.wandb_agent - INFO - Agent starting run with config:
	algo: ppo
	batch_size: 256
	clip_range: 0.3
	ent_coef: 1.87703849721539e-07
	gae_lambda: 0.9164846446359654
	gamma: 0.995
	learning_rate: 2.2871551983227543e-05
	n_epochs: 5
	n_steps: 512
	seed: 0
	trial_timesteps: 500000
2026-08-12 07:39:07,959 - wandb.wandb_agent - INFO - About to run command: /usr/bin/env uv run python -m owm.baselines.rl.sweep_trial
wandb: [wandb.login()] Loaded credentials for https://api.wandb.ai from WANDB_API_KEY.
wandb: Currently logged in as: duncaneddy (duncan-world-models) to https://api.wandb.ai. Use `wandb login --relogin` to force relogin
wandb: Tracking run with wandb version 0.28.1
wandb: Run data is saved locally in /home/deddy/repos/outofthisworldmodel/wandb/run-20260812_073911-hbph34g7
wandb: Run `wandb offline` to turn off syncing.
wandb: Syncing run ancient-sweep-14
wandb: ⭐️ View project at https://wandb.ai/duncan-world-models/amos-out-of-this-world-model
wandb: 🧹 View sweep at https://wandb.ai/duncan-world-models/amos-out-of-this-world-model/sweeps/wy4vs8ws
wandb: 🚀 View run at https://wandb.ai/duncan-world-models/amos-out-of-this-world-model/runs/hbph34g7
2026-08-12 07:39:12,968 - wandb.wandb_agent - INFO - Running runs: ['hbph34g7']
/home/deddy/repos/outofthisworldmodel/.venv/lib/python3.13/site-packages/gymnasium/spaces/box.py:231: UserWarning: [33mWARN: Box low's precision lowered by casting to float32, current low.dtype=float64[0m
  gym.logger.warn(
/home/deddy/repos/outofthisworldmodel/.venv/lib/python3.13/site-packages/gymnasium/spaces/box.py:297: UserWarning: [33mWARN: Box high's precision lowered by casting to float32, current high.dtype=float64[0m
  gym.logger.warn(
/home/deddy/repos/outofthisworldmodel/.venv/lib/python3.13/site-packages/gymnasium/spaces/box.py:231: UserWarning: [33mWARN: Box low's precision lowered by casting to float32, current low.dtype=float64[0m
  gym.logger.warn(
/home/deddy/repos/outofthisworldmodel/.venv/lib/python3.13/site-packages/gymnasium/spaces/box.py:297: UserWarning: [33mWARN: Box high's precision lowered by casting to float32, current high.dtype=float64[0m
  gym.logger.warn(
/home/deddy/repos/outofthisworldmodel/.venv/lib/python3.13/site-packages/gymnasium/spaces/box.py:231: UserWarning: [33mWARN: Box low's precision lowered by casting to float32, current low.dtype=float64[0m
  gym.logger.warn(
/home/deddy/repos/outofthisworldmodel/.venv/lib/python3.13/site-packages/gymnasium/spaces/box.py:297: UserWarning: [33mWARN: Box high's precision lowered by casting to float32, current high.dtype=float64[0m
  gym.logger.warn(
/home/deddy/repos/outofthisworldmodel/.venv/lib/python3.13/site-packages/gymnasium/spaces/box.py:231: UserWarning: [33mWARN: Box low's precision lowered by casting to float32, current low.dtype=float64[0m
  gym.logger.warn(
/home/deddy/repos/outofthisworldmodel/.venv/lib/python3.13/site-packages/gymnasium/spaces/box.py:297: UserWarning: [33mWARN: Box high's precision lowered by casting to float32, current high.dtype=float64[0m
  gym.logger.warn(
/home/deddy/repos/outofthisworldmodel/.venv/lib/python3.13/site-packages/gymnasium/spaces/box.py:231: UserWarning: [33mWARN: Box low's precision lowered by casting to float32, current low.dtype=float64[0m
  gym.logger.warn(
/home/deddy/repos/outofthisworldmodel/.venv/lib/python3.13/site-packages/gymnasium/spaces/box.py:297: UserWarning: [33mWARN: Box high's precision lowered by casting to float32, current high.dtype=float64[0m
  gym.logger.warn(
/home/deddy/repos/outofthisworldmodel/.venv/lib/python3.13/site-packages/gymnasium/spaces/box.py:231: UserWarning: [33mWARN: Box low's precision lowered by casting to float32, current low.dtype=float64[0m
  gym.logger.warn(
/home/deddy/repos/outofthisworldmodel/.venv/lib/python3.13/site-packages/gymnasium/spaces/box.py:297: UserWarning: [33mWARN: Box high's precision lowered by casting to float32, current high.dtype=float64[0m
  gym.logger.warn(
/home/deddy/repos/outofthisworldmodel/.venv/lib/python3.13/site-packages/gymnasium/spaces/box.py:231: UserWarning: [33mWARN: Box low's precision lowered by casting to float32, current low.dtype=float64[0m
  gym.logger.warn(
/home/deddy/repos/outofthisworldmodel/.venv/lib/python3.13/site-packages/gymnasium/spaces/box.py:297: UserWarning: [33mWARN: Box high's precision lowered by casting to float32, current high.dtype=float64[0m
  gym.logger.warn(
/home/deddy/repos/outofthisworldmodel/.venv/lib/python3.13/site-packages/gymnasium/spaces/box.py:231: UserWarning: [33mWARN: Box low's precision lowered by casting to float32, current low.dtype=float64[0m
  gym.logger.warn(
/home/deddy/repos/outofthisworldmodel/.venv/lib/python3.13/site-packages/gymnasium/spaces/box.py:297: UserWarning: [33mWARN: Box high's precision lowered by casting to float32, current high.dtype=float64[0m
  gym.logger.warn(
/home/deddy/repos/outofthisworldmodel/.venv/lib/python3.13/site-packages/gymnasium/spaces/box.py:231: UserWarning: [33mWARN: Box low's precision lowered by casting to float32, current low.dtype=float64[0m
  gym.logger.warn(
/home/deddy/repos/outofthisworldmodel/.venv/lib/python3.13/site-packages/gymnasium/spaces/box.py:297: UserWarning: [33mWARN: Box high's precision lowered by casting to float32, current high.dtype=float64[0m
  gym.logger.warn(
/home/deddy/repos/outofthisworldmodel/.venv/lib/python3.13/site-packages/gymnasium/spaces/box.py:231: UserWarning: [33mWARN: Box low's precision lowered by casting to float32, current low.dtype=float64[0m
  gym.logger.warn(
/home/deddy/repos/outofthisworldmodel/.venv/lib/python3.13/site-packages/gymnasium/spaces/box.py:297: UserWarning: [33mWARN: Box high's precision lowered by casting to float32, current high.dtype=float64[0m
  gym.logger.warn(
/home/deddy/repos/outofthisworldmodel/.venv/lib/python3.13/site-packages/gymnasium/spaces/box.py:231: UserWarning: [33mWARN: Box low's precision lowered by casting to float32, current low.dtype=float64[0m
  gym.logger.warn(
/home/deddy/repos/outofthisworldmodel/.venv/lib/python3.13/site-packages/gymnasium/spaces/box.py:297: UserWarning: [33mWARN: Box high's precision lowered by casting to float32, current high.dtype=float64[0m
  gym.logger.warn(
/home/deddy/repos/outofthisworldmodel/.venv/lib/python3.13/site-packages/gymnasium/spaces/box.py:231: UserWarning: [33mWARN: Box low's precision lowered by casting to float32, current low.dtype=float64[0m
  gym.logger.warn(
/home/deddy/repos/outofthisworldmodel/.venv/lib/python3.13/site-packages/gymnasium/spaces/box.py:297: UserWarning: [33mWARN: Box high's precision lowered by casting to float32, current high.dtype=float64[0m
  gym.logger.warn(
/home/deddy/repos/outofthisworldmodel/.venv/lib/python3.13/site-packages/gymnasium/spaces/box.py:231: UserWarning: [33mWARN: Box low's precision lowered by casting to float32, current low.dtype=float64[0m
  gym.logger.warn(
/home/deddy/repos/outofthisworldmodel/.venv/lib/python3.13/site-packages/gymnasium/spaces/box.py:297: UserWarning: [33mWARN: Box high's precision lowered by casting to float32, current high.dtype=float64[0m
  gym.logger.warn(
/home/deddy/repos/outofthisworldmodel/.venv/lib/python3.13/site-packages/gymnasium/spaces/box.py:231: UserWarning: [33mWARN: Box low's precision lowered by casting to float32, current low.dtype=float64[0m
  gym.logger.warn(
/home/deddy/repos/outofthisworldmodel/.venv/lib/python3.13/site-packages/gymnasium/spaces/box.py:297: UserWarning: [33mWARN: Box high's precision lowered by casting to float32, current high.dtype=float64[0m
  gym.logger.warn(
2026-08-12 08:02:01,873 - wandb.wandb_agent - INFO - Agent received command: stop
2026-08-12 08:02:01,873 - wandb.wandb_agent - INFO - Stop: b2texpnr
2026-08-12 08:02:06,899 - wandb.wandb_agent - INFO - Cleaning up finished run: b2texpnr
2026-08-12 08:02:08,016 - wandb.wandb_agent - INFO - Agent received command: run
2026-08-12 08:02:08,016 - wandb.wandb_agent - INFO - Agent starting run with config:
	algo: sac
	batch_size: 1024
	buffer_size: 300000
	gamma: 0.995
	gradient_steps: 8
	learning_rate: 0.0003959445562110837
	learning_starts: 5000
	seed: 0
	tau: 0.01588850153519036
	train_freq: 8
	trial_timesteps: 500000
2026-08-12 08:02:08,018 - wandb.wandb_agent - INFO - About to run command: /usr/bin/env uv run python -m owm.baselines.rl.sweep_trial
wandb: [wandb.login()] Loaded credentials for https://api.wandb.ai from WANDB_API_KEY.
wandb: Currently logged in as: duncaneddy (duncan-world-models) to https://api.wandb.ai. Use `wandb login --relogin` to force relogin
wandb: Tracking run with wandb version 0.28.1
wandb: Run data is saved locally in /home/deddy/repos/outofthisworldmodel/wandb/run-20260812_080211-d7nihiol
wandb: Run `wandb offline` to turn off syncing.
wandb: Syncing run firm-sweep-17
wandb: ⭐️ View project at https://wandb.ai/duncan-world-models/amos-out-of-this-world-model
wandb: 🧹 View sweep at https://wandb.ai/duncan-world-models/amos-out-of-this-world-model/sweeps/bm88x06x
wandb: 🚀 View run at https://wandb.ai/duncan-world-models/amos-out-of-this-world-model/runs/d7nihiol
2026-08-12 08:02:13,045 - wandb.wandb_agent - INFO - Running runs: ['d7nihiol']
/home/deddy/repos/outofthisworldmodel/.venv/lib/python3.13/site-packages/gymnasium/spaces/box.py:231: UserWarning: [33mWARN: Box low's precision lowered by casting to float32, current low.dtype=float64[0m
  gym.logger.warn(
/home/deddy/repos/outofthisworldmodel/.venv/lib/python3.13/site-packages/gymnasium/spaces/box.py:297: UserWarning: [33mWARN: Box high's precision lowered by casting to float32, current high.dtype=float64[0m
  gym.logger.warn(
/home/deddy/repos/outofthisworldmodel/.venv/lib/python3.13/site-packages/gymnasium/spaces/box.py:231: UserWarning: [33mWARN: Box low's precision lowered by casting to float32, current low.dtype=float64[0m
  gym.logger.warn(
/home/deddy/repos/outofthisworldmodel/.venv/lib/python3.13/site-packages/gymnasium/spaces/box.py:297: UserWarning: [33mWARN: Box high's precision lowered by casting to float32, current high.dtype=float64[0m
  gym.logger.warn(
/home/deddy/repos/outofthisworldmodel/.venv/lib/python3.13/site-packages/gymnasium/spaces/box.py:231: UserWarning: [33mWARN: Box low's precision lowered by casting to float32, current low.dtype=float64[0m
  gym.logger.warn(
/home/deddy/repos/outofthisworldmodel/.venv/lib/python3.13/site-packages/gymnasium/spaces/box.py:297: UserWarning: [33mWARN: Box high's precision lowered by casting to float32, current high.dtype=float64[0m
  gym.logger.warn(
/home/deddy/repos/outofthisworldmodel/.venv/lib/python3.13/site-packages/gymnasium/spaces/box.py:231: UserWarning: [33mWARN: Box low's precision lowered by casting to float32, current low.dtype=float64[0m
  gym.logger.warn(
/home/deddy/repos/outofthisworldmodel/.venv/lib/python3.13/site-packages/gymnasium/spaces/box.py:297: UserWarning: [33mWARN: Box high's precision lowered by casting to float32, current high.dtype=float64[0m
  gym.logger.warn(
/home/deddy/repos/outofthisworldmodel/.venv/lib/python3.13/site-packages/gymnasium/spaces/box.py:231: UserWarning: [33mWARN: Box low's precision lowered by casting to float32, current low.dtype=float64[0m
  gym.logger.warn(
/home/deddy/repos/outofthisworldmodel/.venv/lib/python3.13/site-packages/gymnasium/spaces/box.py:297: UserWarning: [33mWARN: Box high's precision lowered by casting to float32, current high.dtype=float64[0m
  gym.logger.warn(
/home/deddy/repos/outofthisworldmodel/.venv/lib/python3.13/site-packages/gymnasium/spaces/box.py:231: UserWarning: [33mWARN: Box low's precision lowered by casting to float32, current low.dtype=float64[0m
  gym.logger.warn(
/home/deddy/repos/outofthisworldmodel/.venv/lib/python3.13/site-packages/gymnasium/spaces/box.py:297: UserWarning: [33mWARN: Box high's precision lowered by casting to float32, current high.dtype=float64[0m
  gym.logger.warn(
/home/deddy/repos/outofthisworldmodel/.venv/lib/python3.13/site-packages/gymnasium/spaces/box.py:231: UserWarning: [33mWARN: Box low's precision lowered by casting to float32, current low.dtype=float64[0m
  gym.logger.warn(
/home/deddy/repos/outofthisworldmodel/.venv/lib/python3.13/site-packages/gymnasium/spaces/box.py:297: UserWarning: [33mWARN: Box high's precision lowered by casting to float32, current high.dtype=float64[0m
  gym.logger.warn(
/home/deddy/repos/outofthisworldmodel/.venv/lib/python3.13/site-packages/gymnasium/spaces/box.py:231: UserWarning: [33mWARN: Box low's precision lowered by casting to float32, current low.dtype=float64[0m
  gym.logger.warn(
/home/deddy/repos/outofthisworldmodel/.venv/lib/python3.13/site-packages/gymnasium/spaces/box.py:297: UserWarning: [33mWARN: Box high's precision lowered by casting to float32, current high.dtype=float64[0m
  gym.logger.warn(
/home/deddy/repos/outofthisworldmodel/.venv/lib/python3.13/site-packages/gymnasium/spaces/box.py:231: UserWarning: [33mWARN: Box low's precision lowered by casting to float32, current low.dtype=float64[0m
  gym.logger.warn(
/home/deddy/repos/outofthisworldmodel/.venv/lib/python3.13/site-packages/gymnasium/spaces/box.py:297: UserWarning: [33mWARN: Box high's precision lowered by casting to float32, current high.dtype=float64[0m
  gym.logger.warn(
/home/deddy/repos/outofthisworldmodel/.venv/lib/python3.13/site-packages/gymnasium/spaces/box.py:231: UserWarning: [33mWARN: Box low's precision lowered by casting to float32, current low.dtype=float64[0m
  gym.logger.warn(
/home/deddy/repos/outofthisworldmodel/.venv/lib/python3.13/site-packages/gymnasium/spaces/box.py:297: UserWarning: [33mWARN: Box high's precision lowered by casting to float32, current high.dtype=float64[0m
  gym.logger.warn(
wandb: uploading artifact hbph34g7-model; updating run metadata
wandb: uploading artifact hbph34g7-model
wandb: uploading history steps 1637-1637, summary, console lines 9-9
wandb: 
wandb: Run history:
wandb:    docking/collision_rate ▁▁▁▁▁▁▁▁▁▁▁▁▁▁▁▁▁▁▁▁▁▁▁▁▁▁▁▁▁▁▁▁▁▁▁▁▁▁▁▁
wandb:       docking/docked_rate ▁▁▁▁▁▁▁▁▁▁▁▁▁▁▁▁▁▁▁▁▁▁▁▁▁▁▁▁▁▁▁▁▁▁▁▁▁▁▁▁
wandb:    docking/ep_min_att_rad ▆▅▃▂▃▅▁▆▃▃▅▅█▆▄▃▆▃▃▃█▂▂▄▃▃▇▆▄▂▂▅▁▄█▅▆▄▅█
wandb:      docking/ep_min_pos_m ▆▆▅▇▅▂▃▁▇▅▅▇▄▂▄▁▂▆▃▁▂▅▃▆▆▂▂█▃▃▆▃▆▆▄█▁▁▅▇
wandb: docking/ep_min_rate_radps █▂▃▃▆▆▁▄▆█▁▄▆▂▂▂▄▄▄▂▅▃▇▃▄▇█▂▃▅▄▄▅▃▂▃█▁▇▅
wandb:    docking/ep_min_vel_mps █▃▆▂▃▅▆▂▆▂▅█▄▄▇▂▅▃▃▅▅▃▄▂▁▇▃▃▆▅▄▅▅▃▃▇▆▆▂▅
wandb:          docking/episodes ▁▁▁▁▂▂▂▂▂▂▃▃▃▃▃▃▄▄▄▄▄▅▅▅▅▅▅▅▆▆▆▆▇▇▇▇▇███
wandb:      docking/escaped_rate ▁▁▁▁▁▁▁▁▁▁▁▁▁▁▁▁▁▁▁▁▁▁▁▅▅▄▄▄▄▄▄▄▄▄▄▆▆▆▆█
wandb:        docking/port_index ▅▃▁██▆▃█▃▃▃▁█▃▆█▁▃▃▃▁▆▁█▃█▅▆▅▃▆▁█▁██▁▆▁▃
wandb:    docking/truncated_rate ██████████████████████████▃▃▃▄▄▄▄▄▄▁▁▁▁▂
wandb:                       +30 ...
wandb: 
wandb: Run summary:
wandb:    docking/collision_rate 0
wandb:       docking/docked_rate 0
wandb:    docking/ep_min_att_rad 1.7241
wandb:      docking/ep_min_pos_m 432.57436
wandb: docking/ep_min_rate_radps 0.00182
wandb:    docking/ep_min_vel_mps 0.00801
wandb:          docking/episodes 65
wandb:      docking/escaped_rate 0.04615
wandb:        docking/port_index 1
wandb:    docking/truncated_rate 0.95385
wandb:                       +30 ...
wandb: 
wandb: 🚀 View run ancient-sweep-14 at: https://wandb.ai/duncan-world-models/amos-out-of-this-world-model/runs/hbph34g7
wandb: ⭐️ View project at: https://wandb.ai/duncan-world-models/amos-out-of-this-world-model
wandb: Synced 5 W&B file(s), 30 media file(s), 3 artifact file(s) and 1 other file(s)
wandb: Find logs at: ./wandb/run-20260812_073911-hbph34g7/logs
[val] step 100000: mean_return -6037.9, outcomes: truncated, truncated, truncated, truncated, truncated
[val] step 200000: mean_return -8335.7, outcomes: escaped, truncated, truncated, truncated, truncated
[val] step 300000: mean_return -7266.1, outcomes: truncated, truncated, truncated, truncated, truncated
[val] step 400000: mean_return -10604.7, outcomes: truncated, escaped, truncated, truncated, escaped
[val] step 500000: mean_return -9713.0, outcomes: truncated, escaped, truncated, truncated, escaped
[val] step 503808: mean_return -9751.7, outcomes: truncated, escaped, truncated, truncated, escaped
2026-08-12 08:29:12,944 - wandb.wandb_agent - INFO - Cleaning up finished run: hbph34g7
2026-08-12 08:29:13,818 - wandb.wandb_agent - INFO - Agent received command: run
2026-08-12 08:29:13,818 - wandb.wandb_agent - INFO - Agent starting run with config:
	algo: ppo
	batch_size: 1024
	clip_range: 0.2
	ent_coef: 0.00020658027486355403
	gae_lambda: 0.9093282095599076
	gamma: 0.999
	learning_rate: 0.0004514126532474085
	n_epochs: 20
	n_steps: 512
	seed: 0
	trial_timesteps: 500000
2026-08-12 08:29:13,820 - wandb.wandb_agent - INFO - About to run command: /usr/bin/env uv run python -m owm.baselines.rl.sweep_trial
wandb: [wandb.login()] Loaded credentials for https://api.wandb.ai from WANDB_API_KEY.
wandb: Currently logged in as: duncaneddy (duncan-world-models) to https://api.wandb.ai. Use `wandb login --relogin` to force relogin
wandb: Tracking run with wandb version 0.28.1
wandb: Run data is saved locally in /home/deddy/repos/outofthisworldmodel/wandb/run-20260812_082917-phhcn2r8
wandb: Run `wandb offline` to turn off syncing.
wandb: Syncing run fallen-sweep-15
wandb: ⭐️ View project at https://wandb.ai/duncan-world-models/amos-out-of-this-world-model
wandb: 🧹 View sweep at https://wandb.ai/duncan-world-models/amos-out-of-this-world-model/sweeps/wy4vs8ws
wandb: 🚀 View run at https://wandb.ai/duncan-world-models/amos-out-of-this-world-model/runs/phhcn2r8
2026-08-12 08:29:18,839 - wandb.wandb_agent - INFO - Running runs: ['phhcn2r8']
/home/deddy/repos/outofthisworldmodel/.venv/lib/python3.13/site-packages/gymnasium/spaces/box.py:231: UserWarning: [33mWARN: Box low's precision lowered by casting to float32, current low.dtype=float64[0m
  gym.logger.warn(
/home/deddy/repos/outofthisworldmodel/.venv/lib/python3.13/site-packages/gymnasium/spaces/box.py:297: UserWarning: [33mWARN: Box high's precision lowered by casting to float32, current high.dtype=float64[0m
  gym.logger.warn(
/home/deddy/repos/outofthisworldmodel/.venv/lib/python3.13/site-packages/gymnasium/spaces/box.py:231: UserWarning: [33mWARN: Box low's precision lowered by casting to float32, current low.dtype=float64[0m
  gym.logger.warn(
/home/deddy/repos/outofthisworldmodel/.venv/lib/python3.13/site-packages/gymnasium/spaces/box.py:297: UserWarning: [33mWARN: Box high's precision lowered by casting to float32, current high.dtype=float64[0m
  gym.logger.warn(
/home/deddy/repos/outofthisworldmodel/.venv/lib/python3.13/site-packages/gymnasium/spaces/box.py:231: UserWarning: [33mWARN: Box low's precision lowered by casting to float32, current low.dtype=float64[0m
  gym.logger.warn(
/home/deddy/repos/outofthisworldmodel/.venv/lib/python3.13/site-packages/gymnasium/spaces/box.py:297: UserWarning: [33mWARN: Box high's precision lowered by casting to float32, current high.dtype=float64[0m
  gym.logger.warn(
/home/deddy/repos/outofthisworldmodel/.venv/lib/python3.13/site-packages/gymnasium/spaces/box.py:231: UserWarning: [33mWARN: Box low's precision lowered by casting to float32, current low.dtype=float64[0m
  gym.logger.warn(
/home/deddy/repos/outofthisworldmodel/.venv/lib/python3.13/site-packages/gymnasium/spaces/box.py:297: UserWarning: [33mWARN: Box high's precision lowered by casting to float32, current high.dtype=float64[0m
  gym.logger.warn(
/home/deddy/repos/outofthisworldmodel/.venv/lib/python3.13/site-packages/gymnasium/spaces/box.py:231: UserWarning: [33mWARN: Box low's precision lowered by casting to float32, current low.dtype=float64[0m
  gym.logger.warn(
/home/deddy/repos/outofthisworldmodel/.venv/lib/python3.13/site-packages/gymnasium/spaces/box.py:297: UserWarning: [33mWARN: Box high's precision lowered by casting to float32, current high.dtype=float64[0m
  gym.logger.warn(
/home/deddy/repos/outofthisworldmodel/.venv/lib/python3.13/site-packages/gymnasium/spaces/box.py:231: UserWarning: [33mWARN: Box low's precision lowered by casting to float32, current low.dtype=float64[0m
  gym.logger.warn(
/home/deddy/repos/outofthisworldmodel/.venv/lib/python3.13/site-packages/gymnasium/spaces/box.py:297: UserWarning: [33mWARN: Box high's precision lowered by casting to float32, current high.dtype=float64[0m
  gym.logger.warn(
/home/deddy/repos/outofthisworldmodel/.venv/lib/python3.13/site-packages/gymnasium/spaces/box.py:231: UserWarning: [33mWARN: Box low's precision lowered by casting to float32, current low.dtype=float64[0m
  gym.logger.warn(
/home/deddy/repos/outofthisworldmodel/.venv/lib/python3.13/site-packages/gymnasium/spaces/box.py:297: UserWarning: [33mWARN: Box high's precision lowered by casting to float32, current high.dtype=float64[0m
  gym.logger.warn(
/home/deddy/repos/outofthisworldmodel/.venv/lib/python3.13/site-packages/gymnasium/spaces/box.py:231: UserWarning: [33mWARN: Box low's precision lowered by casting to float32, current low.dtype=float64[0m
  gym.logger.warn(
/home/deddy/repos/outofthisworldmodel/.venv/lib/python3.13/site-packages/gymnasium/spaces/box.py:297: UserWarning: [33mWARN: Box high's precision lowered by casting to float32, current high.dtype=float64[0m
  gym.logger.warn(
/home/deddy/repos/outofthisworldmodel/.venv/lib/python3.13/site-packages/gymnasium/spaces/box.py:231: UserWarning: [33mWARN: Box low's precision lowered by casting to float32, current low.dtype=float64[0m
  gym.logger.warn(
/home/deddy/repos/outofthisworldmodel/.venv/lib/python3.13/site-packages/gymnasium/spaces/box.py:297: UserWarning: [33mWARN: Box high's precision lowered by casting to float32, current high.dtype=float64[0m
  gym.logger.warn(
/home/deddy/repos/outofthisworldmodel/.venv/lib/python3.13/site-packages/gymnasium/spaces/box.py:231: UserWarning: [33mWARN: Box low's precision lowered by casting to float32, current low.dtype=float64[0m
  gym.logger.warn(
/home/deddy/repos/outofthisworldmodel/.venv/lib/python3.13/site-packages/gymnasium/spaces/box.py:297: UserWarning: [33mWARN: Box high's precision lowered by casting to float32, current high.dtype=float64[0m
  gym.logger.warn(
/home/deddy/repos/outofthisworldmodel/.venv/lib/python3.13/site-packages/gymnasium/spaces/box.py:231: UserWarning: [33mWARN: Box low's precision lowered by casting to float32, current low.dtype=float64[0m
  gym.logger.warn(
/home/deddy/repos/outofthisworldmodel/.venv/lib/python3.13/site-packages/gymnasium/spaces/box.py:297: UserWarning: [33mWARN: Box high's precision lowered by casting to float32, current high.dtype=float64[0m
  gym.logger.warn(
/home/deddy/repos/outofthisworldmodel/.venv/lib/python3.13/site-packages/gymnasium/spaces/box.py:231: UserWarning: [33mWARN: Box low's precision lowered by casting to float32, current low.dtype=float64[0m
  gym.logger.warn(
/home/deddy/repos/outofthisworldmodel/.venv/lib/python3.13/site-packages/gymnasium/spaces/box.py:297: UserWarning: [33mWARN: Box high's precision lowered by casting to float32, current high.dtype=float64[0m
  gym.logger.warn(
/home/deddy/repos/outofthisworldmodel/.venv/lib/python3.13/site-packages/gymnasium/spaces/box.py:231: UserWarning: [33mWARN: Box low's precision lowered by casting to float32, current low.dtype=float64[0m
  gym.logger.warn(
/home/deddy/repos/outofthisworldmodel/.venv/lib/python3.13/site-packages/gymnasium/spaces/box.py:297: UserWarning: [33mWARN: Box high's precision lowered by casting to float32, current high.dtype=float64[0m
  gym.logger.warn(
/home/deddy/repos/outofthisworldmodel/.venv/lib/python3.13/site-packages/gymnasium/spaces/box.py:231: UserWarning: [33mWARN: Box low's precision lowered by casting to float32, current low.dtype=float64[0m
  gym.logger.warn(
/home/deddy/repos/outofthisworldmodel/.venv/lib/python3.13/site-packages/gymnasium/spaces/box.py:297: UserWarning: [33mWARN: Box high's precision lowered by casting to float32, current high.dtype=float64[0m
  gym.logger.warn(
2026-08-12 08:42:01,008 - wandb.wandb_agent - INFO - Agent received command: stop
2026-08-12 08:42:01,008 - wandb.wandb_agent - INFO - Stop: d7nihiol
2026-08-12 08:42:06,032 - wandb.wandb_agent - INFO - Cleaning up finished run: d7nihiol
2026-08-12 08:42:06,999 - wandb.wandb_agent - INFO - Agent received command: run
2026-08-12 08:42:06,999 - wandb.wandb_agent - INFO - Agent starting run with config:
	algo: sac
	batch_size: 1024
	buffer_size: 300000
	gamma: 0.999
	gradient_steps: 1
	learning_rate: 0.0003342321546608779
	learning_starts: 10000
	seed: 0
	tau: 0.0125683693963185
	train_freq: 1
	trial_timesteps: 500000
2026-08-12 08:42:07,000 - wandb.wandb_agent - INFO - About to run command: /usr/bin/env uv run python -m owm.baselines.rl.sweep_trial
wandb: [wandb.login()] Loaded credentials for https://api.wandb.ai from WANDB_API_KEY.
wandb: Currently logged in as: duncaneddy (duncan-world-models) to https://api.wandb.ai. Use `wandb login --relogin` to force relogin
wandb: Tracking run with wandb version 0.28.1
wandb: Run data is saved locally in /home/deddy/repos/outofthisworldmodel/wandb/run-20260812_084210-6qts6ekx
wandb: Run `wandb offline` to turn off syncing.
wandb: Syncing run stellar-sweep-18
wandb: ⭐️ View project at https://wandb.ai/duncan-world-models/amos-out-of-this-world-model
wandb: 🧹 View sweep at https://wandb.ai/duncan-world-models/amos-out-of-this-world-model/sweeps/bm88x06x
wandb: 🚀 View run at https://wandb.ai/duncan-world-models/amos-out-of-this-world-model/runs/6qts6ekx
2026-08-12 08:42:12,026 - wandb.wandb_agent - INFO - Running runs: ['6qts6ekx']
/home/deddy/repos/outofthisworldmodel/.venv/lib/python3.13/site-packages/gymnasium/spaces/box.py:231: UserWarning: [33mWARN: Box low's precision lowered by casting to float32, current low.dtype=float64[0m
  gym.logger.warn(
/home/deddy/repos/outofthisworldmodel/.venv/lib/python3.13/site-packages/gymnasium/spaces/box.py:297: UserWarning: [33mWARN: Box high's precision lowered by casting to float32, current high.dtype=float64[0m
  gym.logger.warn(
/home/deddy/repos/outofthisworldmodel/.venv/lib/python3.13/site-packages/gymnasium/spaces/box.py:231: UserWarning: [33mWARN: Box low's precision lowered by casting to float32, current low.dtype=float64[0m
  gym.logger.warn(
/home/deddy/repos/outofthisworldmodel/.venv/lib/python3.13/site-packages/gymnasium/spaces/box.py:297: UserWarning: [33mWARN: Box high's precision lowered by casting to float32, current high.dtype=float64[0m
  gym.logger.warn(
/home/deddy/repos/outofthisworldmodel/.venv/lib/python3.13/site-packages/gymnasium/spaces/box.py:231: UserWarning: [33mWARN: Box low's precision lowered by casting to float32, current low.dtype=float64[0m
  gym.logger.warn(
/home/deddy/repos/outofthisworldmodel/.venv/lib/python3.13/site-packages/gymnasium/spaces/box.py:297: UserWarning: [33mWARN: Box high's precision lowered by casting to float32, current high.dtype=float64[0m
  gym.logger.warn(
/home/deddy/repos/outofthisworldmodel/.venv/lib/python3.13/site-packages/gymnasium/spaces/box.py:231: UserWarning: [33mWARN: Box low's precision lowered by casting to float32, current low.dtype=float64[0m
  gym.logger.warn(
/home/deddy/repos/outofthisworldmodel/.venv/lib/python3.13/site-packages/gymnasium/spaces/box.py:297: UserWarning: [33mWARN: Box high's precision lowered by casting to float32, current high.dtype=float64[0m
  gym.logger.warn(
2026-08-12 08:46:01,694 - wandb.wandb_agent - INFO - Agent received command: stop
2026-08-12 08:46:01,695 - wandb.wandb_agent - INFO - Stop: phhcn2r8
2026-08-12 08:46:06,720 - wandb.wandb_agent - INFO - Cleaning up finished run: phhcn2r8
2026-08-12 08:46:07,647 - wandb.wandb_agent - INFO - Agent received command: run
2026-08-12 08:46:07,647 - wandb.wandb_agent - INFO - Agent starting run with config:
	algo: ppo
	batch_size: 256
	clip_range: 0.3
	ent_coef: 0.00024073996118246848
	gae_lambda: 0.9232701557422144
	gamma: 0.995
	learning_rate: 8.630822582468752e-05
	n_epochs: 20
	n_steps: 4096
	seed: 0
	trial_timesteps: 500000
2026-08-12 08:46:07,649 - wandb.wandb_agent - INFO - About to run command: /usr/bin/env uv run python -m owm.baselines.rl.sweep_trial
wandb: [wandb.login()] Loaded credentials for https://api.wandb.ai from WANDB_API_KEY.
wandb: Currently logged in as: duncaneddy (duncan-world-models) to https://api.wandb.ai. Use `wandb login --relogin` to force relogin
wandb: Tracking run with wandb version 0.28.1
wandb: Run data is saved locally in /home/deddy/repos/outofthisworldmodel/wandb/run-20260812_084611-86hkrk4x
wandb: Run `wandb offline` to turn off syncing.
wandb: Syncing run bumbling-sweep-16
wandb: ⭐️ View project at https://wandb.ai/duncan-world-models/amos-out-of-this-world-model
wandb: 🧹 View sweep at https://wandb.ai/duncan-world-models/amos-out-of-this-world-model/sweeps/wy4vs8ws
wandb: 🚀 View run at https://wandb.ai/duncan-world-models/amos-out-of-this-world-model/runs/86hkrk4x
2026-08-12 08:46:12,683 - wandb.wandb_agent - INFO - Running runs: ['86hkrk4x']
/home/deddy/repos/outofthisworldmodel/.venv/lib/python3.13/site-packages/gymnasium/spaces/box.py:231: UserWarning: [33mWARN: Box low's precision lowered by casting to float32, current low.dtype=float64[0m
  gym.logger.warn(
/home/deddy/repos/outofthisworldmodel/.venv/lib/python3.13/site-packages/gymnasium/spaces/box.py:297: UserWarning: [33mWARN: Box high's precision lowered by casting to float32, current high.dtype=float64[0m
  gym.logger.warn(
/home/deddy/repos/outofthisworldmodel/.venv/lib/python3.13/site-packages/gymnasium/spaces/box.py:231: UserWarning: [33mWARN: Box low's precision lowered by casting to float32, current low.dtype=float64[0m
  gym.logger.warn(
/home/deddy/repos/outofthisworldmodel/.venv/lib/python3.13/site-packages/gymnasium/spaces/box.py:297: UserWarning: [33mWARN: Box high's precision lowered by casting to float32, current high.dtype=float64[0m
  gym.logger.warn(
/home/deddy/repos/outofthisworldmodel/.venv/lib/python3.13/site-packages/gymnasium/spaces/box.py:231: UserWarning: [33mWARN: Box low's precision lowered by casting to float32, current low.dtype=float64[0m
  gym.logger.warn(
/home/deddy/repos/outofthisworldmodel/.venv/lib/python3.13/site-packages/gymnasium/spaces/box.py:297: UserWarning: [33mWARN: Box high's precision lowered by casting to float32, current high.dtype=float64[0m
  gym.logger.warn(
/home/deddy/repos/outofthisworldmodel/.venv/lib/python3.13/site-packages/gymnasium/spaces/box.py:231: UserWarning: [33mWARN: Box low's precision lowered by casting to float32, current low.dtype=float64[0m
  gym.logger.warn(
/home/deddy/repos/outofthisworldmodel/.venv/lib/python3.13/site-packages/gymnasium/spaces/box.py:297: UserWarning: [33mWARN: Box high's precision lowered by casting to float32, current high.dtype=float64[0m
  gym.logger.warn(
/home/deddy/repos/outofthisworldmodel/.venv/lib/python3.13/site-packages/gymnasium/spaces/box.py:231: UserWarning: [33mWARN: Box low's precision lowered by casting to float32, current low.dtype=float64[0m
  gym.logger.warn(
/home/deddy/repos/outofthisworldmodel/.venv/lib/python3.13/site-packages/gymnasium/spaces/box.py:297: UserWarning: [33mWARN: Box high's precision lowered by casting to float32, current high.dtype=float64[0m
  gym.logger.warn(
/home/deddy/repos/outofthisworldmodel/.venv/lib/python3.13/site-packages/gymnasium/spaces/box.py:231: UserWarning: [33mWARN: Box low's precision lowered by casting to float32, current low.dtype=float64[0m
  gym.logger.warn(
/home/deddy/repos/outofthisworldmodel/.venv/lib/python3.13/site-packages/gymnasium/spaces/box.py:297: UserWarning: [33mWARN: Box high's precision lowered by casting to float32, current high.dtype=float64[0m
  gym.logger.warn(
/home/deddy/repos/outofthisworldmodel/.venv/lib/python3.13/site-packages/gymnasium/spaces/box.py:231: UserWarning: [33mWARN: Box low's precision lowered by casting to float32, current low.dtype=float64[0m
  gym.logger.warn(
/home/deddy/repos/outofthisworldmodel/.venv/lib/python3.13/site-packages/gymnasium/spaces/box.py:297: UserWarning: [33mWARN: Box high's precision lowered by casting to float32, current high.dtype=float64[0m
  gym.logger.warn(
/home/deddy/repos/outofthisworldmodel/.venv/lib/python3.13/site-packages/gymnasium/spaces/box.py:231: UserWarning: [33mWARN: Box low's precision lowered by casting to float32, current low.dtype=float64[0m
  gym.logger.warn(
/home/deddy/repos/outofthisworldmodel/.venv/lib/python3.13/site-packages/gymnasium/spaces/box.py:297: UserWarning: [33mWARN: Box high's precision lowered by casting to float32, current high.dtype=float64[0m
  gym.logger.warn(
/home/deddy/repos/outofthisworldmodel/.venv/lib/python3.13/site-packages/gymnasium/spaces/box.py:231: UserWarning: [33mWARN: Box low's precision lowered by casting to float32, current low.dtype=float64[0m
  gym.logger.warn(
/home/deddy/repos/outofthisworldmodel/.venv/lib/python3.13/site-packages/gymnasium/spaces/box.py:297: UserWarning: [33mWARN: Box high's precision lowered by casting to float32, current high.dtype=float64[0m
  gym.logger.warn(
/home/deddy/repos/outofthisworldmodel/.venv/lib/python3.13/site-packages/gymnasium/spaces/box.py:231: UserWarning: [33mWARN: Box low's precision lowered by casting to float32, current low.dtype=float64[0m
  gym.logger.warn(
/home/deddy/repos/outofthisworldmodel/.venv/lib/python3.13/site-packages/gymnasium/spaces/box.py:297: UserWarning: [33mWARN: Box high's precision lowered by casting to float32, current high.dtype=float64[0m
  gym.logger.warn(
/home/deddy/repos/outofthisworldmodel/.venv/lib/python3.13/site-packages/gymnasium/spaces/box.py:231: UserWarning: [33mWARN: Box low's precision lowered by casting to float32, current low.dtype=float64[0m
  gym.logger.warn(
/home/deddy/repos/outofthisworldmodel/.venv/lib/python3.13/site-packages/gymnasium/spaces/box.py:297: UserWarning: [33mWARN: Box high's precision lowered by casting to float32, current high.dtype=float64[0m
  gym.logger.warn(
/home/deddy/repos/outofthisworldmodel/.venv/lib/python3.13/site-packages/gymnasium/spaces/box.py:231: UserWarning: [33mWARN: Box low's precision lowered by casting to float32, current low.dtype=float64[0m
  gym.logger.warn(
/home/deddy/repos/outofthisworldmodel/.venv/lib/python3.13/site-packages/gymnasium/spaces/box.py:297: UserWarning: [33mWARN: Box high's precision lowered by casting to float32, current high.dtype=float64[0m
  gym.logger.warn(
/home/deddy/repos/outofthisworldmodel/.venv/lib/python3.13/site-packages/gymnasium/spaces/box.py:231: UserWarning: [33mWARN: Box low's precision lowered by casting to float32, current low.dtype=float64[0m
  gym.logger.warn(
/home/deddy/repos/outofthisworldmodel/.venv/lib/python3.13/site-packages/gymnasium/spaces/box.py:297: UserWarning: [33mWARN: Box high's precision lowered by casting to float32, current high.dtype=float64[0m
  gym.logger.warn(
/home/deddy/repos/outofthisworldmodel/.venv/lib/python3.13/site-packages/gymnasium/spaces/box.py:231: UserWarning: [33mWARN: Box low's precision lowered by casting to float32, current low.dtype=float64[0m
  gym.logger.warn(
/home/deddy/repos/outofthisworldmodel/.venv/lib/python3.13/site-packages/gymnasium/spaces/box.py:297: UserWarning: [33mWARN: Box high's precision lowered by casting to float32, current high.dtype=float64[0m
  gym.logger.warn(
/home/deddy/repos/outofthisworldmodel/.venv/lib/python3.13/site-packages/gymnasium/spaces/box.py:231: UserWarning: [33mWARN: Box low's precision lowered by casting to float32, current low.dtype=float64[0m
  gym.logger.warn(
/home/deddy/repos/outofthisworldmodel/.venv/lib/python3.13/site-packages/gymnasium/spaces/box.py:297: UserWarning: [33mWARN: Box high's precision lowered by casting to float32, current high.dtype=float64[0m
  gym.logger.warn(
/home/deddy/repos/outofthisworldmodel/.venv/lib/python3.13/site-packages/gymnasium/spaces/box.py:231: UserWarning: [33mWARN: Box low's precision lowered by casting to float32, current low.dtype=float64[0m
  gym.logger.warn(
/home/deddy/repos/outofthisworldmodel/.venv/lib/python3.13/site-packages/gymnasium/spaces/box.py:297: UserWarning: [33mWARN: Box high's precision lowered by casting to float32, current high.dtype=float64[0m
  gym.logger.warn(
/home/deddy/repos/outofthisworldmodel/.venv/lib/python3.13/site-packages/gymnasium/spaces/box.py:231: UserWarning: [33mWARN: Box low's precision lowered by casting to float32, current low.dtype=float64[0m
  gym.logger.warn(
/home/deddy/repos/outofthisworldmodel/.venv/lib/python3.13/site-packages/gymnasium/spaces/box.py:297: UserWarning: [33mWARN: Box high's precision lowered by casting to float32, current high.dtype=float64[0m
  gym.logger.warn(
/home/deddy/repos/outofthisworldmodel/.venv/lib/python3.13/site-packages/gymnasium/spaces/box.py:231: UserWarning: [33mWARN: Box low's precision lowered by casting to float32, current low.dtype=float64[0m
  gym.logger.warn(
/home/deddy/repos/outofthisworldmodel/.venv/lib/python3.13/site-packages/gymnasium/spaces/box.py:297: UserWarning: [33mWARN: Box high's precision lowered by casting to float32, current high.dtype=float64[0m
  gym.logger.warn(
/home/deddy/repos/outofthisworldmodel/.venv/lib/python3.13/site-packages/gymnasium/spaces/box.py:231: UserWarning: [33mWARN: Box low's precision lowered by casting to float32, current low.dtype=float64[0m
  gym.logger.warn(
/home/deddy/repos/outofthisworldmodel/.venv/lib/python3.13/site-packages/gymnasium/spaces/box.py:297: UserWarning: [33mWARN: Box high's precision lowered by casting to float32, current high.dtype=float64[0m
  gym.logger.warn(
/home/deddy/repos/outofthisworldmodel/.venv/lib/python3.13/site-packages/gymnasium/spaces/box.py:231: UserWarning: [33mWARN: Box low's precision lowered by casting to float32, current low.dtype=float64[0m
  gym.logger.warn(
/home/deddy/repos/outofthisworldmodel/.venv/lib/python3.13/site-packages/gymnasium/spaces/box.py:297: UserWarning: [33mWARN: Box high's precision lowered by casting to float32, current high.dtype=float64[0m
  gym.logger.warn(
wandb: uploading artifact lcfhn398-model; updating run metadata
wandb: uploading media/images/val/traj_3d_attitude_63_e04a94e7eac8a9b5ac60.png; uploading media/images/val/attitude_triads_63_444388ca767e4707a0d8.png; uploading media/images/val/control_63_2948255589f38f3c5a4f.png; uploading output.log; uploading config.yaml (+ 4 more)
wandb: 
wandb: Run history:
wandb:    docking/collision_rate ▁▁▁▁▁▁▁▁▁▁▁▁▁▁▁▁▁▁▁▁▁▁▁▁▁▁▁▁▁▁███▇▇▇▇▇▇▆
wandb:       docking/docked_rate ▁▁▁▁▁▁▁▁▁▁▁▁▁▁▁▁▁▁▁▁▁▁▁▁▁▁▁▁▁▁▁▁▁▁▁▁▁▁▁▁
wandb:    docking/ep_min_att_rad ▅▄▃▂▁▃▃▄▃▁▁▄▂▁▂█▂▂▃▁▄▂▂▂▃▂▄▁▅▂▁▃▂▁▃▂▅▃▅▄
wandb:      docking/ep_min_pos_m ▃▅▃▂█▄▄▂▁▅▆▂▃▃▅▃█▂▂▂▄▁▅▅▅▄▆▅▄▄▆▆▂▅█▂▆▅▇▆
wandb: docking/ep_min_rate_radps ▃▅▅▂▆▇▅▆▁▅▆▅▆▇▅▇▇▇█▆▄▅▃▅▃▇▇▆▅▇▇▅▇▅▆▇█▅▄▆
wandb:    docking/ep_min_vel_mps ▃▂▃▅▅█▆▃▆▇▆▂█▄█▇▇▆▅▃▄▅▁▇▃▆▆▂▇█▆▅▄▆▆█▃▆▇▆
wandb:          docking/episodes ▁▁▁▁▂▂▂▂▃▃▃▃▃▃▃▄▄▄▄▄▅▅▅▅▅▅▆▆▆▆▆▇▇▇▇▇▇▇██
wandb:      docking/escaped_rate █████▅▅▅▃▃▂▂▃▃▂▂▁▁▂▂▂▃▂▂▂▃▃▃▃▃▃▂▂▂▂▂▂▂▂▃
wandb:        docking/port_index ▃▅▆▁▃▃██▁▅█▁▅█▆▆█▅▁▆▁█▆▃▅▅▅▅▅▅█▆█▁▆▅▅█▃█
wandb:    docking/truncated_rate ▁▁▁▁▁▅▄▄▆▆▇▇▇▆▆▇██▇▇▇▆▇▇▇▇▆▆▆▆▆▆▆▆▆▆▆▆▆▆
wandb:                       +26 ...
wandb: 
wandb: Run summary:
wandb:    docking/collision_rate 0.01754
wandb:       docking/docked_rate 0
wandb:    docking/ep_min_att_rad 0.87941
wandb:      docking/ep_min_pos_m 352.00633
wandb: docking/ep_min_rate_radps 0.00207
wandb:    docking/ep_min_vel_mps 0.00891
wandb:          docking/episodes 57
wandb:      docking/escaped_rate 0.84211
wandb:        docking/port_index 1
wandb:    docking/truncated_rate 0.14035
wandb:                       +26 ...
wandb: 
wandb: 🚀 View run dainty-sweep-15 at: https://wandb.ai/duncan-world-models/amos-out-of-this-world-model/runs/lcfhn398
wandb: ⭐️ View project at: https://wandb.ai/duncan-world-models/amos-out-of-this-world-model
wandb: Synced 5 W&B file(s), 15 media file(s), 3 artifact file(s) and 1 other file(s)
wandb: Find logs at: ./wandb/run-20260812_065713-lcfhn398/logs
[val] step 100000: mean_return -13372.4, outcomes: escaped, escaped, escaped, truncated, escaped
[val] step 200000: mean_return -14528.6, outcomes: escaped, escaped, escaped, escaped, escaped
[sweep] trial exceeded 7200s at 277804 steps; ending training
[val] step 277804: mean_return -212791.8, outcomes: escaped, escaped, escaped, escaped, collision
2026-08-12 09:03:51,026 - wandb.wandb_agent - INFO - Cleaning up finished run: lcfhn398
2026-08-12 09:03:52,163 - wandb.wandb_agent - INFO - Agent received command: run
2026-08-12 09:03:52,163 - wandb.wandb_agent - INFO - Agent starting run with config:
	algo: sac
	batch_size: 1024
	buffer_size: 300000
	gamma: 0.9995
	gradient_steps: 4
	learning_rate: 9.289881011222688e-05
	learning_starts: 10000
	seed: 0
	tau: 0.003582099877569112
	train_freq: 8
	trial_timesteps: 500000
2026-08-12 09:03:52,164 - wandb.wandb_agent - INFO - About to run command: /usr/bin/env uv run python -m owm.baselines.rl.sweep_trial
wandb: [wandb.login()] Loaded credentials for https://api.wandb.ai from WANDB_API_KEY.
wandb: Currently logged in as: duncaneddy (duncan-world-models) to https://api.wandb.ai. Use `wandb login --relogin` to force relogin
wandb: Tracking run with wandb version 0.28.1
wandb: Run data is saved locally in /home/deddy/repos/outofthisworldmodel/wandb/run-20260812_090355-fuhi68wk
wandb: Run `wandb offline` to turn off syncing.
wandb: Syncing run iconic-sweep-19
wandb: ⭐️ View project at https://wandb.ai/duncan-world-models/amos-out-of-this-world-model
wandb: 🧹 View sweep at https://wandb.ai/duncan-world-models/amos-out-of-this-world-model/sweeps/bm88x06x
wandb: 🚀 View run at https://wandb.ai/duncan-world-models/amos-out-of-this-world-model/runs/fuhi68wk
2026-08-12 09:03:57,189 - wandb.wandb_agent - INFO - Running runs: ['fuhi68wk']
/home/deddy/repos/outofthisworldmodel/.venv/lib/python3.13/site-packages/gymnasium/spaces/box.py:231: UserWarning: [33mWARN: Box low's precision lowered by casting to float32, current low.dtype=float64[0m
  gym.logger.warn(
/home/deddy/repos/outofthisworldmodel/.venv/lib/python3.13/site-packages/gymnasium/spaces/box.py:297: UserWarning: [33mWARN: Box high's precision lowered by casting to float32, current high.dtype=float64[0m
  gym.logger.warn(
/home/deddy/repos/outofthisworldmodel/.venv/lib/python3.13/site-packages/gymnasium/spaces/box.py:231: UserWarning: [33mWARN: Box low's precision lowered by casting to float32, current low.dtype=float64[0m
  gym.logger.warn(
/home/deddy/repos/outofthisworldmodel/.venv/lib/python3.13/site-packages/gymnasium/spaces/box.py:297: UserWarning: [33mWARN: Box high's precision lowered by casting to float32, current high.dtype=float64[0m
  gym.logger.warn(
/home/deddy/repos/outofthisworldmodel/.venv/lib/python3.13/site-packages/gymnasium/spaces/box.py:231: UserWarning: [33mWARN: Box low's precision lowered by casting to float32, current low.dtype=float64[0m
  gym.logger.warn(
/home/deddy/repos/outofthisworldmodel/.venv/lib/python3.13/site-packages/gymnasium/spaces/box.py:297: UserWarning: [33mWARN: Box high's precision lowered by casting to float32, current high.dtype=float64[0m
  gym.logger.warn(
/home/deddy/repos/outofthisworldmodel/.venv/lib/python3.13/site-packages/gymnasium/spaces/box.py:231: UserWarning: [33mWARN: Box low's precision lowered by casting to float32, current low.dtype=float64[0m
  gym.logger.warn(
/home/deddy/repos/outofthisworldmodel/.venv/lib/python3.13/site-packages/gymnasium/spaces/box.py:297: UserWarning: [33mWARN: Box high's precision lowered by casting to float32, current high.dtype=float64[0m
  gym.logger.warn(
2026-08-12 09:07:00,645 - wandb.wandb_agent - INFO - Agent received command: stop
2026-08-12 09:07:00,646 - wandb.wandb_agent - INFO - Stop: 86hkrk4x
2026-08-12 09:07:05,671 - wandb.wandb_agent - INFO - Cleaning up finished run: 86hkrk4x
2026-08-12 09:07:06,717 - wandb.wandb_agent - INFO - Agent received command: run
2026-08-12 09:07:06,717 - wandb.wandb_agent - INFO - Agent starting run with config:
	algo: ppo
	batch_size: 256
	clip_range: 0.3
	ent_coef: 1.4909277989988892e-08
	gae_lambda: 0.9514520344070992
	gamma: 0.995
	learning_rate: 0.0006722541347657794
	n_epochs: 5
	n_steps: 1024
	seed: 0
	trial_timesteps: 500000
2026-08-12 09:07:06,719 - wandb.wandb_agent - INFO - About to run command: /usr/bin/env uv run python -m owm.baselines.rl.sweep_trial
wandb: [wandb.login()] Loaded credentials for https://api.wandb.ai from WANDB_API_KEY.
wandb: Currently logged in as: duncaneddy (duncan-world-models) to https://api.wandb.ai. Use `wandb login --relogin` to force relogin
wandb: Tracking run with wandb version 0.28.1
wandb: Run data is saved locally in /home/deddy/repos/outofthisworldmodel/wandb/run-20260812_090710-ki1zosxp
wandb: Run `wandb offline` to turn off syncing.
wandb: Syncing run whole-sweep-17
wandb: ⭐️ View project at https://wandb.ai/duncan-world-models/amos-out-of-this-world-model
wandb: 🧹 View sweep at https://wandb.ai/duncan-world-models/amos-out-of-this-world-model/sweeps/wy4vs8ws
wandb: 🚀 View run at https://wandb.ai/duncan-world-models/amos-out-of-this-world-model/runs/ki1zosxp
2026-08-12 09:07:11,746 - wandb.wandb_agent - INFO - Running runs: ['ki1zosxp']
/home/deddy/repos/outofthisworldmodel/.venv/lib/python3.13/site-packages/gymnasium/spaces/box.py:231: UserWarning: [33mWARN: Box low's precision lowered by casting to float32, current low.dtype=float64[0m
  gym.logger.warn(
/home/deddy/repos/outofthisworldmodel/.venv/lib/python3.13/site-packages/gymnasium/spaces/box.py:297: UserWarning: [33mWARN: Box high's precision lowered by casting to float32, current high.dtype=float64[0m
  gym.logger.warn(
/home/deddy/repos/outofthisworldmodel/.venv/lib/python3.13/site-packages/gymnasium/spaces/box.py:231: UserWarning: [33mWARN: Box low's precision lowered by casting to float32, current low.dtype=float64[0m
  gym.logger.warn(
/home/deddy/repos/outofthisworldmodel/.venv/lib/python3.13/site-packages/gymnasium/spaces/box.py:297: UserWarning: [33mWARN: Box high's precision lowered by casting to float32, current high.dtype=float64[0m
  gym.logger.warn(
/home/deddy/repos/outofthisworldmodel/.venv/lib/python3.13/site-packages/gymnasium/spaces/box.py:231: UserWarning: [33mWARN: Box low's precision lowered by casting to float32, current low.dtype=float64[0m
  gym.logger.warn(
/home/deddy/repos/outofthisworldmodel/.venv/lib/python3.13/site-packages/gymnasium/spaces/box.py:297: UserWarning: [33mWARN: Box high's precision lowered by casting to float32, current high.dtype=float64[0m
  gym.logger.warn(
/home/deddy/repos/outofthisworldmodel/.venv/lib/python3.13/site-packages/gymnasium/spaces/box.py:231: UserWarning: [33mWARN: Box low's precision lowered by casting to float32, current low.dtype=float64[0m
  gym.logger.warn(
/home/deddy/repos/outofthisworldmodel/.venv/lib/python3.13/site-packages/gymnasium/spaces/box.py:297: UserWarning: [33mWARN: Box high's precision lowered by casting to float32, current high.dtype=float64[0m
  gym.logger.warn(
/home/deddy/repos/outofthisworldmodel/.venv/lib/python3.13/site-packages/gymnasium/spaces/box.py:231: UserWarning: [33mWARN: Box low's precision lowered by casting to float32, current low.dtype=float64[0m
  gym.logger.warn(
/home/deddy/repos/outofthisworldmodel/.venv/lib/python3.13/site-packages/gymnasium/spaces/box.py:297: UserWarning: [33mWARN: Box high's precision lowered by casting to float32, current high.dtype=float64[0m
  gym.logger.warn(
/home/deddy/repos/outofthisworldmodel/.venv/lib/python3.13/site-packages/gymnasium/spaces/box.py:231: UserWarning: [33mWARN: Box low's precision lowered by casting to float32, current low.dtype=float64[0m
  gym.logger.warn(
/home/deddy/repos/outofthisworldmodel/.venv/lib/python3.13/site-packages/gymnasium/spaces/box.py:297: UserWarning: [33mWARN: Box high's precision lowered by casting to float32, current high.dtype=float64[0m
  gym.logger.warn(
/home/deddy/repos/outofthisworldmodel/.venv/lib/python3.13/site-packages/gymnasium/spaces/box.py:231: UserWarning: [33mWARN: Box low's precision lowered by casting to float32, current low.dtype=float64[0m
  gym.logger.warn(
/home/deddy/repos/outofthisworldmodel/.venv/lib/python3.13/site-packages/gymnasium/spaces/box.py:297: UserWarning: [33mWARN: Box high's precision lowered by casting to float32, current high.dtype=float64[0m
  gym.logger.warn(
/home/deddy/repos/outofthisworldmodel/.venv/lib/python3.13/site-packages/gymnasium/spaces/box.py:231: UserWarning: [33mWARN: Box low's precision lowered by casting to float32, current low.dtype=float64[0m
  gym.logger.warn(
/home/deddy/repos/outofthisworldmodel/.venv/lib/python3.13/site-packages/gymnasium/spaces/box.py:297: UserWarning: [33mWARN: Box high's precision lowered by casting to float32, current high.dtype=float64[0m
  gym.logger.warn(
/home/deddy/repos/outofthisworldmodel/.venv/lib/python3.13/site-packages/gymnasium/spaces/box.py:231: UserWarning: [33mWARN: Box low's precision lowered by casting to float32, current low.dtype=float64[0m
  gym.logger.warn(
/home/deddy/repos/outofthisworldmodel/.venv/lib/python3.13/site-packages/gymnasium/spaces/box.py:297: UserWarning: [33mWARN: Box high's precision lowered by casting to float32, current high.dtype=float64[0m
  gym.logger.warn(
/home/deddy/repos/outofthisworldmodel/.venv/lib/python3.13/site-packages/gymnasium/spaces/box.py:231: UserWarning: [33mWARN: Box low's precision lowered by casting to float32, current low.dtype=float64[0m
  gym.logger.warn(
/home/deddy/repos/outofthisworldmodel/.venv/lib/python3.13/site-packages/gymnasium/spaces/box.py:297: UserWarning: [33mWARN: Box high's precision lowered by casting to float32, current high.dtype=float64[0m
  gym.logger.warn(
/home/deddy/repos/outofthisworldmodel/.venv/lib/python3.13/site-packages/gymnasium/spaces/box.py:231: UserWarning: [33mWARN: Box low's precision lowered by casting to float32, current low.dtype=float64[0m
  gym.logger.warn(
/home/deddy/repos/outofthisworldmodel/.venv/lib/python3.13/site-packages/gymnasium/spaces/box.py:297: UserWarning: [33mWARN: Box high's precision lowered by casting to float32, current high.dtype=float64[0m
  gym.logger.warn(
/home/deddy/repos/outofthisworldmodel/.venv/lib/python3.13/site-packages/gymnasium/spaces/box.py:231: UserWarning: [33mWARN: Box low's precision lowered by casting to float32, current low.dtype=float64[0m
  gym.logger.warn(
/home/deddy/repos/outofthisworldmodel/.venv/lib/python3.13/site-packages/gymnasium/spaces/box.py:297: UserWarning: [33mWARN: Box high's precision lowered by casting to float32, current high.dtype=float64[0m
  gym.logger.warn(
/home/deddy/repos/outofthisworldmodel/.venv/lib/python3.13/site-packages/gymnasium/spaces/box.py:231: UserWarning: [33mWARN: Box low's precision lowered by casting to float32, current low.dtype=float64[0m
  gym.logger.warn(
/home/deddy/repos/outofthisworldmodel/.venv/lib/python3.13/site-packages/gymnasium/spaces/box.py:297: UserWarning: [33mWARN: Box high's precision lowered by casting to float32, current high.dtype=float64[0m
  gym.logger.warn(
/home/deddy/repos/outofthisworldmodel/.venv/lib/python3.13/site-packages/gymnasium/spaces/box.py:231: UserWarning: [33mWARN: Box low's precision lowered by casting to float32, current low.dtype=float64[0m
  gym.logger.warn(
/home/deddy/repos/outofthisworldmodel/.venv/lib/python3.13/site-packages/gymnasium/spaces/box.py:297: UserWarning: [33mWARN: Box high's precision lowered by casting to float32, current high.dtype=float64[0m
  gym.logger.warn(
/home/deddy/repos/outofthisworldmodel/.venv/lib/python3.13/site-packages/gymnasium/spaces/box.py:231: UserWarning: [33mWARN: Box low's precision lowered by casting to float32, current low.dtype=float64[0m
  gym.logger.warn(
/home/deddy/repos/outofthisworldmodel/.venv/lib/python3.13/site-packages/gymnasium/spaces/box.py:297: UserWarning: [33mWARN: Box high's precision lowered by casting to float32, current high.dtype=float64[0m
  gym.logger.warn(
/home/deddy/repos/outofthisworldmodel/.venv/lib/python3.13/site-packages/gymnasium/spaces/box.py:231: UserWarning: [33mWARN: Box low's precision lowered by casting to float32, current low.dtype=float64[0m
  gym.logger.warn(
/home/deddy/repos/outofthisworldmodel/.venv/lib/python3.13/site-packages/gymnasium/spaces/box.py:297: UserWarning: [33mWARN: Box high's precision lowered by casting to float32, current high.dtype=float64[0m
  gym.logger.warn(
/home/deddy/repos/outofthisworldmodel/.venv/lib/python3.13/site-packages/gymnasium/spaces/box.py:231: UserWarning: [33mWARN: Box low's precision lowered by casting to float32, current low.dtype=float64[0m
  gym.logger.warn(
/home/deddy/repos/outofthisworldmodel/.venv/lib/python3.13/site-packages/gymnasium/spaces/box.py:297: UserWarning: [33mWARN: Box high's precision lowered by casting to float32, current high.dtype=float64[0m
  gym.logger.warn(
/home/deddy/repos/outofthisworldmodel/.venv/lib/python3.13/site-packages/gymnasium/spaces/box.py:231: UserWarning: [33mWARN: Box low's precision lowered by casting to float32, current low.dtype=float64[0m
  gym.logger.warn(
/home/deddy/repos/outofthisworldmodel/.venv/lib/python3.13/site-packages/gymnasium/spaces/box.py:297: UserWarning: [33mWARN: Box high's precision lowered by casting to float32, current high.dtype=float64[0m
  gym.logger.warn(
/home/deddy/repos/outofthisworldmodel/.venv/lib/python3.13/site-packages/gymnasium/spaces/box.py:231: UserWarning: [33mWARN: Box low's precision lowered by casting to float32, current low.dtype=float64[0m
  gym.logger.warn(
/home/deddy/repos/outofthisworldmodel/.venv/lib/python3.13/site-packages/gymnasium/spaces/box.py:297: UserWarning: [33mWARN: Box high's precision lowered by casting to float32, current high.dtype=float64[0m
  gym.logger.warn(
/home/deddy/repos/outofthisworldmodel/.venv/lib/python3.13/site-packages/gymnasium/spaces/box.py:231: UserWarning: [33mWARN: Box low's precision lowered by casting to float32, current low.dtype=float64[0m
  gym.logger.warn(
/home/deddy/repos/outofthisworldmodel/.venv/lib/python3.13/site-packages/gymnasium/spaces/box.py:297: UserWarning: [33mWARN: Box high's precision lowered by casting to float32, current high.dtype=float64[0m
  gym.logger.warn(
2026-08-12 09:25:01,023 - wandb.wandb_agent - INFO - Agent received command: stop
2026-08-12 09:25:01,023 - wandb.wandb_agent - INFO - Stop: ki1zosxp
2026-08-12 09:25:06,048 - wandb.wandb_agent - INFO - Cleaning up finished run: ki1zosxp
2026-08-12 09:25:06,944 - wandb.wandb_agent - INFO - Agent received command: run
2026-08-12 09:25:06,944 - wandb.wandb_agent - INFO - Agent starting run with config:
	algo: ppo
	batch_size: 256
	clip_range: 0.1
	ent_coef: 4.28093799806328e-06
	gae_lambda: 0.9001234855475132
	gamma: 0.9995
	learning_rate: 1.5150327585915095e-05
	n_epochs: 10
	n_steps: 2048
	seed: 0
	trial_timesteps: 500000
2026-08-12 09:25:06,945 - wandb.wandb_agent - INFO - About to run command: /usr/bin/env uv run python -m owm.baselines.rl.sweep_trial
wandb: [wandb.login()] Loaded credentials for https://api.wandb.ai from WANDB_API_KEY.
wandb: Currently logged in as: duncaneddy (duncan-world-models) to https://api.wandb.ai. Use `wandb login --relogin` to force relogin
wandb: Tracking run with wandb version 0.28.1
wandb: Run data is saved locally in /home/deddy/repos/outofthisworldmodel/wandb/run-20260812_092510-fucmrs3e
wandb: Run `wandb offline` to turn off syncing.
wandb: Syncing run robust-sweep-18
wandb: ⭐️ View project at https://wandb.ai/duncan-world-models/amos-out-of-this-world-model
wandb: 🧹 View sweep at https://wandb.ai/duncan-world-models/amos-out-of-this-world-model/sweeps/wy4vs8ws
wandb: 🚀 View run at https://wandb.ai/duncan-world-models/amos-out-of-this-world-model/runs/fucmrs3e
2026-08-12 09:25:11,960 - wandb.wandb_agent - INFO - Running runs: ['fucmrs3e']
/home/deddy/repos/outofthisworldmodel/.venv/lib/python3.13/site-packages/gymnasium/spaces/box.py:231: UserWarning: [33mWARN: Box low's precision lowered by casting to float32, current low.dtype=float64[0m
  gym.logger.warn(
/home/deddy/repos/outofthisworldmodel/.venv/lib/python3.13/site-packages/gymnasium/spaces/box.py:297: UserWarning: [33mWARN: Box high's precision lowered by casting to float32, current high.dtype=float64[0m
  gym.logger.warn(
/home/deddy/repos/outofthisworldmodel/.venv/lib/python3.13/site-packages/gymnasium/spaces/box.py:231: UserWarning: [33mWARN: Box low's precision lowered by casting to float32, current low.dtype=float64[0m
  gym.logger.warn(
/home/deddy/repos/outofthisworldmodel/.venv/lib/python3.13/site-packages/gymnasium/spaces/box.py:297: UserWarning: [33mWARN: Box high's precision lowered by casting to float32, current high.dtype=float64[0m
  gym.logger.warn(
/home/deddy/repos/outofthisworldmodel/.venv/lib/python3.13/site-packages/gymnasium/spaces/box.py:231: UserWarning: [33mWARN: Box low's precision lowered by casting to float32, current low.dtype=float64[0m
  gym.logger.warn(
/home/deddy/repos/outofthisworldmodel/.venv/lib/python3.13/site-packages/gymnasium/spaces/box.py:297: UserWarning: [33mWARN: Box high's precision lowered by casting to float32, current high.dtype=float64[0m
  gym.logger.warn(
/home/deddy/repos/outofthisworldmodel/.venv/lib/python3.13/site-packages/gymnasium/spaces/box.py:231: UserWarning: [33mWARN: Box low's precision lowered by casting to float32, current low.dtype=float64[0m
  gym.logger.warn(
/home/deddy/repos/outofthisworldmodel/.venv/lib/python3.13/site-packages/gymnasium/spaces/box.py:297: UserWarning: [33mWARN: Box high's precision lowered by casting to float32, current high.dtype=float64[0m
  gym.logger.warn(
/home/deddy/repos/outofthisworldmodel/.venv/lib/python3.13/site-packages/gymnasium/spaces/box.py:231: UserWarning: [33mWARN: Box low's precision lowered by casting to float32, current low.dtype=float64[0m
  gym.logger.warn(
/home/deddy/repos/outofthisworldmodel/.venv/lib/python3.13/site-packages/gymnasium/spaces/box.py:297: UserWarning: [33mWARN: Box high's precision lowered by casting to float32, current high.dtype=float64[0m
  gym.logger.warn(
/home/deddy/repos/outofthisworldmodel/.venv/lib/python3.13/site-packages/gymnasium/spaces/box.py:231: UserWarning: [33mWARN: Box low's precision lowered by casting to float32, current low.dtype=float64[0m
  gym.logger.warn(
/home/deddy/repos/outofthisworldmodel/.venv/lib/python3.13/site-packages/gymnasium/spaces/box.py:297: UserWarning: [33mWARN: Box high's precision lowered by casting to float32, current high.dtype=float64[0m
  gym.logger.warn(
/home/deddy/repos/outofthisworldmodel/.venv/lib/python3.13/site-packages/gymnasium/spaces/box.py:231: UserWarning: [33mWARN: Box low's precision lowered by casting to float32, current low.dtype=float64[0m
  gym.logger.warn(
/home/deddy/repos/outofthisworldmodel/.venv/lib/python3.13/site-packages/gymnasium/spaces/box.py:297: UserWarning: [33mWARN: Box high's precision lowered by casting to float32, current high.dtype=float64[0m
  gym.logger.warn(
/home/deddy/repos/outofthisworldmodel/.venv/lib/python3.13/site-packages/gymnasium/spaces/box.py:231: UserWarning: [33mWARN: Box low's precision lowered by casting to float32, current low.dtype=float64[0m
  gym.logger.warn(
/home/deddy/repos/outofthisworldmodel/.venv/lib/python3.13/site-packages/gymnasium/spaces/box.py:297: UserWarning: [33mWARN: Box high's precision lowered by casting to float32, current high.dtype=float64[0m
  gym.logger.warn(
/home/deddy/repos/outofthisworldmodel/.venv/lib/python3.13/site-packages/gymnasium/spaces/box.py:231: UserWarning: [33mWARN: Box low's precision lowered by casting to float32, current low.dtype=float64[0m
  gym.logger.warn(
/home/deddy/repos/outofthisworldmodel/.venv/lib/python3.13/site-packages/gymnasium/spaces/box.py:297: UserWarning: [33mWARN: Box high's precision lowered by casting to float32, current high.dtype=float64[0m
  gym.logger.warn(
/home/deddy/repos/outofthisworldmodel/.venv/lib/python3.13/site-packages/gymnasium/spaces/box.py:231: UserWarning: [33mWARN: Box low's precision lowered by casting to float32, current low.dtype=float64[0m
  gym.logger.warn(
/home/deddy/repos/outofthisworldmodel/.venv/lib/python3.13/site-packages/gymnasium/spaces/box.py:297: UserWarning: [33mWARN: Box high's precision lowered by casting to float32, current high.dtype=float64[0m
  gym.logger.warn(
/home/deddy/repos/outofthisworldmodel/.venv/lib/python3.13/site-packages/gymnasium/spaces/box.py:231: UserWarning: [33mWARN: Box low's precision lowered by casting to float32, current low.dtype=float64[0m
  gym.logger.warn(
/home/deddy/repos/outofthisworldmodel/.venv/lib/python3.13/site-packages/gymnasium/spaces/box.py:297: UserWarning: [33mWARN: Box high's precision lowered by casting to float32, current high.dtype=float64[0m
  gym.logger.warn(
/home/deddy/repos/outofthisworldmodel/.venv/lib/python3.13/site-packages/gymnasium/spaces/box.py:231: UserWarning: [33mWARN: Box low's precision lowered by casting to float32, current low.dtype=float64[0m
  gym.logger.warn(
/home/deddy/repos/outofthisworldmodel/.venv/lib/python3.13/site-packages/gymnasium/spaces/box.py:297: UserWarning: [33mWARN: Box high's precision lowered by casting to float32, current high.dtype=float64[0m
  gym.logger.warn(
/home/deddy/repos/outofthisworldmodel/.venv/lib/python3.13/site-packages/gymnasium/spaces/box.py:231: UserWarning: [33mWARN: Box low's precision lowered by casting to float32, current low.dtype=float64[0m
  gym.logger.warn(
/home/deddy/repos/outofthisworldmodel/.venv/lib/python3.13/site-packages/gymnasium/spaces/box.py:297: UserWarning: [33mWARN: Box high's precision lowered by casting to float32, current high.dtype=float64[0m
  gym.logger.warn(
/home/deddy/repos/outofthisworldmodel/.venv/lib/python3.13/site-packages/gymnasium/spaces/box.py:231: UserWarning: [33mWARN: Box low's precision lowered by casting to float32, current low.dtype=float64[0m
  gym.logger.warn(
/home/deddy/repos/outofthisworldmodel/.venv/lib/python3.13/site-packages/gymnasium/spaces/box.py:297: UserWarning: [33mWARN: Box high's precision lowered by casting to float32, current high.dtype=float64[0m
  gym.logger.warn(
2026-08-12 09:40:05,374 - wandb.wandb_agent - INFO - Agent received command: stop
2026-08-12 09:40:05,374 - wandb.wandb_agent - INFO - Stop: fuhi68wk
2026-08-12 09:40:10,400 - wandb.wandb_agent - INFO - Cleaning up finished run: fuhi68wk
2026-08-12 09:40:11,746 - wandb.wandb_agent - INFO - Agent received command: run
2026-08-12 09:40:11,746 - wandb.wandb_agent - INFO - Agent starting run with config:
	algo: sac
	batch_size: 1024
	buffer_size: 300000
	gamma: 0.995
	gradient_steps: 1
	learning_rate: 0.0001235174891994542
	learning_starts: 5000
	seed: 0
	tau: 0.004500930691377974
	train_freq: 4
	trial_timesteps: 500000
2026-08-12 09:40:11,748 - wandb.wandb_agent - INFO - About to run command: /usr/bin/env uv run python -m owm.baselines.rl.sweep_trial
wandb: [wandb.login()] Loaded credentials for https://api.wandb.ai from WANDB_API_KEY.
wandb: Currently logged in as: duncaneddy (duncan-world-models) to https://api.wandb.ai. Use `wandb login --relogin` to force relogin
wandb: Tracking run with wandb version 0.28.1
wandb: Run data is saved locally in /home/deddy/repos/outofthisworldmodel/wandb/run-20260812_094015-xg6f9vkt
wandb: Run `wandb offline` to turn off syncing.
wandb: Syncing run astral-sweep-20
wandb: ⭐️ View project at https://wandb.ai/duncan-world-models/amos-out-of-this-world-model
wandb: 🧹 View sweep at https://wandb.ai/duncan-world-models/amos-out-of-this-world-model/sweeps/bm88x06x
wandb: 🚀 View run at https://wandb.ai/duncan-world-models/amos-out-of-this-world-model/runs/xg6f9vkt
2026-08-12 09:40:16,775 - wandb.wandb_agent - INFO - Running runs: ['xg6f9vkt']
/home/deddy/repos/outofthisworldmodel/.venv/lib/python3.13/site-packages/gymnasium/spaces/box.py:231: UserWarning: [33mWARN: Box low's precision lowered by casting to float32, current low.dtype=float64[0m
  gym.logger.warn(
/home/deddy/repos/outofthisworldmodel/.venv/lib/python3.13/site-packages/gymnasium/spaces/box.py:297: UserWarning: [33mWARN: Box high's precision lowered by casting to float32, current high.dtype=float64[0m
  gym.logger.warn(
/home/deddy/repos/outofthisworldmodel/.venv/lib/python3.13/site-packages/gymnasium/spaces/box.py:231: UserWarning: [33mWARN: Box low's precision lowered by casting to float32, current low.dtype=float64[0m
  gym.logger.warn(
/home/deddy/repos/outofthisworldmodel/.venv/lib/python3.13/site-packages/gymnasium/spaces/box.py:297: UserWarning: [33mWARN: Box high's precision lowered by casting to float32, current high.dtype=float64[0m
  gym.logger.warn(
/home/deddy/repos/outofthisworldmodel/.venv/lib/python3.13/site-packages/gymnasium/spaces/box.py:231: UserWarning: [33mWARN: Box low's precision lowered by casting to float32, current low.dtype=float64[0m
  gym.logger.warn(
/home/deddy/repos/outofthisworldmodel/.venv/lib/python3.13/site-packages/gymnasium/spaces/box.py:297: UserWarning: [33mWARN: Box high's precision lowered by casting to float32, current high.dtype=float64[0m
  gym.logger.warn(
/home/deddy/repos/outofthisworldmodel/.venv/lib/python3.13/site-packages/gymnasium/spaces/box.py:231: UserWarning: [33mWARN: Box low's precision lowered by casting to float32, current low.dtype=float64[0m
  gym.logger.warn(
/home/deddy/repos/outofthisworldmodel/.venv/lib/python3.13/site-packages/gymnasium/spaces/box.py:297: UserWarning: [33mWARN: Box high's precision lowered by casting to float32, current high.dtype=float64[0m
  gym.logger.warn(
/home/deddy/repos/outofthisworldmodel/.venv/lib/python3.13/site-packages/gymnasium/spaces/box.py:231: UserWarning: [33mWARN: Box low's precision lowered by casting to float32, current low.dtype=float64[0m
  gym.logger.warn(
/home/deddy/repos/outofthisworldmodel/.venv/lib/python3.13/site-packages/gymnasium/spaces/box.py:297: UserWarning: [33mWARN: Box high's precision lowered by casting to float32, current high.dtype=float64[0m
  gym.logger.warn(
/home/deddy/repos/outofthisworldmodel/.venv/lib/python3.13/site-packages/gymnasium/spaces/box.py:231: UserWarning: [33mWARN: Box low's precision lowered by casting to float32, current low.dtype=float64[0m
  gym.logger.warn(
/home/deddy/repos/outofthisworldmodel/.venv/lib/python3.13/site-packages/gymnasium/spaces/box.py:297: UserWarning: [33mWARN: Box high's precision lowered by casting to float32, current high.dtype=float64[0m
  gym.logger.warn(
/home/deddy/repos/outofthisworldmodel/.venv/lib/python3.13/site-packages/gymnasium/spaces/box.py:231: UserWarning: [33mWARN: Box low's precision lowered by casting to float32, current low.dtype=float64[0m
  gym.logger.warn(
/home/deddy/repos/outofthisworldmodel/.venv/lib/python3.13/site-packages/gymnasium/spaces/box.py:297: UserWarning: [33mWARN: Box high's precision lowered by casting to float32, current high.dtype=float64[0m
  gym.logger.warn(
/home/deddy/repos/outofthisworldmodel/.venv/lib/python3.13/site-packages/gymnasium/spaces/box.py:231: UserWarning: [33mWARN: Box low's precision lowered by casting to float32, current low.dtype=float64[0m
  gym.logger.warn(
/home/deddy/repos/outofthisworldmodel/.venv/lib/python3.13/site-packages/gymnasium/spaces/box.py:297: UserWarning: [33mWARN: Box high's precision lowered by casting to float32, current high.dtype=float64[0m
  gym.logger.warn(
/home/deddy/repos/outofthisworldmodel/.venv/lib/python3.13/site-packages/gymnasium/spaces/box.py:231: UserWarning: [33mWARN: Box low's precision lowered by casting to float32, current low.dtype=float64[0m
  gym.logger.warn(
/home/deddy/repos/outofthisworldmodel/.venv/lib/python3.13/site-packages/gymnasium/spaces/box.py:297: UserWarning: [33mWARN: Box high's precision lowered by casting to float32, current high.dtype=float64[0m
  gym.logger.warn(
2026-08-12 09:47:01,837 - wandb.wandb_agent - INFO - Agent received command: stop
2026-08-12 09:47:01,837 - wandb.wandb_agent - INFO - Stop: fucmrs3e
2026-08-12 09:47:06,849 - wandb.wandb_agent - INFO - Cleaning up finished run: fucmrs3e
2026-08-12 09:47:07,829 - wandb.wandb_agent - INFO - Agent received command: run
2026-08-12 09:47:07,829 - wandb.wandb_agent - INFO - Agent starting run with config:
	algo: ppo
	batch_size: 256
	clip_range: 0.3
	ent_coef: 0.00020295137581551563
	gae_lambda: 0.9143115415065062
	gamma: 0.995
	learning_rate: 0.00021052967475943343
	n_epochs: 10
	n_steps: 1024
	seed: 0
	trial_timesteps: 500000
2026-08-12 09:47:07,831 - wandb.wandb_agent - INFO - About to run command: /usr/bin/env uv run python -m owm.baselines.rl.sweep_trial
wandb: [wandb.login()] Loaded credentials for https://api.wandb.ai from WANDB_API_KEY.
wandb: Currently logged in as: duncaneddy (duncan-world-models) to https://api.wandb.ai. Use `wandb login --relogin` to force relogin
wandb: Tracking run with wandb version 0.28.1
wandb: Run data is saved locally in /home/deddy/repos/outofthisworldmodel/wandb/run-20260812_094711-4hfjcezh
wandb: Run `wandb offline` to turn off syncing.
wandb: Syncing run denim-sweep-19
wandb: ⭐️ View project at https://wandb.ai/duncan-world-models/amos-out-of-this-world-model
wandb: 🧹 View sweep at https://wandb.ai/duncan-world-models/amos-out-of-this-world-model/sweeps/wy4vs8ws
wandb: 🚀 View run at https://wandb.ai/duncan-world-models/amos-out-of-this-world-model/runs/4hfjcezh
2026-08-12 09:47:12,860 - wandb.wandb_agent - INFO - Running runs: ['4hfjcezh']
/home/deddy/repos/outofthisworldmodel/.venv/lib/python3.13/site-packages/gymnasium/spaces/box.py:231: UserWarning: [33mWARN: Box low's precision lowered by casting to float32, current low.dtype=float64[0m
  gym.logger.warn(
/home/deddy/repos/outofthisworldmodel/.venv/lib/python3.13/site-packages/gymnasium/spaces/box.py:297: UserWarning: [33mWARN: Box high's precision lowered by casting to float32, current high.dtype=float64[0m
  gym.logger.warn(
/home/deddy/repos/outofthisworldmodel/.venv/lib/python3.13/site-packages/gymnasium/spaces/box.py:231: UserWarning: [33mWARN: Box low's precision lowered by casting to float32, current low.dtype=float64[0m
  gym.logger.warn(
/home/deddy/repos/outofthisworldmodel/.venv/lib/python3.13/site-packages/gymnasium/spaces/box.py:297: UserWarning: [33mWARN: Box high's precision lowered by casting to float32, current high.dtype=float64[0m
  gym.logger.warn(
/home/deddy/repos/outofthisworldmodel/.venv/lib/python3.13/site-packages/gymnasium/spaces/box.py:231: UserWarning: [33mWARN: Box low's precision lowered by casting to float32, current low.dtype=float64[0m
  gym.logger.warn(
/home/deddy/repos/outofthisworldmodel/.venv/lib/python3.13/site-packages/gymnasium/spaces/box.py:297: UserWarning: [33mWARN: Box high's precision lowered by casting to float32, current high.dtype=float64[0m
  gym.logger.warn(
/home/deddy/repos/outofthisworldmodel/.venv/lib/python3.13/site-packages/gymnasium/spaces/box.py:231: UserWarning: [33mWARN: Box low's precision lowered by casting to float32, current low.dtype=float64[0m
  gym.logger.warn(
/home/deddy/repos/outofthisworldmodel/.venv/lib/python3.13/site-packages/gymnasium/spaces/box.py:297: UserWarning: [33mWARN: Box high's precision lowered by casting to float32, current high.dtype=float64[0m
  gym.logger.warn(
/home/deddy/repos/outofthisworldmodel/.venv/lib/python3.13/site-packages/gymnasium/spaces/box.py:231: UserWarning: [33mWARN: Box low's precision lowered by casting to float32, current low.dtype=float64[0m
  gym.logger.warn(
/home/deddy/repos/outofthisworldmodel/.venv/lib/python3.13/site-packages/gymnasium/spaces/box.py:297: UserWarning: [33mWARN: Box high's precision lowered by casting to float32, current high.dtype=float64[0m
  gym.logger.warn(
/home/deddy/repos/outofthisworldmodel/.venv/lib/python3.13/site-packages/gymnasium/spaces/box.py:231: UserWarning: [33mWARN: Box low's precision lowered by casting to float32, current low.dtype=float64[0m
  gym.logger.warn(
/home/deddy/repos/outofthisworldmodel/.venv/lib/python3.13/site-packages/gymnasium/spaces/box.py:297: UserWarning: [33mWARN: Box high's precision lowered by casting to float32, current high.dtype=float64[0m
  gym.logger.warn(
/home/deddy/repos/outofthisworldmodel/.venv/lib/python3.13/site-packages/gymnasium/spaces/box.py:231: UserWarning: [33mWARN: Box low's precision lowered by casting to float32, current low.dtype=float64[0m
  gym.logger.warn(
/home/deddy/repos/outofthisworldmodel/.venv/lib/python3.13/site-packages/gymnasium/spaces/box.py:297: UserWarning: [33mWARN: Box high's precision lowered by casting to float32, current high.dtype=float64[0m
  gym.logger.warn(
/home/deddy/repos/outofthisworldmodel/.venv/lib/python3.13/site-packages/gymnasium/spaces/box.py:231: UserWarning: [33mWARN: Box low's precision lowered by casting to float32, current low.dtype=float64[0m
  gym.logger.warn(
/home/deddy/repos/outofthisworldmodel/.venv/lib/python3.13/site-packages/gymnasium/spaces/box.py:297: UserWarning: [33mWARN: Box high's precision lowered by casting to float32, current high.dtype=float64[0m
  gym.logger.warn(
/home/deddy/repos/outofthisworldmodel/.venv/lib/python3.13/site-packages/gymnasium/spaces/box.py:231: UserWarning: [33mWARN: Box low's precision lowered by casting to float32, current low.dtype=float64[0m
  gym.logger.warn(
/home/deddy/repos/outofthisworldmodel/.venv/lib/python3.13/site-packages/gymnasium/spaces/box.py:297: UserWarning: [33mWARN: Box high's precision lowered by casting to float32, current high.dtype=float64[0m
  gym.logger.warn(
/home/deddy/repos/outofthisworldmodel/.venv/lib/python3.13/site-packages/gymnasium/spaces/box.py:231: UserWarning: [33mWARN: Box low's precision lowered by casting to float32, current low.dtype=float64[0m
  gym.logger.warn(
/home/deddy/repos/outofthisworldmodel/.venv/lib/python3.13/site-packages/gymnasium/spaces/box.py:297: UserWarning: [33mWARN: Box high's precision lowered by casting to float32, current high.dtype=float64[0m
  gym.logger.warn(
/home/deddy/repos/outofthisworldmodel/.venv/lib/python3.13/site-packages/gymnasium/spaces/box.py:231: UserWarning: [33mWARN: Box low's precision lowered by casting to float32, current low.dtype=float64[0m
  gym.logger.warn(
/home/deddy/repos/outofthisworldmodel/.venv/lib/python3.13/site-packages/gymnasium/spaces/box.py:297: UserWarning: [33mWARN: Box high's precision lowered by casting to float32, current high.dtype=float64[0m
  gym.logger.warn(
/home/deddy/repos/outofthisworldmodel/.venv/lib/python3.13/site-packages/gymnasium/spaces/box.py:231: UserWarning: [33mWARN: Box low's precision lowered by casting to float32, current low.dtype=float64[0m
  gym.logger.warn(
/home/deddy/repos/outofthisworldmodel/.venv/lib/python3.13/site-packages/gymnasium/spaces/box.py:297: UserWarning: [33mWARN: Box high's precision lowered by casting to float32, current high.dtype=float64[0m
  gym.logger.warn(
/home/deddy/repos/outofthisworldmodel/.venv/lib/python3.13/site-packages/gymnasium/spaces/box.py:231: UserWarning: [33mWARN: Box low's precision lowered by casting to float32, current low.dtype=float64[0m
  gym.logger.warn(
/home/deddy/repos/outofthisworldmodel/.venv/lib/python3.13/site-packages/gymnasium/spaces/box.py:297: UserWarning: [33mWARN: Box high's precision lowered by casting to float32, current high.dtype=float64[0m
  gym.logger.warn(
/home/deddy/repos/outofthisworldmodel/.venv/lib/python3.13/site-packages/gymnasium/spaces/box.py:231: UserWarning: [33mWARN: Box low's precision lowered by casting to float32, current low.dtype=float64[0m
  gym.logger.warn(
/home/deddy/repos/outofthisworldmodel/.venv/lib/python3.13/site-packages/gymnasium/spaces/box.py:297: UserWarning: [33mWARN: Box high's precision lowered by casting to float32, current high.dtype=float64[0m
  gym.logger.warn(
/home/deddy/repos/outofthisworldmodel/.venv/lib/python3.13/site-packages/gymnasium/spaces/box.py:231: UserWarning: [33mWARN: Box low's precision lowered by casting to float32, current low.dtype=float64[0m
  gym.logger.warn(
/home/deddy/repos/outofthisworldmodel/.venv/lib/python3.13/site-packages/gymnasium/spaces/box.py:297: UserWarning: [33mWARN: Box high's precision lowered by casting to float32, current high.dtype=float64[0m
  gym.logger.warn(
2026-08-12 10:05:01,965 - wandb.wandb_agent - INFO - Agent received command: stop
2026-08-12 10:05:01,966 - wandb.wandb_agent - INFO - Stop: 4hfjcezh
2026-08-12 10:05:06,990 - wandb.wandb_agent - INFO - Cleaning up finished run: 4hfjcezh
2026-08-12 10:05:07,853 - wandb.wandb_agent - INFO - Agent received command: run
2026-08-12 10:05:07,853 - wandb.wandb_agent - INFO - Agent starting run with config:
	algo: ppo
	batch_size: 512
	clip_range: 0.3
	ent_coef: 0.0006381001895743233
	gae_lambda: 0.9291546131632672
	gamma: 0.995
	learning_rate: 1.4226177659972348e-05
	n_epochs: 5
	n_steps: 512
	seed: 0
	trial_timesteps: 500000
2026-08-12 10:05:07,855 - wandb.wandb_agent - INFO - About to run command: /usr/bin/env uv run python -m owm.baselines.rl.sweep_trial
wandb: [wandb.login()] Loaded credentials for https://api.wandb.ai from WANDB_API_KEY.
wandb: Currently logged in as: duncaneddy (duncan-world-models) to https://api.wandb.ai. Use `wandb login --relogin` to force relogin
wandb: Tracking run with wandb version 0.28.1
wandb: Run data is saved locally in /home/deddy/repos/outofthisworldmodel/wandb/run-20260812_100511-u8ypsolv
wandb: Run `wandb offline` to turn off syncing.
wandb: Syncing run lemon-sweep-20
wandb: ⭐️ View project at https://wandb.ai/duncan-world-models/amos-out-of-this-world-model
wandb: 🧹 View sweep at https://wandb.ai/duncan-world-models/amos-out-of-this-world-model/sweeps/wy4vs8ws
wandb: 🚀 View run at https://wandb.ai/duncan-world-models/amos-out-of-this-world-model/runs/u8ypsolv
2026-08-12 10:05:12,881 - wandb.wandb_agent - INFO - Running runs: ['u8ypsolv']
/home/deddy/repos/outofthisworldmodel/.venv/lib/python3.13/site-packages/gymnasium/spaces/box.py:231: UserWarning: [33mWARN: Box low's precision lowered by casting to float32, current low.dtype=float64[0m
  gym.logger.warn(
/home/deddy/repos/outofthisworldmodel/.venv/lib/python3.13/site-packages/gymnasium/spaces/box.py:297: UserWarning: [33mWARN: Box high's precision lowered by casting to float32, current high.dtype=float64[0m
  gym.logger.warn(
/home/deddy/repos/outofthisworldmodel/.venv/lib/python3.13/site-packages/gymnasium/spaces/box.py:231: UserWarning: [33mWARN: Box low's precision lowered by casting to float32, current low.dtype=float64[0m
  gym.logger.warn(
/home/deddy/repos/outofthisworldmodel/.venv/lib/python3.13/site-packages/gymnasium/spaces/box.py:297: UserWarning: [33mWARN: Box high's precision lowered by casting to float32, current high.dtype=float64[0m
  gym.logger.warn(
/home/deddy/repos/outofthisworldmodel/.venv/lib/python3.13/site-packages/gymnasium/spaces/box.py:231: UserWarning: [33mWARN: Box low's precision lowered by casting to float32, current low.dtype=float64[0m
  gym.logger.warn(
/home/deddy/repos/outofthisworldmodel/.venv/lib/python3.13/site-packages/gymnasium/spaces/box.py:297: UserWarning: [33mWARN: Box high's precision lowered by casting to float32, current high.dtype=float64[0m
  gym.logger.warn(
/home/deddy/repos/outofthisworldmodel/.venv/lib/python3.13/site-packages/gymnasium/spaces/box.py:231: UserWarning: [33mWARN: Box low's precision lowered by casting to float32, current low.dtype=float64[0m
  gym.logger.warn(
/home/deddy/repos/outofthisworldmodel/.venv/lib/python3.13/site-packages/gymnasium/spaces/box.py:297: UserWarning: [33mWARN: Box high's precision lowered by casting to float32, current high.dtype=float64[0m
  gym.logger.warn(
/home/deddy/repos/outofthisworldmodel/.venv/lib/python3.13/site-packages/gymnasium/spaces/box.py:231: UserWarning: [33mWARN: Box low's precision lowered by casting to float32, current low.dtype=float64[0m
  gym.logger.warn(
/home/deddy/repos/outofthisworldmodel/.venv/lib/python3.13/site-packages/gymnasium/spaces/box.py:297: UserWarning: [33mWARN: Box high's precision lowered by casting to float32, current high.dtype=float64[0m
  gym.logger.warn(
/home/deddy/repos/outofthisworldmodel/.venv/lib/python3.13/site-packages/gymnasium/spaces/box.py:231: UserWarning: [33mWARN: Box low's precision lowered by casting to float32, current low.dtype=float64[0m
  gym.logger.warn(
/home/deddy/repos/outofthisworldmodel/.venv/lib/python3.13/site-packages/gymnasium/spaces/box.py:297: UserWarning: [33mWARN: Box high's precision lowered by casting to float32, current high.dtype=float64[0m
  gym.logger.warn(
/home/deddy/repos/outofthisworldmodel/.venv/lib/python3.13/site-packages/gymnasium/spaces/box.py:231: UserWarning: [33mWARN: Box low's precision lowered by casting to float32, current low.dtype=float64[0m
  gym.logger.warn(
/home/deddy/repos/outofthisworldmodel/.venv/lib/python3.13/site-packages/gymnasium/spaces/box.py:297: UserWarning: [33mWARN: Box high's precision lowered by casting to float32, current high.dtype=float64[0m
  gym.logger.warn(
/home/deddy/repos/outofthisworldmodel/.venv/lib/python3.13/site-packages/gymnasium/spaces/box.py:231: UserWarning: [33mWARN: Box low's precision lowered by casting to float32, current low.dtype=float64[0m
  gym.logger.warn(
/home/deddy/repos/outofthisworldmodel/.venv/lib/python3.13/site-packages/gymnasium/spaces/box.py:297: UserWarning: [33mWARN: Box high's precision lowered by casting to float32, current high.dtype=float64[0m
  gym.logger.warn(
/home/deddy/repos/outofthisworldmodel/.venv/lib/python3.13/site-packages/gymnasium/spaces/box.py:231: UserWarning: [33mWARN: Box low's precision lowered by casting to float32, current low.dtype=float64[0m
  gym.logger.warn(
/home/deddy/repos/outofthisworldmodel/.venv/lib/python3.13/site-packages/gymnasium/spaces/box.py:297: UserWarning: [33mWARN: Box high's precision lowered by casting to float32, current high.dtype=float64[0m
  gym.logger.warn(
/home/deddy/repos/outofthisworldmodel/.venv/lib/python3.13/site-packages/gymnasium/spaces/box.py:231: UserWarning: [33mWARN: Box low's precision lowered by casting to float32, current low.dtype=float64[0m
  gym.logger.warn(
/home/deddy/repos/outofthisworldmodel/.venv/lib/python3.13/site-packages/gymnasium/spaces/box.py:297: UserWarning: [33mWARN: Box high's precision lowered by casting to float32, current high.dtype=float64[0m
  gym.logger.warn(
/home/deddy/repos/outofthisworldmodel/.venv/lib/python3.13/site-packages/gymnasium/spaces/box.py:231: UserWarning: [33mWARN: Box low's precision lowered by casting to float32, current low.dtype=float64[0m
  gym.logger.warn(
/home/deddy/repos/outofthisworldmodel/.venv/lib/python3.13/site-packages/gymnasium/spaces/box.py:297: UserWarning: [33mWARN: Box high's precision lowered by casting to float32, current high.dtype=float64[0m
  gym.logger.warn(
/home/deddy/repos/outofthisworldmodel/.venv/lib/python3.13/site-packages/gymnasium/spaces/box.py:231: UserWarning: [33mWARN: Box low's precision lowered by casting to float32, current low.dtype=float64[0m
  gym.logger.warn(
/home/deddy/repos/outofthisworldmodel/.venv/lib/python3.13/site-packages/gymnasium/spaces/box.py:297: UserWarning: [33mWARN: Box high's precision lowered by casting to float32, current high.dtype=float64[0m
  gym.logger.warn(
/home/deddy/repos/outofthisworldmodel/.venv/lib/python3.13/site-packages/gymnasium/spaces/box.py:231: UserWarning: [33mWARN: Box low's precision lowered by casting to float32, current low.dtype=float64[0m
  gym.logger.warn(
/home/deddy/repos/outofthisworldmodel/.venv/lib/python3.13/site-packages/gymnasium/spaces/box.py:297: UserWarning: [33mWARN: Box high's precision lowered by casting to float32, current high.dtype=float64[0m
  gym.logger.warn(
/home/deddy/repos/outofthisworldmodel/.venv/lib/python3.13/site-packages/gymnasium/spaces/box.py:231: UserWarning: [33mWARN: Box low's precision lowered by casting to float32, current low.dtype=float64[0m
  gym.logger.warn(
/home/deddy/repos/outofthisworldmodel/.venv/lib/python3.13/site-packages/gymnasium/spaces/box.py:297: UserWarning: [33mWARN: Box high's precision lowered by casting to float32, current high.dtype=float64[0m
  gym.logger.warn(
wandb: uploading artifact 6qts6ekx-model; updating run metadata
wandb: uploading media/images/val/reward_120_1d092af88c2b97b210f3.png; uploading wandb-summary.json; uploading config.yaml; uploading media/images/val/traj_3d_120_3ac0ff82619eba2708db.png; uploading media/images/val/traj_3d_attitude_120_82fbc5d3952a0c5dd652.png (+ 4 more)
wandb: 
wandb: Run history:
wandb:    docking/collision_rate ▁▁▁▁▁▁▁▁▁▁▁▁▁▁▁▁▁▁▁▁▁▁▅▅▄▄▄▇▇▇▆▆▆▆▆█████
wandb:       docking/docked_rate ▁▁▁▁▁▁▁▁▁▁▁▁▁▁▁▁▁▁▁▁▁▁▁▁▁▁▁▁▁▁▁▁▁▁▁▁▁▁▁▁
wandb:    docking/ep_min_att_rad ▃▁▄▂▂▆▃▁▆▃▂▃▁▅▄▄▃▃▁▅█▁▆▃▇▃▂▃▂▃▅▅▁▇▃▃▄▂▄▄
wandb:      docking/ep_min_pos_m ▆▆▆▇▆▂▇▃▆▁▆▄▂▅█▄▄▅▃▃▆▁▆▅▃▆▅▄▇▃▆▄▃▂▆▂▇▄▃▄
wandb: docking/ep_min_rate_radps ▅▅▂▃▁▅▇▆██▂▆▄▇▆█▆█▇▇▆▇▅▄▅▄▇▃▇▆▄▆▆▇▇█▆▆▆▅
wandb:    docking/ep_min_vel_mps ▃▁▄▂▁▃▃▂▄▆▅▅▇▄▆▆▅▆▅▄▆█▇▇▆▄▇▆▇▄▆▄▅▁▇▅█▇▆▇
wandb:          docking/episodes ▁▁▁▁▁▂▂▂▂▂▂▃▃▃▃▄▄▄▄▅▅▅▅▅▅▆▆▆▆▆▇▇▇▇▇▇████
wandb:      docking/escaped_rate ▁▁▁▄▄▆▇▇▇▇▇▇▇▇▇▇▇███████████████████████
wandb:        docking/port_index ▃▃▃▁▁█▅█▁█▅▅▁▁▅▃▆▅▅▆▃██▆▆▆▁▁▃▃▆▃▃▅███▅█▅
wandb:    docking/truncated_rate ██▆▅▅▃▃▃▃▃▂▂▂▂▂▂▂▂▂▂▁▁▁▁▁▁▁▁▁▁▁▁▁▁▁▁▁▁▁▁
wandb:                       +25 ...
wandb: 
wandb: Run summary:
wandb:    docking/collision_rate 0.03
wandb:       docking/docked_rate 0
wandb:    docking/ep_min_att_rad 0.2576
wandb:      docking/ep_min_pos_m 210.1116
wandb: docking/ep_min_rate_radps 0.00182
wandb:    docking/ep_min_vel_mps 0.00762
wandb:          docking/episodes 109
wandb:      docking/escaped_rate 0.89
wandb:        docking/port_index 2
wandb:    docking/truncated_rate 0.08
wandb:                       +25 ...
wandb: 
wandb: 🚀 View run stellar-sweep-18 at: https://wandb.ai/duncan-world-models/amos-out-of-this-world-model/runs/6qts6ekx
wandb: ⭐️ View project at: https://wandb.ai/duncan-world-models/amos-out-of-this-world-model
wandb: Synced 5 W&B file(s), 30 media file(s), 3 artifact file(s) and 1 other file(s)
wandb: Find logs at: ./wandb/run-20260812_084210-6qts6ekx/logs
[val] step 100000: mean_return -14285.4, outcomes: escaped, escaped, escaped, escaped, escaped
[val] step 200000: mean_return -15191.8, outcomes: escaped, escaped, escaped, escaped, escaped
[val] step 300000: mean_return -13779.4, outcomes: escaped, truncated, escaped, escaped, escaped
[val] step 400000: mean_return -15104.8, outcomes: escaped, escaped, escaped, escaped, escaped
[val] step 500000: mean_return -16235.1, outcomes: escaped, escaped, escaped, escaped, escaped
[val] step 500000: mean_return -15726.2, outcomes: escaped, escaped, escaped, escaped, escaped
2026-08-12 10:11:11,808 - wandb.wandb_agent - INFO - Cleaning up finished run: 6qts6ekx
2026-08-12 10:11:12,735 - wandb.wandb_agent - INFO - Agent received command: run
2026-08-12 10:11:12,735 - wandb.wandb_agent - INFO - Agent starting run with config:
	algo: sac
	batch_size: 1024
	buffer_size: 1000000
	gamma: 0.9995
	gradient_steps: 1
	learning_rate: 0.0002207762549304386
	learning_starts: 5000
	seed: 0
	tau: 0.005231574018770541
	train_freq: 8
	trial_timesteps: 500000
2026-08-12 10:11:12,737 - wandb.wandb_agent - INFO - About to run command: /usr/bin/env uv run python -m owm.baselines.rl.sweep_trial
wandb: [wandb.login()] Loaded credentials for https://api.wandb.ai from WANDB_API_KEY.
wandb: Currently logged in as: duncaneddy (duncan-world-models) to https://api.wandb.ai. Use `wandb login --relogin` to force relogin
wandb: Tracking run with wandb version 0.28.1
wandb: Run data is saved locally in /home/deddy/repos/outofthisworldmodel/wandb/run-20260812_101116-rz2qowjl
wandb: Run `wandb offline` to turn off syncing.
wandb: Syncing run cosmic-sweep-21
wandb: ⭐️ View project at https://wandb.ai/duncan-world-models/amos-out-of-this-world-model
wandb: 🧹 View sweep at https://wandb.ai/duncan-world-models/amos-out-of-this-world-model/sweeps/bm88x06x
wandb: 🚀 View run at https://wandb.ai/duncan-world-models/amos-out-of-this-world-model/runs/rz2qowjl
2026-08-12 10:11:17,763 - wandb.wandb_agent - INFO - Running runs: ['rz2qowjl']
/home/deddy/repos/outofthisworldmodel/.venv/lib/python3.13/site-packages/gymnasium/spaces/box.py:231: UserWarning: [33mWARN: Box low's precision lowered by casting to float32, current low.dtype=float64[0m
  gym.logger.warn(
/home/deddy/repos/outofthisworldmodel/.venv/lib/python3.13/site-packages/gymnasium/spaces/box.py:297: UserWarning: [33mWARN: Box high's precision lowered by casting to float32, current high.dtype=float64[0m
  gym.logger.warn(
/home/deddy/repos/outofthisworldmodel/.venv/lib/python3.13/site-packages/gymnasium/spaces/box.py:231: UserWarning: [33mWARN: Box low's precision lowered by casting to float32, current low.dtype=float64[0m
  gym.logger.warn(
/home/deddy/repos/outofthisworldmodel/.venv/lib/python3.13/site-packages/gymnasium/spaces/box.py:297: UserWarning: [33mWARN: Box high's precision lowered by casting to float32, current high.dtype=float64[0m
  gym.logger.warn(
/home/deddy/repos/outofthisworldmodel/.venv/lib/python3.13/site-packages/gymnasium/spaces/box.py:231: UserWarning: [33mWARN: Box low's precision lowered by casting to float32, current low.dtype=float64[0m
  gym.logger.warn(
/home/deddy/repos/outofthisworldmodel/.venv/lib/python3.13/site-packages/gymnasium/spaces/box.py:297: UserWarning: [33mWARN: Box high's precision lowered by casting to float32, current high.dtype=float64[0m
  gym.logger.warn(
/home/deddy/repos/outofthisworldmodel/.venv/lib/python3.13/site-packages/gymnasium/spaces/box.py:231: UserWarning: [33mWARN: Box low's precision lowered by casting to float32, current low.dtype=float64[0m
  gym.logger.warn(
/home/deddy/repos/outofthisworldmodel/.venv/lib/python3.13/site-packages/gymnasium/spaces/box.py:297: UserWarning: [33mWARN: Box high's precision lowered by casting to float32, current high.dtype=float64[0m
  gym.logger.warn(
/home/deddy/repos/outofthisworldmodel/.venv/lib/python3.13/site-packages/gymnasium/spaces/box.py:231: UserWarning: [33mWARN: Box low's precision lowered by casting to float32, current low.dtype=float64[0m
  gym.logger.warn(
/home/deddy/repos/outofthisworldmodel/.venv/lib/python3.13/site-packages/gymnasium/spaces/box.py:297: UserWarning: [33mWARN: Box high's precision lowered by casting to float32, current high.dtype=float64[0m
  gym.logger.warn(
/home/deddy/repos/outofthisworldmodel/.venv/lib/python3.13/site-packages/gymnasium/spaces/box.py:231: UserWarning: [33mWARN: Box low's precision lowered by casting to float32, current low.dtype=float64[0m
  gym.logger.warn(
/home/deddy/repos/outofthisworldmodel/.venv/lib/python3.13/site-packages/gymnasium/spaces/box.py:297: UserWarning: [33mWARN: Box high's precision lowered by casting to float32, current high.dtype=float64[0m
  gym.logger.warn(
/home/deddy/repos/outofthisworldmodel/.venv/lib/python3.13/site-packages/gymnasium/spaces/box.py:231: UserWarning: [33mWARN: Box low's precision lowered by casting to float32, current low.dtype=float64[0m
  gym.logger.warn(
/home/deddy/repos/outofthisworldmodel/.venv/lib/python3.13/site-packages/gymnasium/spaces/box.py:297: UserWarning: [33mWARN: Box high's precision lowered by casting to float32, current high.dtype=float64[0m
  gym.logger.warn(
/home/deddy/repos/outofthisworldmodel/.venv/lib/python3.13/site-packages/gymnasium/spaces/box.py:231: UserWarning: [33mWARN: Box low's precision lowered by casting to float32, current low.dtype=float64[0m
  gym.logger.warn(
/home/deddy/repos/outofthisworldmodel/.venv/lib/python3.13/site-packages/gymnasium/spaces/box.py:297: UserWarning: [33mWARN: Box high's precision lowered by casting to float32, current high.dtype=float64[0m
  gym.logger.warn(
/home/deddy/repos/outofthisworldmodel/.venv/lib/python3.13/site-packages/gymnasium/spaces/box.py:231: UserWarning: [33mWARN: Box low's precision lowered by casting to float32, current low.dtype=float64[0m
  gym.logger.warn(
/home/deddy/repos/outofthisworldmodel/.venv/lib/python3.13/site-packages/gymnasium/spaces/box.py:297: UserWarning: [33mWARN: Box high's precision lowered by casting to float32, current high.dtype=float64[0m
  gym.logger.warn(
/home/deddy/repos/outofthisworldmodel/.venv/lib/python3.13/site-packages/gymnasium/spaces/box.py:231: UserWarning: [33mWARN: Box low's precision lowered by casting to float32, current low.dtype=float64[0m
  gym.logger.warn(
/home/deddy/repos/outofthisworldmodel/.venv/lib/python3.13/site-packages/gymnasium/spaces/box.py:297: UserWarning: [33mWARN: Box high's precision lowered by casting to float32, current high.dtype=float64[0m
  gym.logger.warn(
wandb: uploading artifact xg6f9vkt-model; updating run metadata
wandb: uploading artifact xg6f9vkt-model
wandb: uploading history steps 215-215, summary, console lines 9-9
wandb: 
wandb: Run history:
wandb:    docking/collision_rate ▁▁▁▁▁▁▁▁▁▁▁▁▁▁▁▁▁▁▁▁▁▁▁▁▁▁▁▁▁▁▁▁▁▁▁▁▁▁▁▁
wandb:       docking/docked_rate ▁▁▁▁▁▁▁▁▁▁▁▁▁▁▁▁▁▁▁▁▁▁▁▁▁▁▁▁▁▁▁▁▁▁▁▁▁▁▁▁
wandb:    docking/ep_min_att_rad ▄▆▃▂▄▂▇▆▄▂▂▄▁▆▂▄▄▆▃▃▃▃▇▄▆▆█▁▂▄▂▁▁▆▆▅▄▄▂▂
wandb:      docking/ep_min_pos_m ▅▃▅▃▆▇▆▅▇▃▃▇▄▄▂▆▂▇▆▂▅▄▂▄▆▆▅▇▄▆▅█▅▁▅▄▃▃▅▃
wandb: docking/ep_min_rate_radps ▇▇▄▄▆▆▆▆▆▅▇▄█▆▅▂█▁▃▅▃▆▂▆▄▇▅▆▄▄▄▃▂▅▃▄▅▅▃█
wandb:    docking/ep_min_vel_mps ▃▅▆▅▆▄▅▆▂▆▃▆▆█▆▅▇▃▅▂▃▂▅▄▆▅▃▃▁▇▇▆▄▄▆▄▂▆▆▂
wandb:          docking/episodes ▁▁▁▂▂▂▂▂▃▃▃▃▃▄▄▄▄▄▄▄▅▅▅▅▅▆▆▆▆▆▇▇▇▇▇▇████
wandb:      docking/escaped_rate ▁▁▁▁▁▁▁▁▁▁▁▁▁▁▁▁▁▁▁▁▁▁▁▃▃▃▄▄▄▆▇▇███▇▇▇▇▇
wandb:        docking/port_index ▅▁█▃▃█▁█▁▅▁█▅▅█▅▆▅▁▅▃▆▁▆▁▆▅▁▅▁▅█▃▆▅▆▅▃██
wandb:    docking/truncated_rate ██████████████████████████████▆▅▅▃▂▁▁▁▂▂
wandb:                       +25 ...
wandb: 
wandb: Run summary:
wandb:    docking/collision_rate 0
wandb:       docking/docked_rate 0
wandb:    docking/ep_min_att_rad 0.49638
wandb:      docking/ep_min_pos_m 137.2662
wandb: docking/ep_min_rate_radps 0.00212
wandb:    docking/ep_min_vel_mps 0.00928
wandb:          docking/episodes 68
wandb:      docking/escaped_rate 0.07353
wandb:        docking/port_index 4
wandb:    docking/truncated_rate 0.92647
wandb:                       +25 ...
wandb: 
wandb: 🚀 View run astral-sweep-20 at: https://wandb.ai/duncan-world-models/amos-out-of-this-world-model/runs/xg6f9vkt
wandb: ⭐️ View project at: https://wandb.ai/duncan-world-models/amos-out-of-this-world-model
wandb: Synced 5 W&B file(s), 30 media file(s), 3 artifact file(s) and 1 other file(s)
wandb: Find logs at: ./wandb/run-20260812_094015-xg6f9vkt/logs
[val] step 100000: mean_return -6635.5, outcomes: truncated, truncated, truncated, truncated, truncated
[val] step 200000: mean_return -8230.9, outcomes: escaped, truncated, truncated, truncated, truncated
[val] step 300000: mean_return -11272.9, outcomes: escaped, truncated, escaped, truncated, truncated
[val] step 400000: mean_return -14639.7, outcomes: escaped, escaped, escaped, escaped, truncated
[val] step 500000: mean_return -14575.6, outcomes: escaped, escaped, truncated, escaped, escaped
[val] step 500000: mean_return -16323.2, outcomes: escaped, escaped, escaped, escaped, escaped
2026-08-12 10:48:18,653 - wandb.wandb_agent - INFO - Cleaning up finished run: xg6f9vkt
2026-08-12 10:48:19,679 - wandb.wandb_agent - INFO - Agent received command: run
2026-08-12 10:48:19,679 - wandb.wandb_agent - INFO - Agent starting run with config:
	algo: sac
	batch_size: 1024
	buffer_size: 300000
	gamma: 0.9995
	gradient_steps: 8
	learning_rate: 6.0771159180037984e-05
	learning_starts: 10000
	seed: 0
	tau: 0.0015102151604894818
	train_freq: 8
	trial_timesteps: 500000
2026-08-12 10:48:19,680 - wandb.wandb_agent - INFO - About to run command: /usr/bin/env uv run python -m owm.baselines.rl.sweep_trial
wandb: [wandb.login()] Loaded credentials for https://api.wandb.ai from WANDB_API_KEY.
wandb: Currently logged in as: duncaneddy (duncan-world-models) to https://api.wandb.ai. Use `wandb login --relogin` to force relogin
wandb: Tracking run with wandb version 0.28.1
wandb: Run data is saved locally in /home/deddy/repos/outofthisworldmodel/wandb/run-20260812_104823-7i9qhuun
wandb: Run `wandb offline` to turn off syncing.
wandb: Syncing run snowy-sweep-22
wandb: ⭐️ View project at https://wandb.ai/duncan-world-models/amos-out-of-this-world-model
wandb: 🧹 View sweep at https://wandb.ai/duncan-world-models/amos-out-of-this-world-model/sweeps/bm88x06x
wandb: 🚀 View run at https://wandb.ai/duncan-world-models/amos-out-of-this-world-model/runs/7i9qhuun
2026-08-12 10:48:24,705 - wandb.wandb_agent - INFO - Running runs: ['7i9qhuun']
/home/deddy/repos/outofthisworldmodel/.venv/lib/python3.13/site-packages/gymnasium/spaces/box.py:231: UserWarning: [33mWARN: Box low's precision lowered by casting to float32, current low.dtype=float64[0m
  gym.logger.warn(
/home/deddy/repos/outofthisworldmodel/.venv/lib/python3.13/site-packages/gymnasium/spaces/box.py:297: UserWarning: [33mWARN: Box high's precision lowered by casting to float32, current high.dtype=float64[0m
  gym.logger.warn(
/home/deddy/repos/outofthisworldmodel/.venv/lib/python3.13/site-packages/gymnasium/spaces/box.py:231: UserWarning: [33mWARN: Box low's precision lowered by casting to float32, current low.dtype=float64[0m
  gym.logger.warn(
/home/deddy/repos/outofthisworldmodel/.venv/lib/python3.13/site-packages/gymnasium/spaces/box.py:297: UserWarning: [33mWARN: Box high's precision lowered by casting to float32, current high.dtype=float64[0m
  gym.logger.warn(
/home/deddy/repos/outofthisworldmodel/.venv/lib/python3.13/site-packages/gymnasium/spaces/box.py:231: UserWarning: [33mWARN: Box low's precision lowered by casting to float32, current low.dtype=float64[0m
  gym.logger.warn(
/home/deddy/repos/outofthisworldmodel/.venv/lib/python3.13/site-packages/gymnasium/spaces/box.py:297: UserWarning: [33mWARN: Box high's precision lowered by casting to float32, current high.dtype=float64[0m
  gym.logger.warn(
/home/deddy/repos/outofthisworldmodel/.venv/lib/python3.13/site-packages/gymnasium/spaces/box.py:231: UserWarning: [33mWARN: Box low's precision lowered by casting to float32, current low.dtype=float64[0m
  gym.logger.warn(
/home/deddy/repos/outofthisworldmodel/.venv/lib/python3.13/site-packages/gymnasium/spaces/box.py:297: UserWarning: [33mWARN: Box high's precision lowered by casting to float32, current high.dtype=float64[0m
  gym.logger.warn(
wandb: uploading artifact u8ypsolv-model; updating run metadata
wandb: uploading media/images/val/traj_3d_attitude_75_de7158f453c74e2dd5c8.png; uploading media/images/val/reward_75_13029317d9284dcf0eba.png; uploading media/images/val/control_75_f77fc10ce35f298dd064.png; uploading wandb-summary.json; uploading config.yaml (+ 4 more)
wandb: 
wandb: Run history:
wandb:    docking/collision_rate ▁▁▁▁▁▁▁▁▁▁▁▁▁▁▁▁▁▁▁▁▁▁▁▁▁▁▁▁▁▁▁▁▁▁▁▁▁▁▁▁
wandb:       docking/docked_rate ▁▁▁▁▁▁▁▁▁▁▁▁▁▁▁▁▁▁▁▁▁▁▁▁▁▁▁▁▁▁▁▁▁▁▁▁▁▁▁▁
wandb:    docking/ep_min_att_rad ▆▃▄▂▅▂▆▂▄▂▅▆▄▃▂▂▂▆▇█▅▂▂▂▃▂▄▁▁▂▄█▄▆▄▄▅▃▄▃
wandb:      docking/ep_min_pos_m ▃▅▄▆▅▁▃▇▁▅▄▇▅▃▄▃▅▅▃▃▆▃▃▅▅▄▃█▃▅▃▅▅▅▃▅▆▂▅▂
wandb: docking/ep_min_rate_radps ▆█▃▆▇▂▅▁█▃▄▃▆▃▅█▄▃▇▄▄▄▇▇▅█▄▁▄▃▃▄▃▃▅▄█▃▇█
wandb:    docking/ep_min_vel_mps ▂█▆▂▃▆▆▅▂▂▆▅▇█▁▇▅▁▇▂▃▂▁▇▃▃▂▂▅▃▃▂▅▂▃▆▅▃▆▂
wandb:          docking/episodes ▁▁▁▂▂▂▂▂▂▂▃▃▃▃▃▃▄▄▄▄▄▄▅▅▅▅▅▅▆▆▆▆▇▇▇▇████
wandb:      docking/escaped_rate ▁▁▁▁▁▁▁▁▁▁▁▁▁▁▁▁▁▁▁▁▁▁▁▁▁▁▁▁▁▁▁▁▁▁▁▁▁▁▁▁
wandb:        docking/port_index ▆▅▃▁█▆▃▃▅█████▅▁█▁▅▁▃▃▃▆▁██▅▆▃█▆▅█▅▁▆▁▁▃
wandb:    docking/truncated_rate ▁▁▁▁▁▁▁▁▁▁▁▁▁▁▁▁▁▁▁▁▁▁▁▁▁▁▁▁▁▁▁▁▁▁▁▁▁▁▁▁
wandb:                       +30 ...
wandb: 
wandb: Run summary:
wandb:    docking/collision_rate 0
wandb:       docking/docked_rate 0
wandb:    docking/ep_min_att_rad 0.65508
wandb:      docking/ep_min_pos_m 157.70878
wandb: docking/ep_min_rate_radps 0.00243
wandb:    docking/ep_min_vel_mps 0.00411
wandb:          docking/episodes 64
wandb:      docking/escaped_rate 0
wandb:        docking/port_index 4
wandb:    docking/truncated_rate 1
wandb:                       +30 ...
wandb: 
wandb: 🚀 View run lemon-sweep-20 at: https://wandb.ai/duncan-world-models/amos-out-of-this-world-model/runs/u8ypsolv
wandb: ⭐️ View project at: https://wandb.ai/duncan-world-models/amos-out-of-this-world-model
wandb: Synced 5 W&B file(s), 30 media file(s), 3 artifact file(s) and 1 other file(s)
wandb: Find logs at: ./wandb/run-20260812_100511-u8ypsolv/logs
[val] step 100000: mean_return -5768.2, outcomes: truncated, truncated, truncated, truncated, truncated
[val] step 200000: mean_return -5632.5, outcomes: truncated, truncated, truncated, truncated, truncated
[val] step 300000: mean_return -5946.9, outcomes: truncated, truncated, truncated, truncated, truncated
[val] step 400000: mean_return -6063.0, outcomes: truncated, truncated, truncated, truncated, truncated
[val] step 500000: mean_return -5936.0, outcomes: truncated, truncated, truncated, truncated, truncated
[val] step 503808: mean_return -5969.5, outcomes: truncated, truncated, truncated, truncated, truncated
2026-08-12 10:57:03,122 - wandb.wandb_agent - INFO - Cleaning up finished run: u8ypsolv
2026-08-12 10:57:04,092 - wandb.wandb_agent - INFO - Agent received command: run
2026-08-12 10:57:04,092 - wandb.wandb_agent - INFO - Agent starting run with config:
	algo: ppo
	batch_size: 512
	clip_range: 0.2
	ent_coef: 0.00033410438845514587
	gae_lambda: 0.91593178360937
	gamma: 0.9995
	learning_rate: 2.5513869279231413e-05
	n_epochs: 5
	n_steps: 1024
	seed: 0
	trial_timesteps: 500000
2026-08-12 10:57:04,094 - wandb.wandb_agent - INFO - About to run command: /usr/bin/env uv run python -m owm.baselines.rl.sweep_trial
wandb: [wandb.login()] Loaded credentials for https://api.wandb.ai from WANDB_API_KEY.
wandb: Currently logged in as: duncaneddy (duncan-world-models) to https://api.wandb.ai. Use `wandb login --relogin` to force relogin
wandb: Tracking run with wandb version 0.28.1
wandb: Run data is saved locally in /home/deddy/repos/outofthisworldmodel/wandb/run-20260812_105707-n6zp4kyt
wandb: Run `wandb offline` to turn off syncing.
wandb: Syncing run polished-sweep-21
wandb: ⭐️ View project at https://wandb.ai/duncan-world-models/amos-out-of-this-world-model
wandb: 🧹 View sweep at https://wandb.ai/duncan-world-models/amos-out-of-this-world-model/sweeps/wy4vs8ws
wandb: 🚀 View run at https://wandb.ai/duncan-world-models/amos-out-of-this-world-model/runs/n6zp4kyt
2026-08-12 10:57:09,125 - wandb.wandb_agent - INFO - Running runs: ['n6zp4kyt']
/home/deddy/repos/outofthisworldmodel/.venv/lib/python3.13/site-packages/gymnasium/spaces/box.py:231: UserWarning: [33mWARN: Box low's precision lowered by casting to float32, current low.dtype=float64[0m
  gym.logger.warn(
/home/deddy/repos/outofthisworldmodel/.venv/lib/python3.13/site-packages/gymnasium/spaces/box.py:297: UserWarning: [33mWARN: Box high's precision lowered by casting to float32, current high.dtype=float64[0m
  gym.logger.warn(
/home/deddy/repos/outofthisworldmodel/.venv/lib/python3.13/site-packages/gymnasium/spaces/box.py:231: UserWarning: [33mWARN: Box low's precision lowered by casting to float32, current low.dtype=float64[0m
  gym.logger.warn(
/home/deddy/repos/outofthisworldmodel/.venv/lib/python3.13/site-packages/gymnasium/spaces/box.py:297: UserWarning: [33mWARN: Box high's precision lowered by casting to float32, current high.dtype=float64[0m
  gym.logger.warn(
/home/deddy/repos/outofthisworldmodel/.venv/lib/python3.13/site-packages/gymnasium/spaces/box.py:231: UserWarning: [33mWARN: Box low's precision lowered by casting to float32, current low.dtype=float64[0m
  gym.logger.warn(
/home/deddy/repos/outofthisworldmodel/.venv/lib/python3.13/site-packages/gymnasium/spaces/box.py:297: UserWarning: [33mWARN: Box high's precision lowered by casting to float32, current high.dtype=float64[0m
  gym.logger.warn(
/home/deddy/repos/outofthisworldmodel/.venv/lib/python3.13/site-packages/gymnasium/spaces/box.py:231: UserWarning: [33mWARN: Box low's precision lowered by casting to float32, current low.dtype=float64[0m
  gym.logger.warn(
/home/deddy/repos/outofthisworldmodel/.venv/lib/python3.13/site-packages/gymnasium/spaces/box.py:297: UserWarning: [33mWARN: Box high's precision lowered by casting to float32, current high.dtype=float64[0m
  gym.logger.warn(
/home/deddy/repos/outofthisworldmodel/.venv/lib/python3.13/site-packages/gymnasium/spaces/box.py:231: UserWarning: [33mWARN: Box low's precision lowered by casting to float32, current low.dtype=float64[0m
  gym.logger.warn(
/home/deddy/repos/outofthisworldmodel/.venv/lib/python3.13/site-packages/gymnasium/spaces/box.py:297: UserWarning: [33mWARN: Box high's precision lowered by casting to float32, current high.dtype=float64[0m
  gym.logger.warn(
/home/deddy/repos/outofthisworldmodel/.venv/lib/python3.13/site-packages/gymnasium/spaces/box.py:231: UserWarning: [33mWARN: Box low's precision lowered by casting to float32, current low.dtype=float64[0m
  gym.logger.warn(
/home/deddy/repos/outofthisworldmodel/.venv/lib/python3.13/site-packages/gymnasium/spaces/box.py:297: UserWarning: [33mWARN: Box high's precision lowered by casting to float32, current high.dtype=float64[0m
  gym.logger.warn(
/home/deddy/repos/outofthisworldmodel/.venv/lib/python3.13/site-packages/gymnasium/spaces/box.py:231: UserWarning: [33mWARN: Box low's precision lowered by casting to float32, current low.dtype=float64[0m
  gym.logger.warn(
/home/deddy/repos/outofthisworldmodel/.venv/lib/python3.13/site-packages/gymnasium/spaces/box.py:297: UserWarning: [33mWARN: Box high's precision lowered by casting to float32, current high.dtype=float64[0m
  gym.logger.warn(
/home/deddy/repos/outofthisworldmodel/.venv/lib/python3.13/site-packages/gymnasium/spaces/box.py:231: UserWarning: [33mWARN: Box low's precision lowered by casting to float32, current low.dtype=float64[0m
  gym.logger.warn(
/home/deddy/repos/outofthisworldmodel/.venv/lib/python3.13/site-packages/gymnasium/spaces/box.py:297: UserWarning: [33mWARN: Box high's precision lowered by casting to float32, current high.dtype=float64[0m
  gym.logger.warn(
/home/deddy/repos/outofthisworldmodel/.venv/lib/python3.13/site-packages/gymnasium/spaces/box.py:231: UserWarning: [33mWARN: Box low's precision lowered by casting to float32, current low.dtype=float64[0m
  gym.logger.warn(
/home/deddy/repos/outofthisworldmodel/.venv/lib/python3.13/site-packages/gymnasium/spaces/box.py:297: UserWarning: [33mWARN: Box high's precision lowered by casting to float32, current high.dtype=float64[0m
  gym.logger.warn(
/home/deddy/repos/outofthisworldmodel/.venv/lib/python3.13/site-packages/gymnasium/spaces/box.py:231: UserWarning: [33mWARN: Box low's precision lowered by casting to float32, current low.dtype=float64[0m
  gym.logger.warn(
/home/deddy/repos/outofthisworldmodel/.venv/lib/python3.13/site-packages/gymnasium/spaces/box.py:297: UserWarning: [33mWARN: Box high's precision lowered by casting to float32, current high.dtype=float64[0m
  gym.logger.warn(
/home/deddy/repos/outofthisworldmodel/.venv/lib/python3.13/site-packages/gymnasium/spaces/box.py:231: UserWarning: [33mWARN: Box low's precision lowered by casting to float32, current low.dtype=float64[0m
  gym.logger.warn(
/home/deddy/repos/outofthisworldmodel/.venv/lib/python3.13/site-packages/gymnasium/spaces/box.py:297: UserWarning: [33mWARN: Box high's precision lowered by casting to float32, current high.dtype=float64[0m
  gym.logger.warn(
/home/deddy/repos/outofthisworldmodel/.venv/lib/python3.13/site-packages/gymnasium/spaces/box.py:231: UserWarning: [33mWARN: Box low's precision lowered by casting to float32, current low.dtype=float64[0m
  gym.logger.warn(
/home/deddy/repos/outofthisworldmodel/.venv/lib/python3.13/site-packages/gymnasium/spaces/box.py:297: UserWarning: [33mWARN: Box high's precision lowered by casting to float32, current high.dtype=float64[0m
  gym.logger.warn(
/home/deddy/repos/outofthisworldmodel/.venv/lib/python3.13/site-packages/gymnasium/spaces/box.py:231: UserWarning: [33mWARN: Box low's precision lowered by casting to float32, current low.dtype=float64[0m
  gym.logger.warn(
/home/deddy/repos/outofthisworldmodel/.venv/lib/python3.13/site-packages/gymnasium/spaces/box.py:297: UserWarning: [33mWARN: Box high's precision lowered by casting to float32, current high.dtype=float64[0m
  gym.logger.warn(
/home/deddy/repos/outofthisworldmodel/.venv/lib/python3.13/site-packages/gymnasium/spaces/box.py:231: UserWarning: [33mWARN: Box low's precision lowered by casting to float32, current low.dtype=float64[0m
  gym.logger.warn(
/home/deddy/repos/outofthisworldmodel/.venv/lib/python3.13/site-packages/gymnasium/spaces/box.py:297: UserWarning: [33mWARN: Box high's precision lowered by casting to float32, current high.dtype=float64[0m
  gym.logger.warn(
/home/deddy/repos/outofthisworldmodel/.venv/lib/python3.13/site-packages/gymnasium/spaces/box.py:231: UserWarning: [33mWARN: Box low's precision lowered by casting to float32, current low.dtype=float64[0m
  gym.logger.warn(
/home/deddy/repos/outofthisworldmodel/.venv/lib/python3.13/site-packages/gymnasium/spaces/box.py:297: UserWarning: [33mWARN: Box high's precision lowered by casting to float32, current high.dtype=float64[0m
  gym.logger.warn(
/home/deddy/repos/outofthisworldmodel/.venv/lib/python3.13/site-packages/gymnasium/spaces/box.py:231: UserWarning: [33mWARN: Box low's precision lowered by casting to float32, current low.dtype=float64[0m
  gym.logger.warn(
/home/deddy/repos/outofthisworldmodel/.venv/lib/python3.13/site-packages/gymnasium/spaces/box.py:297: UserWarning: [33mWARN: Box high's precision lowered by casting to float32, current high.dtype=float64[0m
  gym.logger.warn(
/home/deddy/repos/outofthisworldmodel/.venv/lib/python3.13/site-packages/gymnasium/spaces/box.py:231: UserWarning: [33mWARN: Box low's precision lowered by casting to float32, current low.dtype=float64[0m
  gym.logger.warn(
/home/deddy/repos/outofthisworldmodel/.venv/lib/python3.13/site-packages/gymnasium/spaces/box.py:297: UserWarning: [33mWARN: Box high's precision lowered by casting to float32, current high.dtype=float64[0m
  gym.logger.warn(
/home/deddy/repos/outofthisworldmodel/.venv/lib/python3.13/site-packages/gymnasium/spaces/box.py:231: UserWarning: [33mWARN: Box low's precision lowered by casting to float32, current low.dtype=float64[0m
  gym.logger.warn(
/home/deddy/repos/outofthisworldmodel/.venv/lib/python3.13/site-packages/gymnasium/spaces/box.py:297: UserWarning: [33mWARN: Box high's precision lowered by casting to float32, current high.dtype=float64[0m
  gym.logger.warn(
/home/deddy/repos/outofthisworldmodel/.venv/lib/python3.13/site-packages/gymnasium/spaces/box.py:231: UserWarning: [33mWARN: Box low's precision lowered by casting to float32, current low.dtype=float64[0m
  gym.logger.warn(
/home/deddy/repos/outofthisworldmodel/.venv/lib/python3.13/site-packages/gymnasium/spaces/box.py:297: UserWarning: [33mWARN: Box high's precision lowered by casting to float32, current high.dtype=float64[0m
  gym.logger.warn(
/home/deddy/repos/outofthisworldmodel/.venv/lib/python3.13/site-packages/gymnasium/spaces/box.py:231: UserWarning: [33mWARN: Box low's precision lowered by casting to float32, current low.dtype=float64[0m
  gym.logger.warn(
/home/deddy/repos/outofthisworldmodel/.venv/lib/python3.13/site-packages/gymnasium/spaces/box.py:297: UserWarning: [33mWARN: Box high's precision lowered by casting to float32, current high.dtype=float64[0m
  gym.logger.warn(
wandb: uploading artifact rz2qowjl-model; updating run metadata
wandb: uploading media/images/val/traj_3d_80_2e6e91d464eb87278de7.png; uploading media/images/val/traj_3d_attitude_80_426074255fa4af8b10cf.png; uploading media/images/val/control_80_098995389fbd716a56fc.png; uploading output.log; uploading wandb-summary.json (+ 4 more)
wandb: 
wandb: Run history:
wandb:    docking/collision_rate ▁▁▁▁▁▁▁▁▁▁▁▁▁▁▁▁▁▁▁▁▁▁▁▁▁▁▁▁▁▁▁███▇▇▇▇▇▆
wandb:       docking/docked_rate ▁▁▁▁▁▁▁▁▁▁▁▁▁▁▁▁▁▁▁▁▁▁▁▁▁▁▁▁▁▁▁▁▁▁▁▁▁▁▁▁
wandb:    docking/ep_min_att_rad ▄▅▆▄▆▄▅▄▃▁▁▃█▃▃▁▄▆▄▇▆▂█▇▃▁▆▄▂▁▂▄▂▆▂▂▁▁▂▃
wandb:      docking/ep_min_pos_m ▆▆▅▂▂▇▅▅▄▆▃▇▄▇▄▃▆▂█▅▇▂▆▄▅▅▄▂▅▇▅▄▁▄▆▆▂▅▂▃
wandb: docking/ep_min_rate_radps ▆▆▄▄▃▇▅▂▅▂▂▅▃█▇▁▄▂▅▄▂▄▄▂▃▆▄▃▆▃▂▄▆▂▃▅▂█▅▅
wandb:    docking/ep_min_vel_mps ▄▆▇▂▅▇▇▂▃▇▃▇▆▇▅▃▄▄▁▃▃▂▄▃█▄▂█▄▆▆▅▆▄▇▇▁▇▆▄
wandb:          docking/episodes ▁▁▁▁▂▂▂▂▂▂▂▃▃▃▃▃▃▄▄▄▅▅▅▅▅▆▆▆▆▆▆▆▆▇▇▇████
wandb:      docking/escaped_rate ▁▁▁▁▁▁▁▁▁▁▁▁▁▁▁▁▁▁▁▁▁▁▁▁▁▁▁▁▁▁▁▁▁▁▁▁███▇
wandb:        docking/port_index ▅▃▁█▃▁██▁█▆█▅▆▅█▁▅▁▅▆█▁▆▁▃▁█▅▅▆▅▆▃▅▁▅▆█▅
wandb:    docking/truncated_rate ███████████████████████████████▅▅▅▅▃▃▃▃▁
wandb:                       +25 ...
wandb: 
wandb: Run summary:
wandb:    docking/collision_rate 0.01449
wandb:       docking/docked_rate 0
wandb:    docking/ep_min_att_rad 1.45732
wandb:      docking/ep_min_pos_m 210.7372
wandb: docking/ep_min_rate_radps 0.00055
wandb:    docking/ep_min_vel_mps 0.00461
wandb:          docking/episodes 69
wandb:      docking/escaped_rate 0.02899
wandb:        docking/port_index 2
wandb:    docking/truncated_rate 0.95652
wandb:                       +25 ...
wandb: 
wandb: 🚀 View run cosmic-sweep-21 at: https://wandb.ai/duncan-world-models/amos-out-of-this-world-model/runs/rz2qowjl
wandb: ⭐️ View project at: https://wandb.ai/duncan-world-models/amos-out-of-this-world-model
wandb: Synced 5 W&B file(s), 30 media file(s), 3 artifact file(s) and 1 other file(s)
wandb: Find logs at: ./wandb/run-20260812_101116-rz2qowjl/logs
[val] step 100000: mean_return -6250.2, outcomes: truncated, truncated, truncated, truncated, truncated
[val] step 200000: mean_return -8559.1, outcomes: truncated, truncated, escaped, truncated, truncated
[val] step 300000: mean_return -9786.8, outcomes: escaped, truncated, truncated, truncated, truncated
[val] step 400000: mean_return -14665.5, outcomes: escaped, escaped, escaped, truncated, escaped
[val] step 500000: mean_return -14813.0, outcomes: escaped, escaped, escaped, truncated, escaped
[val] step 500000: mean_return -14800.8, outcomes: escaped, escaped, escaped, truncated, escaped
2026-08-12 11:16:47,844 - wandb.wandb_agent - INFO - Cleaning up finished run: rz2qowjl
2026-08-12 11:16:48,798 - wandb.wandb_agent - INFO - Agent received command: run
2026-08-12 11:16:48,798 - wandb.wandb_agent - INFO - Agent starting run with config:
	algo: sac
	batch_size: 1024
	buffer_size: 300000
	gamma: 0.995
	gradient_steps: 4
	learning_rate: 0.00020504922800554325
	learning_starts: 10000
	seed: 0
	tau: 0.0015976230925300386
	train_freq: 1
	trial_timesteps: 500000
2026-08-12 11:16:48,800 - wandb.wandb_agent - INFO - About to run command: /usr/bin/env uv run python -m owm.baselines.rl.sweep_trial
wandb: [wandb.login()] Loaded credentials for https://api.wandb.ai from WANDB_API_KEY.
wandb: Currently logged in as: duncaneddy (duncan-world-models) to https://api.wandb.ai. Use `wandb login --relogin` to force relogin
wandb: Tracking run with wandb version 0.28.1
wandb: Run data is saved locally in /home/deddy/repos/outofthisworldmodel/wandb/run-20260812_111652-pr24dngh
wandb: Run `wandb offline` to turn off syncing.
wandb: Syncing run devout-sweep-23
wandb: ⭐️ View project at https://wandb.ai/duncan-world-models/amos-out-of-this-world-model
wandb: 🧹 View sweep at https://wandb.ai/duncan-world-models/amos-out-of-this-world-model/sweeps/bm88x06x
wandb: 🚀 View run at https://wandb.ai/duncan-world-models/amos-out-of-this-world-model/runs/pr24dngh
2026-08-12 11:16:53,825 - wandb.wandb_agent - INFO - Running runs: ['pr24dngh']
/home/deddy/repos/outofthisworldmodel/.venv/lib/python3.13/site-packages/gymnasium/spaces/box.py:231: UserWarning: [33mWARN: Box low's precision lowered by casting to float32, current low.dtype=float64[0m
  gym.logger.warn(
/home/deddy/repos/outofthisworldmodel/.venv/lib/python3.13/site-packages/gymnasium/spaces/box.py:297: UserWarning: [33mWARN: Box high's precision lowered by casting to float32, current high.dtype=float64[0m
  gym.logger.warn(
/home/deddy/repos/outofthisworldmodel/.venv/lib/python3.13/site-packages/gymnasium/spaces/box.py:231: UserWarning: [33mWARN: Box low's precision lowered by casting to float32, current low.dtype=float64[0m
  gym.logger.warn(
/home/deddy/repos/outofthisworldmodel/.venv/lib/python3.13/site-packages/gymnasium/spaces/box.py:297: UserWarning: [33mWARN: Box high's precision lowered by casting to float32, current high.dtype=float64[0m
  gym.logger.warn(
/home/deddy/repos/outofthisworldmodel/.venv/lib/python3.13/site-packages/gymnasium/spaces/box.py:231: UserWarning: [33mWARN: Box low's precision lowered by casting to float32, current low.dtype=float64[0m
  gym.logger.warn(
/home/deddy/repos/outofthisworldmodel/.venv/lib/python3.13/site-packages/gymnasium/spaces/box.py:297: UserWarning: [33mWARN: Box high's precision lowered by casting to float32, current high.dtype=float64[0m
  gym.logger.warn(
/home/deddy/repos/outofthisworldmodel/.venv/lib/python3.13/site-packages/gymnasium/spaces/box.py:231: UserWarning: [33mWARN: Box low's precision lowered by casting to float32, current low.dtype=float64[0m
  gym.logger.warn(
/home/deddy/repos/outofthisworldmodel/.venv/lib/python3.13/site-packages/gymnasium/spaces/box.py:297: UserWarning: [33mWARN: Box high's precision lowered by casting to float32, current high.dtype=float64[0m
  gym.logger.warn(
/home/deddy/repos/outofthisworldmodel/.venv/lib/python3.13/site-packages/gymnasium/spaces/box.py:231: UserWarning: [33mWARN: Box low's precision lowered by casting to float32, current low.dtype=float64[0m
  gym.logger.warn(
/home/deddy/repos/outofthisworldmodel/.venv/lib/python3.13/site-packages/gymnasium/spaces/box.py:297: UserWarning: [33mWARN: Box high's precision lowered by casting to float32, current high.dtype=float64[0m
  gym.logger.warn(
/home/deddy/repos/outofthisworldmodel/.venv/lib/python3.13/site-packages/gymnasium/spaces/box.py:231: UserWarning: [33mWARN: Box low's precision lowered by casting to float32, current low.dtype=float64[0m
  gym.logger.warn(
/home/deddy/repos/outofthisworldmodel/.venv/lib/python3.13/site-packages/gymnasium/spaces/box.py:297: UserWarning: [33mWARN: Box high's precision lowered by casting to float32, current high.dtype=float64[0m
  gym.logger.warn(
/home/deddy/repos/outofthisworldmodel/.venv/lib/python3.13/site-packages/gymnasium/spaces/box.py:231: UserWarning: [33mWARN: Box low's precision lowered by casting to float32, current low.dtype=float64[0m
  gym.logger.warn(
/home/deddy/repos/outofthisworldmodel/.venv/lib/python3.13/site-packages/gymnasium/spaces/box.py:297: UserWarning: [33mWARN: Box high's precision lowered by casting to float32, current high.dtype=float64[0m
  gym.logger.warn(
/home/deddy/repos/outofthisworldmodel/.venv/lib/python3.13/site-packages/gymnasium/spaces/box.py:231: UserWarning: [33mWARN: Box low's precision lowered by casting to float32, current low.dtype=float64[0m
  gym.logger.warn(
/home/deddy/repos/outofthisworldmodel/.venv/lib/python3.13/site-packages/gymnasium/spaces/box.py:297: UserWarning: [33mWARN: Box high's precision lowered by casting to float32, current high.dtype=float64[0m
  gym.logger.warn(
/home/deddy/repos/outofthisworldmodel/.venv/lib/python3.13/site-packages/gymnasium/spaces/box.py:231: UserWarning: [33mWARN: Box low's precision lowered by casting to float32, current low.dtype=float64[0m
  gym.logger.warn(
/home/deddy/repos/outofthisworldmodel/.venv/lib/python3.13/site-packages/gymnasium/spaces/box.py:297: UserWarning: [33mWARN: Box high's precision lowered by casting to float32, current high.dtype=float64[0m
  gym.logger.warn(
/home/deddy/repos/outofthisworldmodel/.venv/lib/python3.13/site-packages/gymnasium/spaces/box.py:231: UserWarning: [33mWARN: Box low's precision lowered by casting to float32, current low.dtype=float64[0m
  gym.logger.warn(
/home/deddy/repos/outofthisworldmodel/.venv/lib/python3.13/site-packages/gymnasium/spaces/box.py:297: UserWarning: [33mWARN: Box high's precision lowered by casting to float32, current high.dtype=float64[0m
  gym.logger.warn(
wandb: uploading artifact n6zp4kyt-model; updating run metadata
wandb: uploading config.yaml; uploading media/images/val/traj_3d_79_5888f23051e46e038021.png; uploading media/images/val/control_79_d360abd2e05a012c1249.png; uploading output.log; uploading wandb-summary.json (+ 4 more)
wandb: 
wandb: Run history:
wandb:    docking/collision_rate ▁▁▁▁▁█▇▆▆▅▅▄▄▄▄▄▄▃▃▃▃▃▃▃▃▃▃▃▂▂▂▂▂▂▂▂▂▂▂▂
wandb:       docking/docked_rate ▁▁▁▁▁▁▁▁▁▁▁▁▁▁▁▁▁▁▁▁▁▁▁▁▁▁▁▁▁▁▁▁▁▁▁▁▁▁▁▁
wandb:    docking/ep_min_att_rad ▄▄▁▁▄▇▄▃▁▂▆▃▁▃▆▆▂▃▃▃▂▆▅▄▄▁▁▃▁▂█▂▂▃▃▂▂▅▅▁
wandb:      docking/ep_min_pos_m ▆▃▅▇▅▁▁▃▃█▇▄▆▆▃▄▅▄▂▃▃▃▆▅▅▆▇▁▆▂▅▄▇▁▅▅▃█▂▆
wandb: docking/ep_min_rate_radps █▃▂▄▇▁▃▆▂▅▆▇▄█▄▂▄▅▅▇▇▆▅▇▄▄▄▄▄▅▂▅▅▂▇▆█▄▅▇
wandb:    docking/ep_min_vel_mps ▂█▃▆▂▆▅▆▂▆▂▃▅▇▇▁▅▇▅▃▂▃▂▁▂▃▅▄▃▄▃█▂▇▇▂▆▂▆▇
wandb:          docking/episodes ▁▂▂▂▂▂▂▃▃▃▃▃▄▄▄▄▄▄▅▅▅▅▅▅▆▆▆▆▆▆▇▇▇▇▇▇▇███
wandb:      docking/escaped_rate ▁▁▁▁▁▁▁▁▁▁▁▁▁▁▁▁▁▁▁▁▁▁▁▁▁▁▁▁▁▁▁▁▁▄▄▄▃▃▆█
wandb:        docking/port_index ▆▅▃▁█▃▃███▁▃▆▁█▃▁█▃▆▁█▃█▅▃▃▆█▅█▁█▅▆▃▆▅▁▆
wandb:    docking/truncated_rate ██████▁▃▃▄▅▅▅▅▅▆▆▆▆▆▆▆▆▆▆▇▇▇▇▇▇▇▇▇▇▆▆▆▅▃
wandb:                       +30 ...
wandb: 
wandb: Run summary:
wandb:    docking/collision_rate 0.01471
wandb:       docking/docked_rate 0
wandb:    docking/ep_min_att_rad 0.11588
wandb:      docking/ep_min_pos_m 362.9576
wandb: docking/ep_min_rate_radps 0.00215
wandb:    docking/ep_min_vel_mps 0.00965
wandb:          docking/episodes 68
wandb:      docking/escaped_rate 0.05882
wandb:        docking/port_index 4
wandb:    docking/truncated_rate 0.92647
wandb:                       +30 ...
wandb: 
wandb: 🚀 View run polished-sweep-21 at: https://wandb.ai/duncan-world-models/amos-out-of-this-world-model/runs/n6zp4kyt
wandb: ⭐️ View project at: https://wandb.ai/duncan-world-models/amos-out-of-this-world-model
wandb: Synced 5 W&B file(s), 30 media file(s), 3 artifact file(s) and 1 other file(s)
wandb: Find logs at: ./wandb/run-20260812_105707-n6zp4kyt/logs
[val] step 100000: mean_return -5862.4, outcomes: truncated, truncated, truncated, truncated, truncated
[val] step 200000: mean_return -6717.4, outcomes: truncated, truncated, truncated, truncated, truncated
[val] step 300000: mean_return -7336.0, outcomes: truncated, truncated, truncated, truncated, truncated
[val] step 400000: mean_return -11797.1, outcomes: escaped, escaped, truncated, truncated, truncated
[val] step 500000: mean_return -17337.0, outcomes: escaped, escaped, escaped, escaped, escaped
[val] step 507904: mean_return -15303.6, outcomes: escaped, escaped, escaped, truncated, escaped
2026-08-12 11:48:22,415 - wandb.wandb_agent - INFO - Cleaning up finished run: n6zp4kyt
2026-08-12 11:48:23,372 - wandb.wandb_agent - INFO - Agent received command: run
2026-08-12 11:48:23,372 - wandb.wandb_agent - INFO - Agent starting run with config:
	algo: ppo
	batch_size: 1024
	clip_range: 0.2
	ent_coef: 1.1734540514079616e-08
	gae_lambda: 0.9560372569276466
	gamma: 0.999
	learning_rate: 4.659824341318705e-05
	n_epochs: 5
	n_steps: 2048
	seed: 0
	trial_timesteps: 500000
2026-08-12 11:48:23,374 - wandb.wandb_agent - INFO - About to run command: /usr/bin/env uv run python -m owm.baselines.rl.sweep_trial
wandb: [wandb.login()] Loaded credentials for https://api.wandb.ai from WANDB_API_KEY.
wandb: Currently logged in as: duncaneddy (duncan-world-models) to https://api.wandb.ai. Use `wandb login --relogin` to force relogin
wandb: Tracking run with wandb version 0.28.1
wandb: Run data is saved locally in /home/deddy/repos/outofthisworldmodel/wandb/run-20260812_114826-9qgaz1aq
wandb: Run `wandb offline` to turn off syncing.
wandb: Syncing run lilac-sweep-22
wandb: ⭐️ View project at https://wandb.ai/duncan-world-models/amos-out-of-this-world-model
wandb: 🧹 View sweep at https://wandb.ai/duncan-world-models/amos-out-of-this-world-model/sweeps/wy4vs8ws
wandb: 🚀 View run at https://wandb.ai/duncan-world-models/amos-out-of-this-world-model/runs/9qgaz1aq
2026-08-12 11:48:28,400 - wandb.wandb_agent - INFO - Running runs: ['9qgaz1aq']
/home/deddy/repos/outofthisworldmodel/.venv/lib/python3.13/site-packages/gymnasium/spaces/box.py:231: UserWarning: [33mWARN: Box low's precision lowered by casting to float32, current low.dtype=float64[0m
  gym.logger.warn(
/home/deddy/repos/outofthisworldmodel/.venv/lib/python3.13/site-packages/gymnasium/spaces/box.py:297: UserWarning: [33mWARN: Box high's precision lowered by casting to float32, current high.dtype=float64[0m
  gym.logger.warn(
/home/deddy/repos/outofthisworldmodel/.venv/lib/python3.13/site-packages/gymnasium/spaces/box.py:231: UserWarning: [33mWARN: Box low's precision lowered by casting to float32, current low.dtype=float64[0m
  gym.logger.warn(
/home/deddy/repos/outofthisworldmodel/.venv/lib/python3.13/site-packages/gymnasium/spaces/box.py:297: UserWarning: [33mWARN: Box high's precision lowered by casting to float32, current high.dtype=float64[0m
  gym.logger.warn(
/home/deddy/repos/outofthisworldmodel/.venv/lib/python3.13/site-packages/gymnasium/spaces/box.py:231: UserWarning: [33mWARN: Box low's precision lowered by casting to float32, current low.dtype=float64[0m
  gym.logger.warn(
/home/deddy/repos/outofthisworldmodel/.venv/lib/python3.13/site-packages/gymnasium/spaces/box.py:297: UserWarning: [33mWARN: Box high's precision lowered by casting to float32, current high.dtype=float64[0m
  gym.logger.warn(
/home/deddy/repos/outofthisworldmodel/.venv/lib/python3.13/site-packages/gymnasium/spaces/box.py:231: UserWarning: [33mWARN: Box low's precision lowered by casting to float32, current low.dtype=float64[0m
  gym.logger.warn(
/home/deddy/repos/outofthisworldmodel/.venv/lib/python3.13/site-packages/gymnasium/spaces/box.py:297: UserWarning: [33mWARN: Box high's precision lowered by casting to float32, current high.dtype=float64[0m
  gym.logger.warn(
/home/deddy/repos/outofthisworldmodel/.venv/lib/python3.13/site-packages/gymnasium/spaces/box.py:231: UserWarning: [33mWARN: Box low's precision lowered by casting to float32, current low.dtype=float64[0m
  gym.logger.warn(
/home/deddy/repos/outofthisworldmodel/.venv/lib/python3.13/site-packages/gymnasium/spaces/box.py:297: UserWarning: [33mWARN: Box high's precision lowered by casting to float32, current high.dtype=float64[0m
  gym.logger.warn(
/home/deddy/repos/outofthisworldmodel/.venv/lib/python3.13/site-packages/gymnasium/spaces/box.py:231: UserWarning: [33mWARN: Box low's precision lowered by casting to float32, current low.dtype=float64[0m
  gym.logger.warn(
/home/deddy/repos/outofthisworldmodel/.venv/lib/python3.13/site-packages/gymnasium/spaces/box.py:297: UserWarning: [33mWARN: Box high's precision lowered by casting to float32, current high.dtype=float64[0m
  gym.logger.warn(
/home/deddy/repos/outofthisworldmodel/.venv/lib/python3.13/site-packages/gymnasium/spaces/box.py:231: UserWarning: [33mWARN: Box low's precision lowered by casting to float32, current low.dtype=float64[0m
  gym.logger.warn(
/home/deddy/repos/outofthisworldmodel/.venv/lib/python3.13/site-packages/gymnasium/spaces/box.py:297: UserWarning: [33mWARN: Box high's precision lowered by casting to float32, current high.dtype=float64[0m
  gym.logger.warn(
/home/deddy/repos/outofthisworldmodel/.venv/lib/python3.13/site-packages/gymnasium/spaces/box.py:231: UserWarning: [33mWARN: Box low's precision lowered by casting to float32, current low.dtype=float64[0m
  gym.logger.warn(
/home/deddy/repos/outofthisworldmodel/.venv/lib/python3.13/site-packages/gymnasium/spaces/box.py:297: UserWarning: [33mWARN: Box high's precision lowered by casting to float32, current high.dtype=float64[0m
  gym.logger.warn(
/home/deddy/repos/outofthisworldmodel/.venv/lib/python3.13/site-packages/gymnasium/spaces/box.py:231: UserWarning: [33mWARN: Box low's precision lowered by casting to float32, current low.dtype=float64[0m
  gym.logger.warn(
/home/deddy/repos/outofthisworldmodel/.venv/lib/python3.13/site-packages/gymnasium/spaces/box.py:297: UserWarning: [33mWARN: Box high's precision lowered by casting to float32, current high.dtype=float64[0m
  gym.logger.warn(
/home/deddy/repos/outofthisworldmodel/.venv/lib/python3.13/site-packages/gymnasium/spaces/box.py:231: UserWarning: [33mWARN: Box low's precision lowered by casting to float32, current low.dtype=float64[0m
  gym.logger.warn(
/home/deddy/repos/outofthisworldmodel/.venv/lib/python3.13/site-packages/gymnasium/spaces/box.py:297: UserWarning: [33mWARN: Box high's precision lowered by casting to float32, current high.dtype=float64[0m
  gym.logger.warn(
/home/deddy/repos/outofthisworldmodel/.venv/lib/python3.13/site-packages/gymnasium/spaces/box.py:231: UserWarning: [33mWARN: Box low's precision lowered by casting to float32, current low.dtype=float64[0m
  gym.logger.warn(
/home/deddy/repos/outofthisworldmodel/.venv/lib/python3.13/site-packages/gymnasium/spaces/box.py:297: UserWarning: [33mWARN: Box high's precision lowered by casting to float32, current high.dtype=float64[0m
  gym.logger.warn(
/home/deddy/repos/outofthisworldmodel/.venv/lib/python3.13/site-packages/gymnasium/spaces/box.py:231: UserWarning: [33mWARN: Box low's precision lowered by casting to float32, current low.dtype=float64[0m
  gym.logger.warn(
/home/deddy/repos/outofthisworldmodel/.venv/lib/python3.13/site-packages/gymnasium/spaces/box.py:297: UserWarning: [33mWARN: Box high's precision lowered by casting to float32, current high.dtype=float64[0m
  gym.logger.warn(
/home/deddy/repos/outofthisworldmodel/.venv/lib/python3.13/site-packages/gymnasium/spaces/box.py:231: UserWarning: [33mWARN: Box low's precision lowered by casting to float32, current low.dtype=float64[0m
  gym.logger.warn(
/home/deddy/repos/outofthisworldmodel/.venv/lib/python3.13/site-packages/gymnasium/spaces/box.py:297: UserWarning: [33mWARN: Box high's precision lowered by casting to float32, current high.dtype=float64[0m
  gym.logger.warn(
/home/deddy/repos/outofthisworldmodel/.venv/lib/python3.13/site-packages/gymnasium/spaces/box.py:231: UserWarning: [33mWARN: Box low's precision lowered by casting to float32, current low.dtype=float64[0m
  gym.logger.warn(
/home/deddy/repos/outofthisworldmodel/.venv/lib/python3.13/site-packages/gymnasium/spaces/box.py:297: UserWarning: [33mWARN: Box high's precision lowered by casting to float32, current high.dtype=float64[0m
  gym.logger.warn(
wandb: uploading artifact 7i9qhuun-model; updating run metadata
wandb: uploading media/images/val/reward_99_a577031343afbae4e80a.png; uploading media/images/val/control_99_0ac8be9f189468679282.png; uploading output.log; uploading media/images/val/traj_3d_attitude_99_42e823ad5d53bac55210.png; uploading wandb-summary.json (+ 4 more)
wandb: 
wandb: Run history:
wandb:    docking/collision_rate ▁▁▁▁▁▁▁▁▁▁▁▁▁▁▁▁▁▁▁▁▁▁▁▁▁▁▁▁▁▁▁▁▁▁▁▁▁▁▁▁
wandb:       docking/docked_rate ▁▁▁▁▁▁▁▁▁▁▁▁▁▁▁▁▁▁▁▁▁▁▁▁▁▁▁▁▁▁▁▁▁▁▁▁▁▁▁▁
wandb:    docking/ep_min_att_rad ▂▆▃▆▆▇█▆▂▂▅▄▅▂▃▃▆▂▅▁▆▇██▂▃▂▂▃▃▃▄▅▂▂▁▅▁█▃
wandb:      docking/ep_min_pos_m ▆▄▃▅▆▇▃▇▃▄▂▆▅▅▆▃▇█▁▃▄█▃▅█▃▁▅██▂▇█▇▅▅▃▅▆▅
wandb: docking/ep_min_rate_radps ▆▄▃▃▆▆▂▇▁▂▇▅▄▃▃▂▄▃▃▃▂▂▅▇▄▇▅▆▄▅█▅███▇▇▅▆▇
wandb:    docking/ep_min_vel_mps ▃▅▄▃▅▂▄▅▄▄▄▄▄▂█▃▅▅▅▄▄▅▆▆▅▅▆▆▇▅▁▇█▃▅▇▆▆▆▆
wandb:          docking/episodes ▁▁▁▂▂▂▂▂▂▃▃▃▄▄▄▄▄▄▅▅▅▅▅▅▅▆▆▆▆▆▆▇▇▇▇▇▇███
wandb:      docking/escaped_rate ▁▁▁▁▁▁▁▁▁▁▁▁▁▂▂▃▃▃▃▄▄▄▄▅▅▅▆▆▆▆▆▇▇▇▇▇████
wandb:        docking/port_index ▆▅▁█▃▁▁██▁▅▃▆▅█▅▆▅▁▃▆▁▅▅▁▅▆▅▅▅██▆█▃▃▁▆▆▃
wandb:    docking/truncated_rate ████████████▇▇▇▆▆▆▅▅▅▅▄▄▄▃▃▃▃▃▂▂▂▁▁▁▁▁▁▁
wandb:                       +25 ...
wandb: 
wandb: Run summary:
wandb:    docking/collision_rate 0
wandb:       docking/docked_rate 0
wandb:    docking/ep_min_att_rad 0.45286
wandb:      docking/ep_min_pos_m 358.25502
wandb: docking/ep_min_rate_radps 0.00201
wandb:    docking/ep_min_vel_mps 0.00786
wandb:          docking/episodes 88
wandb:      docking/escaped_rate 0.57955
wandb:        docking/port_index 0
wandb:    docking/truncated_rate 0.42045
wandb:                       +25 ...
wandb: 
wandb: 🚀 View run snowy-sweep-22 at: https://wandb.ai/duncan-world-models/amos-out-of-this-world-model/runs/7i9qhuun
wandb: ⭐️ View project at: https://wandb.ai/duncan-world-models/amos-out-of-this-world-model
wandb: Synced 5 W&B file(s), 30 media file(s), 3 artifact file(s) and 1 other file(s)
wandb: Find logs at: ./wandb/run-20260812_104823-7i9qhuun/logs
[val] step 100000: mean_return -205783.3, outcomes: truncated, truncated, truncated, truncated, collision
[val] step 200000: mean_return -15690.8, outcomes: escaped, escaped, escaped, escaped, escaped
[val] step 300000: mean_return -15211.1, outcomes: escaped, escaped, escaped, escaped, escaped
[val] step 400000: mean_return -16527.7, outcomes: escaped, escaped, escaped, escaped, escaped
[val] step 500000: mean_return -15863.6, outcomes: escaped, escaped, escaped, escaped, escaped
[val] step 500000: mean_return -13539.1, outcomes: escaped, escaped, escaped, escaped, escaped
2026-08-12 12:08:37,577 - wandb.wandb_agent - INFO - Cleaning up finished run: 7i9qhuun
2026-08-12 12:08:38,444 - wandb.wandb_agent - INFO - Agent received command: run
2026-08-12 12:08:38,445 - wandb.wandb_agent - INFO - Agent starting run with config:
	algo: sac
	batch_size: 256
	buffer_size: 300000
	gamma: 0.999
	gradient_steps: 4
	learning_rate: 0.000914903625045398
	learning_starts: 10000
	seed: 0
	tau: 0.0051018415102987965
	train_freq: 4
	trial_timesteps: 500000
2026-08-12 12:08:38,446 - wandb.wandb_agent - INFO - About to run command: /usr/bin/env uv run python -m owm.baselines.rl.sweep_trial
wandb: [wandb.login()] Loaded credentials for https://api.wandb.ai from WANDB_API_KEY.
wandb: Currently logged in as: duncaneddy (duncan-world-models) to https://api.wandb.ai. Use `wandb login --relogin` to force relogin
wandb: Tracking run with wandb version 0.28.1
wandb: Run data is saved locally in /home/deddy/repos/outofthisworldmodel/wandb/run-20260812_120841-xhr00el3
wandb: Run `wandb offline` to turn off syncing.
wandb: Syncing run sandy-sweep-24
wandb: ⭐️ View project at https://wandb.ai/duncan-world-models/amos-out-of-this-world-model
wandb: 🧹 View sweep at https://wandb.ai/duncan-world-models/amos-out-of-this-world-model/sweeps/bm88x06x
wandb: 🚀 View run at https://wandb.ai/duncan-world-models/amos-out-of-this-world-model/runs/xhr00el3
2026-08-12 12:08:43,471 - wandb.wandb_agent - INFO - Running runs: ['xhr00el3']
/home/deddy/repos/outofthisworldmodel/.venv/lib/python3.13/site-packages/gymnasium/spaces/box.py:231: UserWarning: [33mWARN: Box low's precision lowered by casting to float32, current low.dtype=float64[0m
  gym.logger.warn(
/home/deddy/repos/outofthisworldmodel/.venv/lib/python3.13/site-packages/gymnasium/spaces/box.py:297: UserWarning: [33mWARN: Box high's precision lowered by casting to float32, current high.dtype=float64[0m
  gym.logger.warn(
/home/deddy/repos/outofthisworldmodel/.venv/lib/python3.13/site-packages/gymnasium/spaces/box.py:231: UserWarning: [33mWARN: Box low's precision lowered by casting to float32, current low.dtype=float64[0m
  gym.logger.warn(
/home/deddy/repos/outofthisworldmodel/.venv/lib/python3.13/site-packages/gymnasium/spaces/box.py:297: UserWarning: [33mWARN: Box high's precision lowered by casting to float32, current high.dtype=float64[0m
  gym.logger.warn(
/home/deddy/repos/outofthisworldmodel/.venv/lib/python3.13/site-packages/gymnasium/spaces/box.py:231: UserWarning: [33mWARN: Box low's precision lowered by casting to float32, current low.dtype=float64[0m
  gym.logger.warn(
/home/deddy/repos/outofthisworldmodel/.venv/lib/python3.13/site-packages/gymnasium/spaces/box.py:297: UserWarning: [33mWARN: Box high's precision lowered by casting to float32, current high.dtype=float64[0m
  gym.logger.warn(
/home/deddy/repos/outofthisworldmodel/.venv/lib/python3.13/site-packages/gymnasium/spaces/box.py:231: UserWarning: [33mWARN: Box low's precision lowered by casting to float32, current low.dtype=float64[0m
  gym.logger.warn(
/home/deddy/repos/outofthisworldmodel/.venv/lib/python3.13/site-packages/gymnasium/spaces/box.py:297: UserWarning: [33mWARN: Box high's precision lowered by casting to float32, current high.dtype=float64[0m
  gym.logger.warn(
2026-08-12 12:10:02,675 - wandb.wandb_agent - INFO - Agent received command: stop
2026-08-12 12:10:02,675 - wandb.wandb_agent - INFO - Stop: 9qgaz1aq
2026-08-12 12:10:07,700 - wandb.wandb_agent - INFO - Cleaning up finished run: 9qgaz1aq
2026-08-12 12:10:08,674 - wandb.wandb_agent - INFO - Agent received command: run
2026-08-12 12:10:08,675 - wandb.wandb_agent - INFO - Agent starting run with config:
	algo: ppo
	batch_size: 1024
	clip_range: 0.1
	ent_coef: 1.9896025083710336e-06
	gae_lambda: 0.9277233196313376
	gamma: 0.999
	learning_rate: 0.0005186464709839739
	n_epochs: 5
	n_steps: 512
	seed: 0
	trial_timesteps: 500000
2026-08-12 12:10:08,678 - wandb.wandb_agent - INFO - About to run command: /usr/bin/env uv run python -m owm.baselines.rl.sweep_trial
wandb: [wandb.login()] Loaded credentials for https://api.wandb.ai from WANDB_API_KEY.
wandb: Currently logged in as: duncaneddy (duncan-world-models) to https://api.wandb.ai. Use `wandb login --relogin` to force relogin
wandb: Tracking run with wandb version 0.28.1
wandb: Run data is saved locally in /home/deddy/repos/outofthisworldmodel/wandb/run-20260812_121012-gpouh13z
wandb: Run `wandb offline` to turn off syncing.
wandb: Syncing run glorious-sweep-23
wandb: ⭐️ View project at https://wandb.ai/duncan-world-models/amos-out-of-this-world-model
wandb: 🧹 View sweep at https://wandb.ai/duncan-world-models/amos-out-of-this-world-model/sweeps/wy4vs8ws
wandb: 🚀 View run at https://wandb.ai/duncan-world-models/amos-out-of-this-world-model/runs/gpouh13z
2026-08-12 12:10:13,705 - wandb.wandb_agent - INFO - Running runs: ['gpouh13z']
/home/deddy/repos/outofthisworldmodel/.venv/lib/python3.13/site-packages/gymnasium/spaces/box.py:231: UserWarning: [33mWARN: Box low's precision lowered by casting to float32, current low.dtype=float64[0m
  gym.logger.warn(
/home/deddy/repos/outofthisworldmodel/.venv/lib/python3.13/site-packages/gymnasium/spaces/box.py:297: UserWarning: [33mWARN: Box high's precision lowered by casting to float32, current high.dtype=float64[0m
  gym.logger.warn(
/home/deddy/repos/outofthisworldmodel/.venv/lib/python3.13/site-packages/gymnasium/spaces/box.py:231: UserWarning: [33mWARN: Box low's precision lowered by casting to float32, current low.dtype=float64[0m
  gym.logger.warn(
/home/deddy/repos/outofthisworldmodel/.venv/lib/python3.13/site-packages/gymnasium/spaces/box.py:297: UserWarning: [33mWARN: Box high's precision lowered by casting to float32, current high.dtype=float64[0m
  gym.logger.warn(
/home/deddy/repos/outofthisworldmodel/.venv/lib/python3.13/site-packages/gymnasium/spaces/box.py:231: UserWarning: [33mWARN: Box low's precision lowered by casting to float32, current low.dtype=float64[0m
  gym.logger.warn(
/home/deddy/repos/outofthisworldmodel/.venv/lib/python3.13/site-packages/gymnasium/spaces/box.py:297: UserWarning: [33mWARN: Box high's precision lowered by casting to float32, current high.dtype=float64[0m
  gym.logger.warn(
/home/deddy/repos/outofthisworldmodel/.venv/lib/python3.13/site-packages/gymnasium/spaces/box.py:231: UserWarning: [33mWARN: Box low's precision lowered by casting to float32, current low.dtype=float64[0m
  gym.logger.warn(
/home/deddy/repos/outofthisworldmodel/.venv/lib/python3.13/site-packages/gymnasium/spaces/box.py:297: UserWarning: [33mWARN: Box high's precision lowered by casting to float32, current high.dtype=float64[0m
  gym.logger.warn(
/home/deddy/repos/outofthisworldmodel/.venv/lib/python3.13/site-packages/gymnasium/spaces/box.py:231: UserWarning: [33mWARN: Box low's precision lowered by casting to float32, current low.dtype=float64[0m
  gym.logger.warn(
/home/deddy/repos/outofthisworldmodel/.venv/lib/python3.13/site-packages/gymnasium/spaces/box.py:297: UserWarning: [33mWARN: Box high's precision lowered by casting to float32, current high.dtype=float64[0m
  gym.logger.warn(
/home/deddy/repos/outofthisworldmodel/.venv/lib/python3.13/site-packages/gymnasium/spaces/box.py:231: UserWarning: [33mWARN: Box low's precision lowered by casting to float32, current low.dtype=float64[0m
  gym.logger.warn(
/home/deddy/repos/outofthisworldmodel/.venv/lib/python3.13/site-packages/gymnasium/spaces/box.py:297: UserWarning: [33mWARN: Box high's precision lowered by casting to float32, current high.dtype=float64[0m
  gym.logger.warn(
/home/deddy/repos/outofthisworldmodel/.venv/lib/python3.13/site-packages/gymnasium/spaces/box.py:231: UserWarning: [33mWARN: Box low's precision lowered by casting to float32, current low.dtype=float64[0m
  gym.logger.warn(
/home/deddy/repos/outofthisworldmodel/.venv/lib/python3.13/site-packages/gymnasium/spaces/box.py:297: UserWarning: [33mWARN: Box high's precision lowered by casting to float32, current high.dtype=float64[0m
  gym.logger.warn(
/home/deddy/repos/outofthisworldmodel/.venv/lib/python3.13/site-packages/gymnasium/spaces/box.py:231: UserWarning: [33mWARN: Box low's precision lowered by casting to float32, current low.dtype=float64[0m
  gym.logger.warn(
/home/deddy/repos/outofthisworldmodel/.venv/lib/python3.13/site-packages/gymnasium/spaces/box.py:297: UserWarning: [33mWARN: Box high's precision lowered by casting to float32, current high.dtype=float64[0m
  gym.logger.warn(
/home/deddy/repos/outofthisworldmodel/.venv/lib/python3.13/site-packages/gymnasium/spaces/box.py:231: UserWarning: [33mWARN: Box low's precision lowered by casting to float32, current low.dtype=float64[0m
  gym.logger.warn(
/home/deddy/repos/outofthisworldmodel/.venv/lib/python3.13/site-packages/gymnasium/spaces/box.py:297: UserWarning: [33mWARN: Box high's precision lowered by casting to float32, current high.dtype=float64[0m
  gym.logger.warn(
/home/deddy/repos/outofthisworldmodel/.venv/lib/python3.13/site-packages/gymnasium/spaces/box.py:231: UserWarning: [33mWARN: Box low's precision lowered by casting to float32, current low.dtype=float64[0m
  gym.logger.warn(
/home/deddy/repos/outofthisworldmodel/.venv/lib/python3.13/site-packages/gymnasium/spaces/box.py:297: UserWarning: [33mWARN: Box high's precision lowered by casting to float32, current high.dtype=float64[0m
  gym.logger.warn(
/home/deddy/repos/outofthisworldmodel/.venv/lib/python3.13/site-packages/gymnasium/spaces/box.py:231: UserWarning: [33mWARN: Box low's precision lowered by casting to float32, current low.dtype=float64[0m
  gym.logger.warn(
/home/deddy/repos/outofthisworldmodel/.venv/lib/python3.13/site-packages/gymnasium/spaces/box.py:297: UserWarning: [33mWARN: Box high's precision lowered by casting to float32, current high.dtype=float64[0m
  gym.logger.warn(
/home/deddy/repos/outofthisworldmodel/.venv/lib/python3.13/site-packages/gymnasium/spaces/box.py:231: UserWarning: [33mWARN: Box low's precision lowered by casting to float32, current low.dtype=float64[0m
  gym.logger.warn(
/home/deddy/repos/outofthisworldmodel/.venv/lib/python3.13/site-packages/gymnasium/spaces/box.py:297: UserWarning: [33mWARN: Box high's precision lowered by casting to float32, current high.dtype=float64[0m
  gym.logger.warn(
/home/deddy/repos/outofthisworldmodel/.venv/lib/python3.13/site-packages/gymnasium/spaces/box.py:231: UserWarning: [33mWARN: Box low's precision lowered by casting to float32, current low.dtype=float64[0m
  gym.logger.warn(
/home/deddy/repos/outofthisworldmodel/.venv/lib/python3.13/site-packages/gymnasium/spaces/box.py:297: UserWarning: [33mWARN: Box high's precision lowered by casting to float32, current high.dtype=float64[0m
  gym.logger.warn(
/home/deddy/repos/outofthisworldmodel/.venv/lib/python3.13/site-packages/gymnasium/spaces/box.py:231: UserWarning: [33mWARN: Box low's precision lowered by casting to float32, current low.dtype=float64[0m
  gym.logger.warn(
/home/deddy/repos/outofthisworldmodel/.venv/lib/python3.13/site-packages/gymnasium/spaces/box.py:297: UserWarning: [33mWARN: Box high's precision lowered by casting to float32, current high.dtype=float64[0m
  gym.logger.warn(
/home/deddy/repos/outofthisworldmodel/.venv/lib/python3.13/site-packages/gymnasium/spaces/box.py:231: UserWarning: [33mWARN: Box low's precision lowered by casting to float32, current low.dtype=float64[0m
  gym.logger.warn(
/home/deddy/repos/outofthisworldmodel/.venv/lib/python3.13/site-packages/gymnasium/spaces/box.py:297: UserWarning: [33mWARN: Box high's precision lowered by casting to float32, current high.dtype=float64[0m
  gym.logger.warn(
/home/deddy/repos/outofthisworldmodel/.venv/lib/python3.13/site-packages/gymnasium/spaces/box.py:231: UserWarning: [33mWARN: Box low's precision lowered by casting to float32, current low.dtype=float64[0m
  gym.logger.warn(
/home/deddy/repos/outofthisworldmodel/.venv/lib/python3.13/site-packages/gymnasium/spaces/box.py:297: UserWarning: [33mWARN: Box high's precision lowered by casting to float32, current high.dtype=float64[0m
  gym.logger.warn(
/home/deddy/repos/outofthisworldmodel/.venv/lib/python3.13/site-packages/gymnasium/spaces/box.py:231: UserWarning: [33mWARN: Box low's precision lowered by casting to float32, current low.dtype=float64[0m
  gym.logger.warn(
/home/deddy/repos/outofthisworldmodel/.venv/lib/python3.13/site-packages/gymnasium/spaces/box.py:297: UserWarning: [33mWARN: Box high's precision lowered by casting to float32, current high.dtype=float64[0m
  gym.logger.warn(
/home/deddy/repos/outofthisworldmodel/.venv/lib/python3.13/site-packages/gymnasium/spaces/box.py:231: UserWarning: [33mWARN: Box low's precision lowered by casting to float32, current low.dtype=float64[0m
  gym.logger.warn(
/home/deddy/repos/outofthisworldmodel/.venv/lib/python3.13/site-packages/gymnasium/spaces/box.py:297: UserWarning: [33mWARN: Box high's precision lowered by casting to float32, current high.dtype=float64[0m
  gym.logger.warn(
/home/deddy/repos/outofthisworldmodel/.venv/lib/python3.13/site-packages/gymnasium/spaces/box.py:231: UserWarning: [33mWARN: Box low's precision lowered by casting to float32, current low.dtype=float64[0m
  gym.logger.warn(
/home/deddy/repos/outofthisworldmodel/.venv/lib/python3.13/site-packages/gymnasium/spaces/box.py:297: UserWarning: [33mWARN: Box high's precision lowered by casting to float32, current high.dtype=float64[0m
  gym.logger.warn(
/home/deddy/repos/outofthisworldmodel/.venv/lib/python3.13/site-packages/gymnasium/spaces/box.py:231: UserWarning: [33mWARN: Box low's precision lowered by casting to float32, current low.dtype=float64[0m
  gym.logger.warn(
/home/deddy/repos/outofthisworldmodel/.venv/lib/python3.13/site-packages/gymnasium/spaces/box.py:297: UserWarning: [33mWARN: Box high's precision lowered by casting to float32, current high.dtype=float64[0m
  gym.logger.warn(
2026-08-12 12:30:05,178 - wandb.wandb_agent - INFO - Agent received command: stop
2026-08-12 12:30:05,178 - wandb.wandb_agent - INFO - Stop: gpouh13z
2026-08-12 12:30:10,202 - wandb.wandb_agent - INFO - Cleaning up finished run: gpouh13z
2026-08-12 12:30:11,287 - wandb.wandb_agent - INFO - Agent received command: run
2026-08-12 12:30:11,288 - wandb.wandb_agent - INFO - Agent starting run with config:
	algo: ppo
	batch_size: 512
	clip_range: 0.1
	ent_coef: 1.4854608515315965e-07
	gae_lambda: 0.9351183598543372
	gamma: 0.9995
	learning_rate: 0.00039011383649064025
	n_epochs: 5
	n_steps: 1024
	seed: 0
	trial_timesteps: 500000
2026-08-12 12:30:11,290 - wandb.wandb_agent - INFO - About to run command: /usr/bin/env uv run python -m owm.baselines.rl.sweep_trial
wandb: [wandb.login()] Loaded credentials for https://api.wandb.ai from WANDB_API_KEY.
wandb: Currently logged in as: duncaneddy (duncan-world-models) to https://api.wandb.ai. Use `wandb login --relogin` to force relogin
wandb: Tracking run with wandb version 0.28.1
wandb: Run data is saved locally in /home/deddy/repos/outofthisworldmodel/wandb/run-20260812_123014-f20qn36g
wandb: Run `wandb offline` to turn off syncing.
wandb: Syncing run upbeat-sweep-24
wandb: ⭐️ View project at https://wandb.ai/duncan-world-models/amos-out-of-this-world-model
wandb: 🧹 View sweep at https://wandb.ai/duncan-world-models/amos-out-of-this-world-model/sweeps/wy4vs8ws
wandb: 🚀 View run at https://wandb.ai/duncan-world-models/amos-out-of-this-world-model/runs/f20qn36g
2026-08-12 12:30:16,316 - wandb.wandb_agent - INFO - Running runs: ['f20qn36g']
/home/deddy/repos/outofthisworldmodel/.venv/lib/python3.13/site-packages/gymnasium/spaces/box.py:231: UserWarning: [33mWARN: Box low's precision lowered by casting to float32, current low.dtype=float64[0m
  gym.logger.warn(
/home/deddy/repos/outofthisworldmodel/.venv/lib/python3.13/site-packages/gymnasium/spaces/box.py:297: UserWarning: [33mWARN: Box high's precision lowered by casting to float32, current high.dtype=float64[0m
  gym.logger.warn(
/home/deddy/repos/outofthisworldmodel/.venv/lib/python3.13/site-packages/gymnasium/spaces/box.py:231: UserWarning: [33mWARN: Box low's precision lowered by casting to float32, current low.dtype=float64[0m
  gym.logger.warn(
/home/deddy/repos/outofthisworldmodel/.venv/lib/python3.13/site-packages/gymnasium/spaces/box.py:297: UserWarning: [33mWARN: Box high's precision lowered by casting to float32, current high.dtype=float64[0m
  gym.logger.warn(
/home/deddy/repos/outofthisworldmodel/.venv/lib/python3.13/site-packages/gymnasium/spaces/box.py:231: UserWarning: [33mWARN: Box low's precision lowered by casting to float32, current low.dtype=float64[0m
  gym.logger.warn(
/home/deddy/repos/outofthisworldmodel/.venv/lib/python3.13/site-packages/gymnasium/spaces/box.py:297: UserWarning: [33mWARN: Box high's precision lowered by casting to float32, current high.dtype=float64[0m
  gym.logger.warn(
/home/deddy/repos/outofthisworldmodel/.venv/lib/python3.13/site-packages/gymnasium/spaces/box.py:231: UserWarning: [33mWARN: Box low's precision lowered by casting to float32, current low.dtype=float64[0m
  gym.logger.warn(
/home/deddy/repos/outofthisworldmodel/.venv/lib/python3.13/site-packages/gymnasium/spaces/box.py:297: UserWarning: [33mWARN: Box high's precision lowered by casting to float32, current high.dtype=float64[0m
  gym.logger.warn(
/home/deddy/repos/outofthisworldmodel/.venv/lib/python3.13/site-packages/gymnasium/spaces/box.py:231: UserWarning: [33mWARN: Box low's precision lowered by casting to float32, current low.dtype=float64[0m
  gym.logger.warn(
/home/deddy/repos/outofthisworldmodel/.venv/lib/python3.13/site-packages/gymnasium/spaces/box.py:297: UserWarning: [33mWARN: Box high's precision lowered by casting to float32, current high.dtype=float64[0m
  gym.logger.warn(
/home/deddy/repos/outofthisworldmodel/.venv/lib/python3.13/site-packages/gymnasium/spaces/box.py:231: UserWarning: [33mWARN: Box low's precision lowered by casting to float32, current low.dtype=float64[0m
  gym.logger.warn(
/home/deddy/repos/outofthisworldmodel/.venv/lib/python3.13/site-packages/gymnasium/spaces/box.py:297: UserWarning: [33mWARN: Box high's precision lowered by casting to float32, current high.dtype=float64[0m
  gym.logger.warn(
/home/deddy/repos/outofthisworldmodel/.venv/lib/python3.13/site-packages/gymnasium/spaces/box.py:231: UserWarning: [33mWARN: Box low's precision lowered by casting to float32, current low.dtype=float64[0m
  gym.logger.warn(
/home/deddy/repos/outofthisworldmodel/.venv/lib/python3.13/site-packages/gymnasium/spaces/box.py:297: UserWarning: [33mWARN: Box high's precision lowered by casting to float32, current high.dtype=float64[0m
  gym.logger.warn(
/home/deddy/repos/outofthisworldmodel/.venv/lib/python3.13/site-packages/gymnasium/spaces/box.py:231: UserWarning: [33mWARN: Box low's precision lowered by casting to float32, current low.dtype=float64[0m
  gym.logger.warn(
/home/deddy/repos/outofthisworldmodel/.venv/lib/python3.13/site-packages/gymnasium/spaces/box.py:297: UserWarning: [33mWARN: Box high's precision lowered by casting to float32, current high.dtype=float64[0m
  gym.logger.warn(
/home/deddy/repos/outofthisworldmodel/.venv/lib/python3.13/site-packages/gymnasium/spaces/box.py:231: UserWarning: [33mWARN: Box low's precision lowered by casting to float32, current low.dtype=float64[0m
  gym.logger.warn(
/home/deddy/repos/outofthisworldmodel/.venv/lib/python3.13/site-packages/gymnasium/spaces/box.py:297: UserWarning: [33mWARN: Box high's precision lowered by casting to float32, current high.dtype=float64[0m
  gym.logger.warn(
/home/deddy/repos/outofthisworldmodel/.venv/lib/python3.13/site-packages/gymnasium/spaces/box.py:231: UserWarning: [33mWARN: Box low's precision lowered by casting to float32, current low.dtype=float64[0m
  gym.logger.warn(
/home/deddy/repos/outofthisworldmodel/.venv/lib/python3.13/site-packages/gymnasium/spaces/box.py:297: UserWarning: [33mWARN: Box high's precision lowered by casting to float32, current high.dtype=float64[0m
  gym.logger.warn(
/home/deddy/repos/outofthisworldmodel/.venv/lib/python3.13/site-packages/gymnasium/spaces/box.py:231: UserWarning: [33mWARN: Box low's precision lowered by casting to float32, current low.dtype=float64[0m
  gym.logger.warn(
/home/deddy/repos/outofthisworldmodel/.venv/lib/python3.13/site-packages/gymnasium/spaces/box.py:297: UserWarning: [33mWARN: Box high's precision lowered by casting to float32, current high.dtype=float64[0m
  gym.logger.warn(
/home/deddy/repos/outofthisworldmodel/.venv/lib/python3.13/site-packages/gymnasium/spaces/box.py:231: UserWarning: [33mWARN: Box low's precision lowered by casting to float32, current low.dtype=float64[0m
  gym.logger.warn(
/home/deddy/repos/outofthisworldmodel/.venv/lib/python3.13/site-packages/gymnasium/spaces/box.py:297: UserWarning: [33mWARN: Box high's precision lowered by casting to float32, current high.dtype=float64[0m
  gym.logger.warn(
/home/deddy/repos/outofthisworldmodel/.venv/lib/python3.13/site-packages/gymnasium/spaces/box.py:231: UserWarning: [33mWARN: Box low's precision lowered by casting to float32, current low.dtype=float64[0m
  gym.logger.warn(
/home/deddy/repos/outofthisworldmodel/.venv/lib/python3.13/site-packages/gymnasium/spaces/box.py:297: UserWarning: [33mWARN: Box high's precision lowered by casting to float32, current high.dtype=float64[0m
  gym.logger.warn(
/home/deddy/repos/outofthisworldmodel/.venv/lib/python3.13/site-packages/gymnasium/spaces/box.py:231: UserWarning: [33mWARN: Box low's precision lowered by casting to float32, current low.dtype=float64[0m
  gym.logger.warn(
/home/deddy/repos/outofthisworldmodel/.venv/lib/python3.13/site-packages/gymnasium/spaces/box.py:297: UserWarning: [33mWARN: Box high's precision lowered by casting to float32, current high.dtype=float64[0m
  gym.logger.warn(
2026-08-12 12:44:05,534 - wandb.wandb_agent - INFO - Agent received command: stop
2026-08-12 12:44:05,534 - wandb.wandb_agent - INFO - Stop: pr24dngh
2026-08-12 12:44:10,559 - wandb.wandb_agent - INFO - Cleaning up finished run: pr24dngh
2026-08-12 12:44:11,541 - wandb.wandb_agent - INFO - Agent received command: run
2026-08-12 12:44:11,541 - wandb.wandb_agent - INFO - Agent starting run with config:
	algo: sac
	batch_size: 512
	buffer_size: 300000
	gamma: 0.995
	gradient_steps: 1
	learning_rate: 3.849206150969865e-05
	learning_starts: 5000
	seed: 0
	tau: 0.0035326875034569862
	train_freq: 8
	trial_timesteps: 500000
2026-08-12 12:44:11,543 - wandb.wandb_agent - INFO - About to run command: /usr/bin/env uv run python -m owm.baselines.rl.sweep_trial
wandb: [wandb.login()] Loaded credentials for https://api.wandb.ai from WANDB_API_KEY.
wandb: Currently logged in as: duncaneddy (duncan-world-models) to https://api.wandb.ai. Use `wandb login --relogin` to force relogin
wandb: Tracking run with wandb version 0.28.1
wandb: Run data is saved locally in /home/deddy/repos/outofthisworldmodel/wandb/run-20260812_124414-73e8pder
wandb: Run `wandb offline` to turn off syncing.
wandb: Syncing run prime-sweep-25
wandb: ⭐️ View project at https://wandb.ai/duncan-world-models/amos-out-of-this-world-model
wandb: 🧹 View sweep at https://wandb.ai/duncan-world-models/amos-out-of-this-world-model/sweeps/bm88x06x
wandb: 🚀 View run at https://wandb.ai/duncan-world-models/amos-out-of-this-world-model/runs/73e8pder
2026-08-12 12:44:16,570 - wandb.wandb_agent - INFO - Running runs: ['73e8pder']
/home/deddy/repos/outofthisworldmodel/.venv/lib/python3.13/site-packages/gymnasium/spaces/box.py:231: UserWarning: [33mWARN: Box low's precision lowered by casting to float32, current low.dtype=float64[0m
  gym.logger.warn(
/home/deddy/repos/outofthisworldmodel/.venv/lib/python3.13/site-packages/gymnasium/spaces/box.py:297: UserWarning: [33mWARN: Box high's precision lowered by casting to float32, current high.dtype=float64[0m
  gym.logger.warn(
/home/deddy/repos/outofthisworldmodel/.venv/lib/python3.13/site-packages/gymnasium/spaces/box.py:231: UserWarning: [33mWARN: Box low's precision lowered by casting to float32, current low.dtype=float64[0m
  gym.logger.warn(
/home/deddy/repos/outofthisworldmodel/.venv/lib/python3.13/site-packages/gymnasium/spaces/box.py:297: UserWarning: [33mWARN: Box high's precision lowered by casting to float32, current high.dtype=float64[0m
  gym.logger.warn(
/home/deddy/repos/outofthisworldmodel/.venv/lib/python3.13/site-packages/gymnasium/spaces/box.py:231: UserWarning: [33mWARN: Box low's precision lowered by casting to float32, current low.dtype=float64[0m
  gym.logger.warn(
/home/deddy/repos/outofthisworldmodel/.venv/lib/python3.13/site-packages/gymnasium/spaces/box.py:297: UserWarning: [33mWARN: Box high's precision lowered by casting to float32, current high.dtype=float64[0m
  gym.logger.warn(
/home/deddy/repos/outofthisworldmodel/.venv/lib/python3.13/site-packages/gymnasium/spaces/box.py:231: UserWarning: [33mWARN: Box low's precision lowered by casting to float32, current low.dtype=float64[0m
  gym.logger.warn(
/home/deddy/repos/outofthisworldmodel/.venv/lib/python3.13/site-packages/gymnasium/spaces/box.py:297: UserWarning: [33mWARN: Box high's precision lowered by casting to float32, current high.dtype=float64[0m
  gym.logger.warn(
2026-08-12 12:48:01,466 - wandb.wandb_agent - INFO - Agent received command: stop
2026-08-12 12:48:01,466 - wandb.wandb_agent - INFO - Stop: xhr00el3
2026-08-12 12:48:06,491 - wandb.wandb_agent - INFO - Cleaning up finished run: xhr00el3
2026-08-12 12:48:07,370 - wandb.wandb_agent - INFO - Agent received command: run
2026-08-12 12:48:07,371 - wandb.wandb_agent - INFO - Agent starting run with config:
	algo: sac
	batch_size: 512
	buffer_size: 300000
	gamma: 0.999
	gradient_steps: 1
	learning_rate: 1.6656178772204967e-05
	learning_starts: 20000
	seed: 0
	tau: 0.009804299619412486
	train_freq: 1
	trial_timesteps: 500000
2026-08-12 12:48:07,372 - wandb.wandb_agent - INFO - About to run command: /usr/bin/env uv run python -m owm.baselines.rl.sweep_trial
wandb: [wandb.login()] Loaded credentials for https://api.wandb.ai from WANDB_API_KEY.
wandb: Currently logged in as: duncaneddy (duncan-world-models) to https://api.wandb.ai. Use `wandb login --relogin` to force relogin
wandb: Tracking run with wandb version 0.28.1
wandb: Run data is saved locally in /home/deddy/repos/outofthisworldmodel/wandb/run-20260812_124810-gaotgui6
wandb: Run `wandb offline` to turn off syncing.
wandb: Syncing run glamorous-sweep-26
wandb: ⭐️ View project at https://wandb.ai/duncan-world-models/amos-out-of-this-world-model
wandb: 🧹 View sweep at https://wandb.ai/duncan-world-models/amos-out-of-this-world-model/sweeps/bm88x06x
wandb: 🚀 View run at https://wandb.ai/duncan-world-models/amos-out-of-this-world-model/runs/gaotgui6
2026-08-12 12:48:12,397 - wandb.wandb_agent - INFO - Running runs: ['gaotgui6']
/home/deddy/repos/outofthisworldmodel/.venv/lib/python3.13/site-packages/gymnasium/spaces/box.py:231: UserWarning: [33mWARN: Box low's precision lowered by casting to float32, current low.dtype=float64[0m
  gym.logger.warn(
/home/deddy/repos/outofthisworldmodel/.venv/lib/python3.13/site-packages/gymnasium/spaces/box.py:297: UserWarning: [33mWARN: Box high's precision lowered by casting to float32, current high.dtype=float64[0m
  gym.logger.warn(
/home/deddy/repos/outofthisworldmodel/.venv/lib/python3.13/site-packages/gymnasium/spaces/box.py:231: UserWarning: [33mWARN: Box low's precision lowered by casting to float32, current low.dtype=float64[0m
  gym.logger.warn(
/home/deddy/repos/outofthisworldmodel/.venv/lib/python3.13/site-packages/gymnasium/spaces/box.py:297: UserWarning: [33mWARN: Box high's precision lowered by casting to float32, current high.dtype=float64[0m
  gym.logger.warn(
/home/deddy/repos/outofthisworldmodel/.venv/lib/python3.13/site-packages/gymnasium/spaces/box.py:231: UserWarning: [33mWARN: Box low's precision lowered by casting to float32, current low.dtype=float64[0m
  gym.logger.warn(
/home/deddy/repos/outofthisworldmodel/.venv/lib/python3.13/site-packages/gymnasium/spaces/box.py:297: UserWarning: [33mWARN: Box high's precision lowered by casting to float32, current high.dtype=float64[0m
  gym.logger.warn(
/home/deddy/repos/outofthisworldmodel/.venv/lib/python3.13/site-packages/gymnasium/spaces/box.py:231: UserWarning: [33mWARN: Box low's precision lowered by casting to float32, current low.dtype=float64[0m
  gym.logger.warn(
/home/deddy/repos/outofthisworldmodel/.venv/lib/python3.13/site-packages/gymnasium/spaces/box.py:297: UserWarning: [33mWARN: Box high's precision lowered by casting to float32, current high.dtype=float64[0m
  gym.logger.warn(
/home/deddy/repos/outofthisworldmodel/.venv/lib/python3.13/site-packages/gymnasium/spaces/box.py:231: UserWarning: [33mWARN: Box low's precision lowered by casting to float32, current low.dtype=float64[0m
  gym.logger.warn(
/home/deddy/repos/outofthisworldmodel/.venv/lib/python3.13/site-packages/gymnasium/spaces/box.py:297: UserWarning: [33mWARN: Box high's precision lowered by casting to float32, current high.dtype=float64[0m
  gym.logger.warn(
/home/deddy/repos/outofthisworldmodel/.venv/lib/python3.13/site-packages/gymnasium/spaces/box.py:231: UserWarning: [33mWARN: Box low's precision lowered by casting to float32, current low.dtype=float64[0m
  gym.logger.warn(
/home/deddy/repos/outofthisworldmodel/.venv/lib/python3.13/site-packages/gymnasium/spaces/box.py:297: UserWarning: [33mWARN: Box high's precision lowered by casting to float32, current high.dtype=float64[0m
  gym.logger.warn(
/home/deddy/repos/outofthisworldmodel/.venv/lib/python3.13/site-packages/gymnasium/spaces/box.py:231: UserWarning: [33mWARN: Box low's precision lowered by casting to float32, current low.dtype=float64[0m
  gym.logger.warn(
/home/deddy/repos/outofthisworldmodel/.venv/lib/python3.13/site-packages/gymnasium/spaces/box.py:297: UserWarning: [33mWARN: Box high's precision lowered by casting to float32, current high.dtype=float64[0m
  gym.logger.warn(
/home/deddy/repos/outofthisworldmodel/.venv/lib/python3.13/site-packages/gymnasium/spaces/box.py:231: UserWarning: [33mWARN: Box low's precision lowered by casting to float32, current low.dtype=float64[0m
  gym.logger.warn(
/home/deddy/repos/outofthisworldmodel/.venv/lib/python3.13/site-packages/gymnasium/spaces/box.py:297: UserWarning: [33mWARN: Box high's precision lowered by casting to float32, current high.dtype=float64[0m
  gym.logger.warn(
/home/deddy/repos/outofthisworldmodel/.venv/lib/python3.13/site-packages/gymnasium/spaces/box.py:231: UserWarning: [33mWARN: Box low's precision lowered by casting to float32, current low.dtype=float64[0m
  gym.logger.warn(
/home/deddy/repos/outofthisworldmodel/.venv/lib/python3.13/site-packages/gymnasium/spaces/box.py:297: UserWarning: [33mWARN: Box high's precision lowered by casting to float32, current high.dtype=float64[0m
  gym.logger.warn(
/home/deddy/repos/outofthisworldmodel/.venv/lib/python3.13/site-packages/gymnasium/spaces/box.py:231: UserWarning: [33mWARN: Box low's precision lowered by casting to float32, current low.dtype=float64[0m
  gym.logger.warn(
/home/deddy/repos/outofthisworldmodel/.venv/lib/python3.13/site-packages/gymnasium/spaces/box.py:297: UserWarning: [33mWARN: Box high's precision lowered by casting to float32, current high.dtype=float64[0m
  gym.logger.warn(
2026-08-12 12:51:04,830 - wandb.wandb_agent - INFO - Agent received command: stop
2026-08-12 12:51:04,831 - wandb.wandb_agent - INFO - Stop: f20qn36g
2026-08-12 12:51:09,856 - wandb.wandb_agent - INFO - Cleaning up finished run: f20qn36g
2026-08-12 12:51:10,755 - wandb.wandb_agent - INFO - Agent received command: run
2026-08-12 12:51:10,755 - wandb.wandb_agent - INFO - Agent starting run with config:
	algo: ppo
	batch_size: 512
	clip_range: 0.3
	ent_coef: 0.005171561100721534
	gae_lambda: 0.9312607803666
	gamma: 0.9995
	learning_rate: 2.586355652443194e-05
	n_epochs: 20
	n_steps: 512
	seed: 0
	trial_timesteps: 500000
2026-08-12 12:51:10,757 - wandb.wandb_agent - INFO - About to run command: /usr/bin/env uv run python -m owm.baselines.rl.sweep_trial
wandb: [wandb.login()] Loaded credentials for https://api.wandb.ai from WANDB_API_KEY.
wandb: Currently logged in as: duncaneddy (duncan-world-models) to https://api.wandb.ai. Use `wandb login --relogin` to force relogin
wandb: Tracking run with wandb version 0.28.1
wandb: Run data is saved locally in /home/deddy/repos/outofthisworldmodel/wandb/run-20260812_125114-scskhe9u
wandb: Run `wandb offline` to turn off syncing.
wandb: Syncing run solar-sweep-25
wandb: ⭐️ View project at https://wandb.ai/duncan-world-models/amos-out-of-this-world-model
wandb: 🧹 View sweep at https://wandb.ai/duncan-world-models/amos-out-of-this-world-model/sweeps/wy4vs8ws
wandb: 🚀 View run at https://wandb.ai/duncan-world-models/amos-out-of-this-world-model/runs/scskhe9u
2026-08-12 12:51:15,784 - wandb.wandb_agent - INFO - Running runs: ['scskhe9u']
/home/deddy/repos/outofthisworldmodel/.venv/lib/python3.13/site-packages/gymnasium/spaces/box.py:231: UserWarning: [33mWARN: Box low's precision lowered by casting to float32, current low.dtype=float64[0m
  gym.logger.warn(
/home/deddy/repos/outofthisworldmodel/.venv/lib/python3.13/site-packages/gymnasium/spaces/box.py:297: UserWarning: [33mWARN: Box high's precision lowered by casting to float32, current high.dtype=float64[0m
  gym.logger.warn(
/home/deddy/repos/outofthisworldmodel/.venv/lib/python3.13/site-packages/gymnasium/spaces/box.py:231: UserWarning: [33mWARN: Box low's precision lowered by casting to float32, current low.dtype=float64[0m
  gym.logger.warn(
/home/deddy/repos/outofthisworldmodel/.venv/lib/python3.13/site-packages/gymnasium/spaces/box.py:297: UserWarning: [33mWARN: Box high's precision lowered by casting to float32, current high.dtype=float64[0m
  gym.logger.warn(
/home/deddy/repos/outofthisworldmodel/.venv/lib/python3.13/site-packages/gymnasium/spaces/box.py:231: UserWarning: [33mWARN: Box low's precision lowered by casting to float32, current low.dtype=float64[0m
  gym.logger.warn(
/home/deddy/repos/outofthisworldmodel/.venv/lib/python3.13/site-packages/gymnasium/spaces/box.py:297: UserWarning: [33mWARN: Box high's precision lowered by casting to float32, current high.dtype=float64[0m
  gym.logger.warn(
/home/deddy/repos/outofthisworldmodel/.venv/lib/python3.13/site-packages/gymnasium/spaces/box.py:231: UserWarning: [33mWARN: Box low's precision lowered by casting to float32, current low.dtype=float64[0m
  gym.logger.warn(
/home/deddy/repos/outofthisworldmodel/.venv/lib/python3.13/site-packages/gymnasium/spaces/box.py:297: UserWarning: [33mWARN: Box high's precision lowered by casting to float32, current high.dtype=float64[0m
  gym.logger.warn(
/home/deddy/repos/outofthisworldmodel/.venv/lib/python3.13/site-packages/gymnasium/spaces/box.py:231: UserWarning: [33mWARN: Box low's precision lowered by casting to float32, current low.dtype=float64[0m
  gym.logger.warn(
/home/deddy/repos/outofthisworldmodel/.venv/lib/python3.13/site-packages/gymnasium/spaces/box.py:297: UserWarning: [33mWARN: Box high's precision lowered by casting to float32, current high.dtype=float64[0m
  gym.logger.warn(
/home/deddy/repos/outofthisworldmodel/.venv/lib/python3.13/site-packages/gymnasium/spaces/box.py:231: UserWarning: [33mWARN: Box low's precision lowered by casting to float32, current low.dtype=float64[0m
  gym.logger.warn(
/home/deddy/repos/outofthisworldmodel/.venv/lib/python3.13/site-packages/gymnasium/spaces/box.py:297: UserWarning: [33mWARN: Box high's precision lowered by casting to float32, current high.dtype=float64[0m
  gym.logger.warn(
/home/deddy/repos/outofthisworldmodel/.venv/lib/python3.13/site-packages/gymnasium/spaces/box.py:231: UserWarning: [33mWARN: Box low's precision lowered by casting to float32, current low.dtype=float64[0m
  gym.logger.warn(
/home/deddy/repos/outofthisworldmodel/.venv/lib/python3.13/site-packages/gymnasium/spaces/box.py:297: UserWarning: [33mWARN: Box high's precision lowered by casting to float32, current high.dtype=float64[0m
  gym.logger.warn(
/home/deddy/repos/outofthisworldmodel/.venv/lib/python3.13/site-packages/gymnasium/spaces/box.py:231: UserWarning: [33mWARN: Box low's precision lowered by casting to float32, current low.dtype=float64[0m
  gym.logger.warn(
/home/deddy/repos/outofthisworldmodel/.venv/lib/python3.13/site-packages/gymnasium/spaces/box.py:297: UserWarning: [33mWARN: Box high's precision lowered by casting to float32, current high.dtype=float64[0m
  gym.logger.warn(
/home/deddy/repos/outofthisworldmodel/.venv/lib/python3.13/site-packages/gymnasium/spaces/box.py:231: UserWarning: [33mWARN: Box low's precision lowered by casting to float32, current low.dtype=float64[0m
  gym.logger.warn(
/home/deddy/repos/outofthisworldmodel/.venv/lib/python3.13/site-packages/gymnasium/spaces/box.py:297: UserWarning: [33mWARN: Box high's precision lowered by casting to float32, current high.dtype=float64[0m
  gym.logger.warn(
/home/deddy/repos/outofthisworldmodel/.venv/lib/python3.13/site-packages/gymnasium/spaces/box.py:231: UserWarning: [33mWARN: Box low's precision lowered by casting to float32, current low.dtype=float64[0m
  gym.logger.warn(
/home/deddy/repos/outofthisworldmodel/.venv/lib/python3.13/site-packages/gymnasium/spaces/box.py:297: UserWarning: [33mWARN: Box high's precision lowered by casting to float32, current high.dtype=float64[0m
  gym.logger.warn(
/home/deddy/repos/outofthisworldmodel/.venv/lib/python3.13/site-packages/gymnasium/spaces/box.py:231: UserWarning: [33mWARN: Box low's precision lowered by casting to float32, current low.dtype=float64[0m
  gym.logger.warn(
/home/deddy/repos/outofthisworldmodel/.venv/lib/python3.13/site-packages/gymnasium/spaces/box.py:297: UserWarning: [33mWARN: Box high's precision lowered by casting to float32, current high.dtype=float64[0m
  gym.logger.warn(
/home/deddy/repos/outofthisworldmodel/.venv/lib/python3.13/site-packages/gymnasium/spaces/box.py:231: UserWarning: [33mWARN: Box low's precision lowered by casting to float32, current low.dtype=float64[0m
  gym.logger.warn(
/home/deddy/repos/outofthisworldmodel/.venv/lib/python3.13/site-packages/gymnasium/spaces/box.py:297: UserWarning: [33mWARN: Box high's precision lowered by casting to float32, current high.dtype=float64[0m
  gym.logger.warn(
/home/deddy/repos/outofthisworldmodel/.venv/lib/python3.13/site-packages/gymnasium/spaces/box.py:231: UserWarning: [33mWARN: Box low's precision lowered by casting to float32, current low.dtype=float64[0m
  gym.logger.warn(
/home/deddy/repos/outofthisworldmodel/.venv/lib/python3.13/site-packages/gymnasium/spaces/box.py:297: UserWarning: [33mWARN: Box high's precision lowered by casting to float32, current high.dtype=float64[0m
  gym.logger.warn(
/home/deddy/repos/outofthisworldmodel/.venv/lib/python3.13/site-packages/gymnasium/spaces/box.py:231: UserWarning: [33mWARN: Box low's precision lowered by casting to float32, current low.dtype=float64[0m
  gym.logger.warn(
/home/deddy/repos/outofthisworldmodel/.venv/lib/python3.13/site-packages/gymnasium/spaces/box.py:297: UserWarning: [33mWARN: Box high's precision lowered by casting to float32, current high.dtype=float64[0m
  gym.logger.warn(
/home/deddy/repos/outofthisworldmodel/.venv/lib/python3.13/site-packages/gymnasium/spaces/box.py:231: UserWarning: [33mWARN: Box low's precision lowered by casting to float32, current low.dtype=float64[0m
  gym.logger.warn(
/home/deddy/repos/outofthisworldmodel/.venv/lib/python3.13/site-packages/gymnasium/spaces/box.py:297: UserWarning: [33mWARN: Box high's precision lowered by casting to float32, current high.dtype=float64[0m
  gym.logger.warn(
/home/deddy/repos/outofthisworldmodel/.venv/lib/python3.13/site-packages/gymnasium/spaces/box.py:231: UserWarning: [33mWARN: Box low's precision lowered by casting to float32, current low.dtype=float64[0m
  gym.logger.warn(
/home/deddy/repos/outofthisworldmodel/.venv/lib/python3.13/site-packages/gymnasium/spaces/box.py:297: UserWarning: [33mWARN: Box high's precision lowered by casting to float32, current high.dtype=float64[0m
  gym.logger.warn(
/home/deddy/repos/outofthisworldmodel/.venv/lib/python3.13/site-packages/gymnasium/spaces/box.py:231: UserWarning: [33mWARN: Box low's precision lowered by casting to float32, current low.dtype=float64[0m
  gym.logger.warn(
/home/deddy/repos/outofthisworldmodel/.venv/lib/python3.13/site-packages/gymnasium/spaces/box.py:297: UserWarning: [33mWARN: Box high's precision lowered by casting to float32, current high.dtype=float64[0m
  gym.logger.warn(
/home/deddy/repos/outofthisworldmodel/.venv/lib/python3.13/site-packages/gymnasium/spaces/box.py:231: UserWarning: [33mWARN: Box low's precision lowered by casting to float32, current low.dtype=float64[0m
  gym.logger.warn(
/home/deddy/repos/outofthisworldmodel/.venv/lib/python3.13/site-packages/gymnasium/spaces/box.py:297: UserWarning: [33mWARN: Box high's precision lowered by casting to float32, current high.dtype=float64[0m
  gym.logger.warn(
/home/deddy/repos/outofthisworldmodel/.venv/lib/python3.13/site-packages/gymnasium/spaces/box.py:231: UserWarning: [33mWARN: Box low's precision lowered by casting to float32, current low.dtype=float64[0m
  gym.logger.warn(
/home/deddy/repos/outofthisworldmodel/.venv/lib/python3.13/site-packages/gymnasium/spaces/box.py:297: UserWarning: [33mWARN: Box high's precision lowered by casting to float32, current high.dtype=float64[0m
  gym.logger.warn(
/home/deddy/repos/outofthisworldmodel/.venv/lib/python3.13/site-packages/gymnasium/spaces/box.py:231: UserWarning: [33mWARN: Box low's precision lowered by casting to float32, current low.dtype=float64[0m
  gym.logger.warn(
/home/deddy/repos/outofthisworldmodel/.venv/lib/python3.13/site-packages/gymnasium/spaces/box.py:297: UserWarning: [33mWARN: Box high's precision lowered by casting to float32, current high.dtype=float64[0m
  gym.logger.warn(
2026-08-12 13:11:03,288 - wandb.wandb_agent - INFO - Agent received command: stop
2026-08-12 13:11:03,288 - wandb.wandb_agent - INFO - Stop: scskhe9u
2026-08-12 13:11:08,295 - wandb.wandb_agent - INFO - Cleaning up finished run: scskhe9u
2026-08-12 13:11:09,234 - wandb.wandb_agent - INFO - Agent received command: run
2026-08-12 13:11:09,234 - wandb.wandb_agent - INFO - Agent starting run with config:
	algo: ppo
	batch_size: 1024
	clip_range: 0.2
	ent_coef: 1.4642217792373029e-08
	gae_lambda: 0.954502611627196
	gamma: 0.995
	learning_rate: 0.00010681276998947178
	n_epochs: 20
	n_steps: 2048
	seed: 0
	trial_timesteps: 500000
2026-08-12 13:11:09,236 - wandb.wandb_agent - INFO - About to run command: /usr/bin/env uv run python -m owm.baselines.rl.sweep_trial
wandb: [wandb.login()] Loaded credentials for https://api.wandb.ai from WANDB_API_KEY.
wandb: Currently logged in as: duncaneddy (duncan-world-models) to https://api.wandb.ai. Use `wandb login --relogin` to force relogin
wandb: Tracking run with wandb version 0.28.1
wandb: Run data is saved locally in /home/deddy/repos/outofthisworldmodel/wandb/run-20260812_131112-kg5z28gg
wandb: Run `wandb offline` to turn off syncing.
wandb: Syncing run fallen-sweep-26
wandb: ⭐️ View project at https://wandb.ai/duncan-world-models/amos-out-of-this-world-model
wandb: 🧹 View sweep at https://wandb.ai/duncan-world-models/amos-out-of-this-world-model/sweeps/wy4vs8ws
wandb: 🚀 View run at https://wandb.ai/duncan-world-models/amos-out-of-this-world-model/runs/kg5z28gg
2026-08-12 13:11:14,263 - wandb.wandb_agent - INFO - Running runs: ['kg5z28gg']
/home/deddy/repos/outofthisworldmodel/.venv/lib/python3.13/site-packages/gymnasium/spaces/box.py:231: UserWarning: [33mWARN: Box low's precision lowered by casting to float32, current low.dtype=float64[0m
  gym.logger.warn(
/home/deddy/repos/outofthisworldmodel/.venv/lib/python3.13/site-packages/gymnasium/spaces/box.py:297: UserWarning: [33mWARN: Box high's precision lowered by casting to float32, current high.dtype=float64[0m
  gym.logger.warn(
/home/deddy/repos/outofthisworldmodel/.venv/lib/python3.13/site-packages/gymnasium/spaces/box.py:231: UserWarning: [33mWARN: Box low's precision lowered by casting to float32, current low.dtype=float64[0m
  gym.logger.warn(
/home/deddy/repos/outofthisworldmodel/.venv/lib/python3.13/site-packages/gymnasium/spaces/box.py:297: UserWarning: [33mWARN: Box high's precision lowered by casting to float32, current high.dtype=float64[0m
  gym.logger.warn(
/home/deddy/repos/outofthisworldmodel/.venv/lib/python3.13/site-packages/gymnasium/spaces/box.py:231: UserWarning: [33mWARN: Box low's precision lowered by casting to float32, current low.dtype=float64[0m
  gym.logger.warn(
/home/deddy/repos/outofthisworldmodel/.venv/lib/python3.13/site-packages/gymnasium/spaces/box.py:297: UserWarning: [33mWARN: Box high's precision lowered by casting to float32, current high.dtype=float64[0m
  gym.logger.warn(
/home/deddy/repos/outofthisworldmodel/.venv/lib/python3.13/site-packages/gymnasium/spaces/box.py:231: UserWarning: [33mWARN: Box low's precision lowered by casting to float32, current low.dtype=float64[0m
  gym.logger.warn(
/home/deddy/repos/outofthisworldmodel/.venv/lib/python3.13/site-packages/gymnasium/spaces/box.py:297: UserWarning: [33mWARN: Box high's precision lowered by casting to float32, current high.dtype=float64[0m
  gym.logger.warn(
/home/deddy/repos/outofthisworldmodel/.venv/lib/python3.13/site-packages/gymnasium/spaces/box.py:231: UserWarning: [33mWARN: Box low's precision lowered by casting to float32, current low.dtype=float64[0m
  gym.logger.warn(
/home/deddy/repos/outofthisworldmodel/.venv/lib/python3.13/site-packages/gymnasium/spaces/box.py:297: UserWarning: [33mWARN: Box high's precision lowered by casting to float32, current high.dtype=float64[0m
  gym.logger.warn(
/home/deddy/repos/outofthisworldmodel/.venv/lib/python3.13/site-packages/gymnasium/spaces/box.py:231: UserWarning: [33mWARN: Box low's precision lowered by casting to float32, current low.dtype=float64[0m
  gym.logger.warn(
/home/deddy/repos/outofthisworldmodel/.venv/lib/python3.13/site-packages/gymnasium/spaces/box.py:297: UserWarning: [33mWARN: Box high's precision lowered by casting to float32, current high.dtype=float64[0m
  gym.logger.warn(
/home/deddy/repos/outofthisworldmodel/.venv/lib/python3.13/site-packages/gymnasium/spaces/box.py:231: UserWarning: [33mWARN: Box low's precision lowered by casting to float32, current low.dtype=float64[0m
  gym.logger.warn(
/home/deddy/repos/outofthisworldmodel/.venv/lib/python3.13/site-packages/gymnasium/spaces/box.py:297: UserWarning: [33mWARN: Box high's precision lowered by casting to float32, current high.dtype=float64[0m
  gym.logger.warn(
/home/deddy/repos/outofthisworldmodel/.venv/lib/python3.13/site-packages/gymnasium/spaces/box.py:231: UserWarning: [33mWARN: Box low's precision lowered by casting to float32, current low.dtype=float64[0m
  gym.logger.warn(
/home/deddy/repos/outofthisworldmodel/.venv/lib/python3.13/site-packages/gymnasium/spaces/box.py:297: UserWarning: [33mWARN: Box high's precision lowered by casting to float32, current high.dtype=float64[0m
  gym.logger.warn(
/home/deddy/repos/outofthisworldmodel/.venv/lib/python3.13/site-packages/gymnasium/spaces/box.py:231: UserWarning: [33mWARN: Box low's precision lowered by casting to float32, current low.dtype=float64[0m
  gym.logger.warn(
/home/deddy/repos/outofthisworldmodel/.venv/lib/python3.13/site-packages/gymnasium/spaces/box.py:297: UserWarning: [33mWARN: Box high's precision lowered by casting to float32, current high.dtype=float64[0m
  gym.logger.warn(
/home/deddy/repos/outofthisworldmodel/.venv/lib/python3.13/site-packages/gymnasium/spaces/box.py:231: UserWarning: [33mWARN: Box low's precision lowered by casting to float32, current low.dtype=float64[0m
  gym.logger.warn(
/home/deddy/repos/outofthisworldmodel/.venv/lib/python3.13/site-packages/gymnasium/spaces/box.py:297: UserWarning: [33mWARN: Box high's precision lowered by casting to float32, current high.dtype=float64[0m
  gym.logger.warn(
/home/deddy/repos/outofthisworldmodel/.venv/lib/python3.13/site-packages/gymnasium/spaces/box.py:231: UserWarning: [33mWARN: Box low's precision lowered by casting to float32, current low.dtype=float64[0m
  gym.logger.warn(
/home/deddy/repos/outofthisworldmodel/.venv/lib/python3.13/site-packages/gymnasium/spaces/box.py:297: UserWarning: [33mWARN: Box high's precision lowered by casting to float32, current high.dtype=float64[0m
  gym.logger.warn(
/home/deddy/repos/outofthisworldmodel/.venv/lib/python3.13/site-packages/gymnasium/spaces/box.py:231: UserWarning: [33mWARN: Box low's precision lowered by casting to float32, current low.dtype=float64[0m
  gym.logger.warn(
/home/deddy/repos/outofthisworldmodel/.venv/lib/python3.13/site-packages/gymnasium/spaces/box.py:297: UserWarning: [33mWARN: Box high's precision lowered by casting to float32, current high.dtype=float64[0m
  gym.logger.warn(
/home/deddy/repos/outofthisworldmodel/.venv/lib/python3.13/site-packages/gymnasium/spaces/box.py:231: UserWarning: [33mWARN: Box low's precision lowered by casting to float32, current low.dtype=float64[0m
  gym.logger.warn(
/home/deddy/repos/outofthisworldmodel/.venv/lib/python3.13/site-packages/gymnasium/spaces/box.py:297: UserWarning: [33mWARN: Box high's precision lowered by casting to float32, current high.dtype=float64[0m
  gym.logger.warn(
/home/deddy/repos/outofthisworldmodel/.venv/lib/python3.13/site-packages/gymnasium/spaces/box.py:231: UserWarning: [33mWARN: Box low's precision lowered by casting to float32, current low.dtype=float64[0m
  gym.logger.warn(
/home/deddy/repos/outofthisworldmodel/.venv/lib/python3.13/site-packages/gymnasium/spaces/box.py:297: UserWarning: [33mWARN: Box high's precision lowered by casting to float32, current high.dtype=float64[0m
  gym.logger.warn(
2026-08-12 13:30:01,282 - wandb.wandb_agent - INFO - Agent received command: stop
2026-08-12 13:30:01,282 - wandb.wandb_agent - INFO - Stop: gaotgui6
2026-08-12 13:30:06,308 - wandb.wandb_agent - INFO - Cleaning up finished run: gaotgui6
2026-08-12 13:30:07,326 - wandb.wandb_agent - INFO - Agent received command: run
2026-08-12 13:30:07,326 - wandb.wandb_agent - INFO - Agent starting run with config:
	algo: sac
	batch_size: 1024
	buffer_size: 300000
	gamma: 0.995
	gradient_steps: 4
	learning_rate: 4.7529667502902146e-05
	learning_starts: 10000
	seed: 0
	tau: 0.006558741569460456
	train_freq: 8
	trial_timesteps: 500000
2026-08-12 13:30:07,328 - wandb.wandb_agent - INFO - About to run command: /usr/bin/env uv run python -m owm.baselines.rl.sweep_trial
wandb: [wandb.login()] Loaded credentials for https://api.wandb.ai from WANDB_API_KEY.
wandb: Currently logged in as: duncaneddy (duncan-world-models) to https://api.wandb.ai. Use `wandb login --relogin` to force relogin
wandb: Tracking run with wandb version 0.28.1
wandb: Run data is saved locally in /home/deddy/repos/outofthisworldmodel/wandb/run-20260812_133010-h19n99go
wandb: Run `wandb offline` to turn off syncing.
wandb: Syncing run dark-sweep-27
wandb: ⭐️ View project at https://wandb.ai/duncan-world-models/amos-out-of-this-world-model
wandb: 🧹 View sweep at https://wandb.ai/duncan-world-models/amos-out-of-this-world-model/sweeps/bm88x06x
wandb: 🚀 View run at https://wandb.ai/duncan-world-models/amos-out-of-this-world-model/runs/h19n99go
2026-08-12 13:30:12,354 - wandb.wandb_agent - INFO - Running runs: ['h19n99go']
/home/deddy/repos/outofthisworldmodel/.venv/lib/python3.13/site-packages/gymnasium/spaces/box.py:231: UserWarning: [33mWARN: Box low's precision lowered by casting to float32, current low.dtype=float64[0m
  gym.logger.warn(
/home/deddy/repos/outofthisworldmodel/.venv/lib/python3.13/site-packages/gymnasium/spaces/box.py:297: UserWarning: [33mWARN: Box high's precision lowered by casting to float32, current high.dtype=float64[0m
  gym.logger.warn(
/home/deddy/repos/outofthisworldmodel/.venv/lib/python3.13/site-packages/gymnasium/spaces/box.py:231: UserWarning: [33mWARN: Box low's precision lowered by casting to float32, current low.dtype=float64[0m
  gym.logger.warn(
/home/deddy/repos/outofthisworldmodel/.venv/lib/python3.13/site-packages/gymnasium/spaces/box.py:297: UserWarning: [33mWARN: Box high's precision lowered by casting to float32, current high.dtype=float64[0m
  gym.logger.warn(
/home/deddy/repos/outofthisworldmodel/.venv/lib/python3.13/site-packages/gymnasium/spaces/box.py:231: UserWarning: [33mWARN: Box low's precision lowered by casting to float32, current low.dtype=float64[0m
  gym.logger.warn(
/home/deddy/repos/outofthisworldmodel/.venv/lib/python3.13/site-packages/gymnasium/spaces/box.py:297: UserWarning: [33mWARN: Box high's precision lowered by casting to float32, current high.dtype=float64[0m
  gym.logger.warn(
/home/deddy/repos/outofthisworldmodel/.venv/lib/python3.13/site-packages/gymnasium/spaces/box.py:231: UserWarning: [33mWARN: Box low's precision lowered by casting to float32, current low.dtype=float64[0m
  gym.logger.warn(
/home/deddy/repos/outofthisworldmodel/.venv/lib/python3.13/site-packages/gymnasium/spaces/box.py:297: UserWarning: [33mWARN: Box high's precision lowered by casting to float32, current high.dtype=float64[0m
  gym.logger.warn(
2026-08-12 13:31:00,695 - wandb.wandb_agent - INFO - Agent received command: stop
2026-08-12 13:31:00,695 - wandb.wandb_agent - INFO - Stop: kg5z28gg
2026-08-12 13:31:05,721 - wandb.wandb_agent - INFO - Cleaning up finished run: kg5z28gg
2026-08-12 13:31:06,725 - wandb.wandb_agent - INFO - Agent received command: run
2026-08-12 13:31:06,725 - wandb.wandb_agent - INFO - Agent starting run with config:
	algo: ppo
	batch_size: 256
	clip_range: 0.3
	ent_coef: 2.9870309822669453e-06
	gae_lambda: 0.9453774341562023
	gamma: 0.995
	learning_rate: 0.0002475686606229465
	n_epochs: 10
	n_steps: 1024
	seed: 0
	trial_timesteps: 500000
2026-08-12 13:31:06,727 - wandb.wandb_agent - INFO - About to run command: /usr/bin/env uv run python -m owm.baselines.rl.sweep_trial
wandb: [wandb.login()] Loaded credentials for https://api.wandb.ai from WANDB_API_KEY.
wandb: Currently logged in as: duncaneddy (duncan-world-models) to https://api.wandb.ai. Use `wandb login --relogin` to force relogin
wandb: Tracking run with wandb version 0.28.1
wandb: Run data is saved locally in /home/deddy/repos/outofthisworldmodel/wandb/run-20260812_133110-3c9k7y26
wandb: Run `wandb offline` to turn off syncing.
wandb: Syncing run stoic-sweep-27
wandb: ⭐️ View project at https://wandb.ai/duncan-world-models/amos-out-of-this-world-model
wandb: 🧹 View sweep at https://wandb.ai/duncan-world-models/amos-out-of-this-world-model/sweeps/wy4vs8ws
wandb: 🚀 View run at https://wandb.ai/duncan-world-models/amos-out-of-this-world-model/runs/3c9k7y26
2026-08-12 13:31:11,750 - wandb.wandb_agent - INFO - Running runs: ['3c9k7y26']
/home/deddy/repos/outofthisworldmodel/.venv/lib/python3.13/site-packages/gymnasium/spaces/box.py:231: UserWarning: [33mWARN: Box low's precision lowered by casting to float32, current low.dtype=float64[0m
  gym.logger.warn(
/home/deddy/repos/outofthisworldmodel/.venv/lib/python3.13/site-packages/gymnasium/spaces/box.py:297: UserWarning: [33mWARN: Box high's precision lowered by casting to float32, current high.dtype=float64[0m
  gym.logger.warn(
/home/deddy/repos/outofthisworldmodel/.venv/lib/python3.13/site-packages/gymnasium/spaces/box.py:231: UserWarning: [33mWARN: Box low's precision lowered by casting to float32, current low.dtype=float64[0m
  gym.logger.warn(
/home/deddy/repos/outofthisworldmodel/.venv/lib/python3.13/site-packages/gymnasium/spaces/box.py:297: UserWarning: [33mWARN: Box high's precision lowered by casting to float32, current high.dtype=float64[0m
  gym.logger.warn(
/home/deddy/repos/outofthisworldmodel/.venv/lib/python3.13/site-packages/gymnasium/spaces/box.py:231: UserWarning: [33mWARN: Box low's precision lowered by casting to float32, current low.dtype=float64[0m
  gym.logger.warn(
/home/deddy/repos/outofthisworldmodel/.venv/lib/python3.13/site-packages/gymnasium/spaces/box.py:297: UserWarning: [33mWARN: Box high's precision lowered by casting to float32, current high.dtype=float64[0m
  gym.logger.warn(
/home/deddy/repos/outofthisworldmodel/.venv/lib/python3.13/site-packages/gymnasium/spaces/box.py:231: UserWarning: [33mWARN: Box low's precision lowered by casting to float32, current low.dtype=float64[0m
  gym.logger.warn(
/home/deddy/repos/outofthisworldmodel/.venv/lib/python3.13/site-packages/gymnasium/spaces/box.py:297: UserWarning: [33mWARN: Box high's precision lowered by casting to float32, current high.dtype=float64[0m
  gym.logger.warn(
/home/deddy/repos/outofthisworldmodel/.venv/lib/python3.13/site-packages/gymnasium/spaces/box.py:231: UserWarning: [33mWARN: Box low's precision lowered by casting to float32, current low.dtype=float64[0m
  gym.logger.warn(
/home/deddy/repos/outofthisworldmodel/.venv/lib/python3.13/site-packages/gymnasium/spaces/box.py:297: UserWarning: [33mWARN: Box high's precision lowered by casting to float32, current high.dtype=float64[0m
  gym.logger.warn(
/home/deddy/repos/outofthisworldmodel/.venv/lib/python3.13/site-packages/gymnasium/spaces/box.py:231: UserWarning: [33mWARN: Box low's precision lowered by casting to float32, current low.dtype=float64[0m
  gym.logger.warn(
/home/deddy/repos/outofthisworldmodel/.venv/lib/python3.13/site-packages/gymnasium/spaces/box.py:297: UserWarning: [33mWARN: Box high's precision lowered by casting to float32, current high.dtype=float64[0m
  gym.logger.warn(
/home/deddy/repos/outofthisworldmodel/.venv/lib/python3.13/site-packages/gymnasium/spaces/box.py:231: UserWarning: [33mWARN: Box low's precision lowered by casting to float32, current low.dtype=float64[0m
  gym.logger.warn(
/home/deddy/repos/outofthisworldmodel/.venv/lib/python3.13/site-packages/gymnasium/spaces/box.py:297: UserWarning: [33mWARN: Box high's precision lowered by casting to float32, current high.dtype=float64[0m
  gym.logger.warn(
/home/deddy/repos/outofthisworldmodel/.venv/lib/python3.13/site-packages/gymnasium/spaces/box.py:231: UserWarning: [33mWARN: Box low's precision lowered by casting to float32, current low.dtype=float64[0m
  gym.logger.warn(
/home/deddy/repos/outofthisworldmodel/.venv/lib/python3.13/site-packages/gymnasium/spaces/box.py:297: UserWarning: [33mWARN: Box high's precision lowered by casting to float32, current high.dtype=float64[0m
  gym.logger.warn(
/home/deddy/repos/outofthisworldmodel/.venv/lib/python3.13/site-packages/gymnasium/spaces/box.py:231: UserWarning: [33mWARN: Box low's precision lowered by casting to float32, current low.dtype=float64[0m
  gym.logger.warn(
/home/deddy/repos/outofthisworldmodel/.venv/lib/python3.13/site-packages/gymnasium/spaces/box.py:297: UserWarning: [33mWARN: Box high's precision lowered by casting to float32, current high.dtype=float64[0m
  gym.logger.warn(
/home/deddy/repos/outofthisworldmodel/.venv/lib/python3.13/site-packages/gymnasium/spaces/box.py:231: UserWarning: [33mWARN: Box low's precision lowered by casting to float32, current low.dtype=float64[0m
  gym.logger.warn(
/home/deddy/repos/outofthisworldmodel/.venv/lib/python3.13/site-packages/gymnasium/spaces/box.py:297: UserWarning: [33mWARN: Box high's precision lowered by casting to float32, current high.dtype=float64[0m
  gym.logger.warn(
/home/deddy/repos/outofthisworldmodel/.venv/lib/python3.13/site-packages/gymnasium/spaces/box.py:231: UserWarning: [33mWARN: Box low's precision lowered by casting to float32, current low.dtype=float64[0m
  gym.logger.warn(
/home/deddy/repos/outofthisworldmodel/.venv/lib/python3.13/site-packages/gymnasium/spaces/box.py:297: UserWarning: [33mWARN: Box high's precision lowered by casting to float32, current high.dtype=float64[0m
  gym.logger.warn(
/home/deddy/repos/outofthisworldmodel/.venv/lib/python3.13/site-packages/gymnasium/spaces/box.py:231: UserWarning: [33mWARN: Box low's precision lowered by casting to float32, current low.dtype=float64[0m
  gym.logger.warn(
/home/deddy/repos/outofthisworldmodel/.venv/lib/python3.13/site-packages/gymnasium/spaces/box.py:297: UserWarning: [33mWARN: Box high's precision lowered by casting to float32, current high.dtype=float64[0m
  gym.logger.warn(
/home/deddy/repos/outofthisworldmodel/.venv/lib/python3.13/site-packages/gymnasium/spaces/box.py:231: UserWarning: [33mWARN: Box low's precision lowered by casting to float32, current low.dtype=float64[0m
  gym.logger.warn(
/home/deddy/repos/outofthisworldmodel/.venv/lib/python3.13/site-packages/gymnasium/spaces/box.py:297: UserWarning: [33mWARN: Box high's precision lowered by casting to float32, current high.dtype=float64[0m
  gym.logger.warn(
/home/deddy/repos/outofthisworldmodel/.venv/lib/python3.13/site-packages/gymnasium/spaces/box.py:231: UserWarning: [33mWARN: Box low's precision lowered by casting to float32, current low.dtype=float64[0m
  gym.logger.warn(
/home/deddy/repos/outofthisworldmodel/.venv/lib/python3.13/site-packages/gymnasium/spaces/box.py:297: UserWarning: [33mWARN: Box high's precision lowered by casting to float32, current high.dtype=float64[0m
  gym.logger.warn(
/home/deddy/repos/outofthisworldmodel/.venv/lib/python3.13/site-packages/gymnasium/spaces/box.py:231: UserWarning: [33mWARN: Box low's precision lowered by casting to float32, current low.dtype=float64[0m
  gym.logger.warn(
/home/deddy/repos/outofthisworldmodel/.venv/lib/python3.13/site-packages/gymnasium/spaces/box.py:297: UserWarning: [33mWARN: Box high's precision lowered by casting to float32, current high.dtype=float64[0m
  gym.logger.warn(
/home/deddy/repos/outofthisworldmodel/.venv/lib/python3.13/site-packages/gymnasium/spaces/box.py:231: UserWarning: [33mWARN: Box low's precision lowered by casting to float32, current low.dtype=float64[0m
  gym.logger.warn(
/home/deddy/repos/outofthisworldmodel/.venv/lib/python3.13/site-packages/gymnasium/spaces/box.py:297: UserWarning: [33mWARN: Box high's precision lowered by casting to float32, current high.dtype=float64[0m
  gym.logger.warn(
/home/deddy/repos/outofthisworldmodel/.venv/lib/python3.13/site-packages/gymnasium/spaces/box.py:231: UserWarning: [33mWARN: Box low's precision lowered by casting to float32, current low.dtype=float64[0m
  gym.logger.warn(
/home/deddy/repos/outofthisworldmodel/.venv/lib/python3.13/site-packages/gymnasium/spaces/box.py:297: UserWarning: [33mWARN: Box high's precision lowered by casting to float32, current high.dtype=float64[0m
  gym.logger.warn(
/home/deddy/repos/outofthisworldmodel/.venv/lib/python3.13/site-packages/gymnasium/spaces/box.py:231: UserWarning: [33mWARN: Box low's precision lowered by casting to float32, current low.dtype=float64[0m
  gym.logger.warn(
/home/deddy/repos/outofthisworldmodel/.venv/lib/python3.13/site-packages/gymnasium/spaces/box.py:297: UserWarning: [33mWARN: Box high's precision lowered by casting to float32, current high.dtype=float64[0m
  gym.logger.warn(
/home/deddy/repos/outofthisworldmodel/.venv/lib/python3.13/site-packages/gymnasium/spaces/box.py:231: UserWarning: [33mWARN: Box low's precision lowered by casting to float32, current low.dtype=float64[0m
  gym.logger.warn(
/home/deddy/repos/outofthisworldmodel/.venv/lib/python3.13/site-packages/gymnasium/spaces/box.py:297: UserWarning: [33mWARN: Box high's precision lowered by casting to float32, current high.dtype=float64[0m
  gym.logger.warn(
/home/deddy/repos/outofthisworldmodel/.venv/lib/python3.13/site-packages/gymnasium/spaces/box.py:231: UserWarning: [33mWARN: Box low's precision lowered by casting to float32, current low.dtype=float64[0m
  gym.logger.warn(
/home/deddy/repos/outofthisworldmodel/.venv/lib/python3.13/site-packages/gymnasium/spaces/box.py:297: UserWarning: [33mWARN: Box high's precision lowered by casting to float32, current high.dtype=float64[0m
  gym.logger.warn(
2026-08-12 13:49:01,832 - wandb.wandb_agent - INFO - Agent received command: stop
2026-08-12 13:49:01,832 - wandb.wandb_agent - INFO - Stop: 3c9k7y26
2026-08-12 13:49:06,837 - wandb.wandb_agent - INFO - Cleaning up finished run: 3c9k7y26
2026-08-12 13:49:07,756 - wandb.wandb_agent - INFO - Agent received command: run
2026-08-12 13:49:07,756 - wandb.wandb_agent - INFO - Agent starting run with config:
	algo: ppo
	batch_size: 256
	clip_range: 0.3
	ent_coef: 5.906107369016008e-06
	gae_lambda: 0.9239565930722888
	gamma: 0.999
	learning_rate: 0.00018048106170374896
	n_epochs: 5
	n_steps: 4096
	seed: 0
	trial_timesteps: 500000
2026-08-12 13:49:07,758 - wandb.wandb_agent - INFO - About to run command: /usr/bin/env uv run python -m owm.baselines.rl.sweep_trial
wandb: [wandb.login()] Loaded credentials for https://api.wandb.ai from WANDB_API_KEY.
wandb: Currently logged in as: duncaneddy (duncan-world-models) to https://api.wandb.ai. Use `wandb login --relogin` to force relogin
wandb: Tracking run with wandb version 0.28.1
wandb: Run data is saved locally in /home/deddy/repos/outofthisworldmodel/wandb/run-20260812_134911-gyo2w4z3
wandb: Run `wandb offline` to turn off syncing.
wandb: Syncing run generous-sweep-28
wandb: ⭐️ View project at https://wandb.ai/duncan-world-models/amos-out-of-this-world-model
wandb: 🧹 View sweep at https://wandb.ai/duncan-world-models/amos-out-of-this-world-model/sweeps/wy4vs8ws
wandb: 🚀 View run at https://wandb.ai/duncan-world-models/amos-out-of-this-world-model/runs/gyo2w4z3
2026-08-12 13:49:12,785 - wandb.wandb_agent - INFO - Running runs: ['gyo2w4z3']
/home/deddy/repos/outofthisworldmodel/.venv/lib/python3.13/site-packages/gymnasium/spaces/box.py:231: UserWarning: [33mWARN: Box low's precision lowered by casting to float32, current low.dtype=float64[0m
  gym.logger.warn(
/home/deddy/repos/outofthisworldmodel/.venv/lib/python3.13/site-packages/gymnasium/spaces/box.py:297: UserWarning: [33mWARN: Box high's precision lowered by casting to float32, current high.dtype=float64[0m
  gym.logger.warn(
/home/deddy/repos/outofthisworldmodel/.venv/lib/python3.13/site-packages/gymnasium/spaces/box.py:231: UserWarning: [33mWARN: Box low's precision lowered by casting to float32, current low.dtype=float64[0m
  gym.logger.warn(
/home/deddy/repos/outofthisworldmodel/.venv/lib/python3.13/site-packages/gymnasium/spaces/box.py:297: UserWarning: [33mWARN: Box high's precision lowered by casting to float32, current high.dtype=float64[0m
  gym.logger.warn(
/home/deddy/repos/outofthisworldmodel/.venv/lib/python3.13/site-packages/gymnasium/spaces/box.py:231: UserWarning: [33mWARN: Box low's precision lowered by casting to float32, current low.dtype=float64[0m
  gym.logger.warn(
/home/deddy/repos/outofthisworldmodel/.venv/lib/python3.13/site-packages/gymnasium/spaces/box.py:297: UserWarning: [33mWARN: Box high's precision lowered by casting to float32, current high.dtype=float64[0m
  gym.logger.warn(
/home/deddy/repos/outofthisworldmodel/.venv/lib/python3.13/site-packages/gymnasium/spaces/box.py:231: UserWarning: [33mWARN: Box low's precision lowered by casting to float32, current low.dtype=float64[0m
  gym.logger.warn(
/home/deddy/repos/outofthisworldmodel/.venv/lib/python3.13/site-packages/gymnasium/spaces/box.py:297: UserWarning: [33mWARN: Box high's precision lowered by casting to float32, current high.dtype=float64[0m
  gym.logger.warn(
/home/deddy/repos/outofthisworldmodel/.venv/lib/python3.13/site-packages/gymnasium/spaces/box.py:231: UserWarning: [33mWARN: Box low's precision lowered by casting to float32, current low.dtype=float64[0m
  gym.logger.warn(
/home/deddy/repos/outofthisworldmodel/.venv/lib/python3.13/site-packages/gymnasium/spaces/box.py:297: UserWarning: [33mWARN: Box high's precision lowered by casting to float32, current high.dtype=float64[0m
  gym.logger.warn(
/home/deddy/repos/outofthisworldmodel/.venv/lib/python3.13/site-packages/gymnasium/spaces/box.py:231: UserWarning: [33mWARN: Box low's precision lowered by casting to float32, current low.dtype=float64[0m
  gym.logger.warn(
/home/deddy/repos/outofthisworldmodel/.venv/lib/python3.13/site-packages/gymnasium/spaces/box.py:297: UserWarning: [33mWARN: Box high's precision lowered by casting to float32, current high.dtype=float64[0m
  gym.logger.warn(
/home/deddy/repos/outofthisworldmodel/.venv/lib/python3.13/site-packages/gymnasium/spaces/box.py:231: UserWarning: [33mWARN: Box low's precision lowered by casting to float32, current low.dtype=float64[0m
  gym.logger.warn(
/home/deddy/repos/outofthisworldmodel/.venv/lib/python3.13/site-packages/gymnasium/spaces/box.py:297: UserWarning: [33mWARN: Box high's precision lowered by casting to float32, current high.dtype=float64[0m
  gym.logger.warn(
/home/deddy/repos/outofthisworldmodel/.venv/lib/python3.13/site-packages/gymnasium/spaces/box.py:231: UserWarning: [33mWARN: Box low's precision lowered by casting to float32, current low.dtype=float64[0m
  gym.logger.warn(
/home/deddy/repos/outofthisworldmodel/.venv/lib/python3.13/site-packages/gymnasium/spaces/box.py:297: UserWarning: [33mWARN: Box high's precision lowered by casting to float32, current high.dtype=float64[0m
  gym.logger.warn(
wandb: uploading artifact 73e8pder-model; updating run metadata
wandb: uploading artifact 73e8pder-model
wandb: uploading history steps 215-215, summary, console lines 9-9
wandb: 
wandb: Run history:
wandb:    docking/collision_rate ▁▁▁▁▁▁▁▁▁▁▁▁▁▁▁▁▁▁▁▁▁▁▁▁▁▁▁▁▁▁▁▁▁▁▁▁▁▁▁▁
wandb:       docking/docked_rate ▁▁▁▁▁▁▁▁▁▁▁▁▁▁▁▁▁▁▁▁▁▁▁▁▁▁▁▁▁▁▁▁▁▁▁▁▁▁▁▁
wandb:    docking/ep_min_att_rad ▂▆▅▆▆▂▅▂▄▅▁▆▄▂▂▅▅▂▄▅▄▄▆▄▁█▆▆▃▃▂▂▄▂▆▂▂▃▃▅
wandb:      docking/ep_min_pos_m ▆▆▂▆▂▅▄▄▃▁▇▃▂▂▆▁▂█▅▆▆█▂▅▃▇▄▂▅▅▇▆▅██▃▄▆▂▇
wandb: docking/ep_min_rate_radps ▆▆▄▄▄▃▄▂▅▂▃█▇▅▆▅▇▄▄▄▃▃▂▄▁▃▅▄▃▂▂▁▄▇▁▅▅▂▂▆
wandb:    docking/ep_min_vel_mps ▄▅▆▂▃▂▅▂▇▄▂█▇▁▇▇▅▇▅▄▅▇▃▃▃▂▅▃█▃▂▆▅▃▆▅▇▁▆▃
wandb:          docking/episodes ▁▁▁▂▂▂▂▂▂▂▃▃▃▃▃▃▃▄▄▄▄▅▅▅▅▅▅▆▆▆▆▇▇▇▇▇▇███
wandb:      docking/escaped_rate ▁▁▁▁▁▁▁▁▁▁▁▁▁▁▁▁▁▁▁▁▁▁▁▁▁▁▁▁▁▁▁▁▁▁▁▁▁▁▁▁
wandb:        docking/port_index ▆▅▃▃▃█▁█▁█▆█▅▅▆▁▁▅▅▃█▁▆█▆▃▅▁▅▃▁▆▅▆▃▁▆█▁▃
wandb:    docking/truncated_rate ▁▁▁▁▁▁▁▁▁▁▁▁▁▁▁▁▁▁▁▁▁▁▁▁▁▁▁▁▁▁▁▁▁▁▁▁▁▁▁▁
wandb:                       +25 ...
wandb: 
wandb: Run summary:
wandb:    docking/collision_rate 0
wandb:       docking/docked_rate 0
wandb:    docking/ep_min_att_rad 0.5354
wandb:      docking/ep_min_pos_m 339.35169
wandb: docking/ep_min_rate_radps 0.0018
wandb:    docking/ep_min_vel_mps 0.00343
wandb:          docking/episodes 68
wandb:      docking/escaped_rate 0
wandb:        docking/port_index 1
wandb:    docking/truncated_rate 1
wandb:                       +25 ...
wandb: 
wandb: 🚀 View run prime-sweep-25 at: https://wandb.ai/duncan-world-models/amos-out-of-this-world-model/runs/73e8pder
wandb: ⭐️ View project at: https://wandb.ai/duncan-world-models/amos-out-of-this-world-model
wandb: Synced 5 W&B file(s), 30 media file(s), 3 artifact file(s) and 1 other file(s)
wandb: Find logs at: ./wandb/run-20260812_124414-73e8pder/logs
[val] step 100000: mean_return -8870.2, outcomes: truncated, escaped, truncated, truncated, truncated
[val] step 200000: mean_return -6584.3, outcomes: truncated, truncated, truncated, truncated, truncated
[val] step 300000: mean_return -6870.6, outcomes: truncated, truncated, truncated, truncated, truncated
[val] step 400000: mean_return -8582.0, outcomes: truncated, truncated, escaped, truncated, truncated
[val] step 500000: mean_return -6678.4, outcomes: truncated, truncated, truncated, truncated, truncated
[val] step 500000: mean_return -6700.2, outcomes: truncated, truncated, truncated, truncated, truncated
2026-08-12 13:51:08,546 - wandb.wandb_agent - INFO - Cleaning up finished run: 73e8pder
2026-08-12 13:51:09,746 - wandb.wandb_agent - INFO - Agent received command: run
2026-08-12 13:51:09,746 - wandb.wandb_agent - INFO - Agent starting run with config:
	algo: sac
	batch_size: 256
	buffer_size: 1000000
	gamma: 0.995
	gradient_steps: 4
	learning_rate: 0.0006939453732163711
	learning_starts: 20000
	seed: 0
	tau: 0.0013685660231385034
	train_freq: 8
	trial_timesteps: 500000
2026-08-12 13:51:09,752 - wandb.wandb_agent - INFO - About to run command: /usr/bin/env uv run python -m owm.baselines.rl.sweep_trial
wandb: [wandb.login()] Loaded credentials for https://api.wandb.ai from WANDB_API_KEY.
wandb: Currently logged in as: duncaneddy (duncan-world-models) to https://api.wandb.ai. Use `wandb login --relogin` to force relogin
wandb: Tracking run with wandb version 0.28.1
wandb: Run data is saved locally in /home/deddy/repos/outofthisworldmodel/wandb/run-20260812_135113-te4zh6uh
wandb: Run `wandb offline` to turn off syncing.
wandb: Syncing run ethereal-sweep-28
wandb: ⭐️ View project at https://wandb.ai/duncan-world-models/amos-out-of-this-world-model
wandb: 🧹 View sweep at https://wandb.ai/duncan-world-models/amos-out-of-this-world-model/sweeps/bm88x06x
wandb: 🚀 View run at https://wandb.ai/duncan-world-models/amos-out-of-this-world-model/runs/te4zh6uh
2026-08-12 13:51:14,782 - wandb.wandb_agent - INFO - Running runs: ['te4zh6uh']
/home/deddy/repos/outofthisworldmodel/.venv/lib/python3.13/site-packages/gymnasium/spaces/box.py:231: UserWarning: [33mWARN: Box low's precision lowered by casting to float32, current low.dtype=float64[0m
  gym.logger.warn(
/home/deddy/repos/outofthisworldmodel/.venv/lib/python3.13/site-packages/gymnasium/spaces/box.py:297: UserWarning: [33mWARN: Box high's precision lowered by casting to float32, current high.dtype=float64[0m
  gym.logger.warn(
/home/deddy/repos/outofthisworldmodel/.venv/lib/python3.13/site-packages/gymnasium/spaces/box.py:231: UserWarning: [33mWARN: Box low's precision lowered by casting to float32, current low.dtype=float64[0m
  gym.logger.warn(
/home/deddy/repos/outofthisworldmodel/.venv/lib/python3.13/site-packages/gymnasium/spaces/box.py:297: UserWarning: [33mWARN: Box high's precision lowered by casting to float32, current high.dtype=float64[0m
  gym.logger.warn(
/home/deddy/repos/outofthisworldmodel/.venv/lib/python3.13/site-packages/gymnasium/spaces/box.py:231: UserWarning: [33mWARN: Box low's precision lowered by casting to float32, current low.dtype=float64[0m
  gym.logger.warn(
/home/deddy/repos/outofthisworldmodel/.venv/lib/python3.13/site-packages/gymnasium/spaces/box.py:297: UserWarning: [33mWARN: Box high's precision lowered by casting to float32, current high.dtype=float64[0m
  gym.logger.warn(
/home/deddy/repos/outofthisworldmodel/.venv/lib/python3.13/site-packages/gymnasium/spaces/box.py:231: UserWarning: [33mWARN: Box low's precision lowered by casting to float32, current low.dtype=float64[0m
  gym.logger.warn(
/home/deddy/repos/outofthisworldmodel/.venv/lib/python3.13/site-packages/gymnasium/spaces/box.py:297: UserWarning: [33mWARN: Box high's precision lowered by casting to float32, current high.dtype=float64[0m
  gym.logger.warn(
/home/deddy/repos/outofthisworldmodel/.venv/lib/python3.13/site-packages/gymnasium/spaces/box.py:231: UserWarning: [33mWARN: Box low's precision lowered by casting to float32, current low.dtype=float64[0m
  gym.logger.warn(
/home/deddy/repos/outofthisworldmodel/.venv/lib/python3.13/site-packages/gymnasium/spaces/box.py:297: UserWarning: [33mWARN: Box high's precision lowered by casting to float32, current high.dtype=float64[0m
  gym.logger.warn(
/home/deddy/repos/outofthisworldmodel/.venv/lib/python3.13/site-packages/gymnasium/spaces/box.py:231: UserWarning: [33mWARN: Box low's precision lowered by casting to float32, current low.dtype=float64[0m
  gym.logger.warn(
/home/deddy/repos/outofthisworldmodel/.venv/lib/python3.13/site-packages/gymnasium/spaces/box.py:297: UserWarning: [33mWARN: Box high's precision lowered by casting to float32, current high.dtype=float64[0m
  gym.logger.warn(
/home/deddy/repos/outofthisworldmodel/.venv/lib/python3.13/site-packages/gymnasium/spaces/box.py:231: UserWarning: [33mWARN: Box low's precision lowered by casting to float32, current low.dtype=float64[0m
  gym.logger.warn(
/home/deddy/repos/outofthisworldmodel/.venv/lib/python3.13/site-packages/gymnasium/spaces/box.py:297: UserWarning: [33mWARN: Box high's precision lowered by casting to float32, current high.dtype=float64[0m
  gym.logger.warn(
/home/deddy/repos/outofthisworldmodel/.venv/lib/python3.13/site-packages/gymnasium/spaces/box.py:231: UserWarning: [33mWARN: Box low's precision lowered by casting to float32, current low.dtype=float64[0m
  gym.logger.warn(
/home/deddy/repos/outofthisworldmodel/.venv/lib/python3.13/site-packages/gymnasium/spaces/box.py:297: UserWarning: [33mWARN: Box high's precision lowered by casting to float32, current high.dtype=float64[0m
  gym.logger.warn(
/home/deddy/repos/outofthisworldmodel/.venv/lib/python3.13/site-packages/gymnasium/spaces/box.py:231: UserWarning: [33mWARN: Box low's precision lowered by casting to float32, current low.dtype=float64[0m
  gym.logger.warn(
/home/deddy/repos/outofthisworldmodel/.venv/lib/python3.13/site-packages/gymnasium/spaces/box.py:297: UserWarning: [33mWARN: Box high's precision lowered by casting to float32, current high.dtype=float64[0m
  gym.logger.warn(
/home/deddy/repos/outofthisworldmodel/.venv/lib/python3.13/site-packages/gymnasium/spaces/box.py:231: UserWarning: [33mWARN: Box low's precision lowered by casting to float32, current low.dtype=float64[0m
  gym.logger.warn(
/home/deddy/repos/outofthisworldmodel/.venv/lib/python3.13/site-packages/gymnasium/spaces/box.py:297: UserWarning: [33mWARN: Box high's precision lowered by casting to float32, current high.dtype=float64[0m
  gym.logger.warn(
/home/deddy/repos/outofthisworldmodel/.venv/lib/python3.13/site-packages/gymnasium/spaces/box.py:231: UserWarning: [33mWARN: Box low's precision lowered by casting to float32, current low.dtype=float64[0m
  gym.logger.warn(
/home/deddy/repos/outofthisworldmodel/.venv/lib/python3.13/site-packages/gymnasium/spaces/box.py:297: UserWarning: [33mWARN: Box high's precision lowered by casting to float32, current high.dtype=float64[0m
  gym.logger.warn(
/home/deddy/repos/outofthisworldmodel/.venv/lib/python3.13/site-packages/gymnasium/spaces/box.py:231: UserWarning: [33mWARN: Box low's precision lowered by casting to float32, current low.dtype=float64[0m
  gym.logger.warn(
/home/deddy/repos/outofthisworldmodel/.venv/lib/python3.13/site-packages/gymnasium/spaces/box.py:297: UserWarning: [33mWARN: Box high's precision lowered by casting to float32, current high.dtype=float64[0m
  gym.logger.warn(
/home/deddy/repos/outofthisworldmodel/.venv/lib/python3.13/site-packages/gymnasium/spaces/box.py:231: UserWarning: [33mWARN: Box low's precision lowered by casting to float32, current low.dtype=float64[0m
  gym.logger.warn(
/home/deddy/repos/outofthisworldmodel/.venv/lib/python3.13/site-packages/gymnasium/spaces/box.py:297: UserWarning: [33mWARN: Box high's precision lowered by casting to float32, current high.dtype=float64[0m
  gym.logger.warn(
/home/deddy/repos/outofthisworldmodel/.venv/lib/python3.13/site-packages/gymnasium/spaces/box.py:231: UserWarning: [33mWARN: Box low's precision lowered by casting to float32, current low.dtype=float64[0m
  gym.logger.warn(
/home/deddy/repos/outofthisworldmodel/.venv/lib/python3.13/site-packages/gymnasium/spaces/box.py:297: UserWarning: [33mWARN: Box high's precision lowered by casting to float32, current high.dtype=float64[0m
  gym.logger.warn(
/home/deddy/repos/outofthisworldmodel/.venv/lib/python3.13/site-packages/gymnasium/spaces/box.py:231: UserWarning: [33mWARN: Box low's precision lowered by casting to float32, current low.dtype=float64[0m
  gym.logger.warn(
/home/deddy/repos/outofthisworldmodel/.venv/lib/python3.13/site-packages/gymnasium/spaces/box.py:297: UserWarning: [33mWARN: Box high's precision lowered by casting to float32, current high.dtype=float64[0m
  gym.logger.warn(
/home/deddy/repos/outofthisworldmodel/.venv/lib/python3.13/site-packages/gymnasium/spaces/box.py:231: UserWarning: [33mWARN: Box low's precision lowered by casting to float32, current low.dtype=float64[0m
  gym.logger.warn(
/home/deddy/repos/outofthisworldmodel/.venv/lib/python3.13/site-packages/gymnasium/spaces/box.py:297: UserWarning: [33mWARN: Box high's precision lowered by casting to float32, current high.dtype=float64[0m
  gym.logger.warn(
2026-08-12 14:08:03,774 - wandb.wandb_agent - INFO - Agent received command: stop
2026-08-12 14:08:03,774 - wandb.wandb_agent - INFO - Stop: gyo2w4z3
2026-08-12 14:08:08,800 - wandb.wandb_agent - INFO - Cleaning up finished run: gyo2w4z3
2026-08-12 14:08:09,713 - wandb.wandb_agent - INFO - Agent received command: run
2026-08-12 14:08:09,713 - wandb.wandb_agent - INFO - Agent starting run with config:
	algo: ppo
	batch_size: 512
	clip_range: 0.2
	ent_coef: 0.0004973236213882322
	gae_lambda: 0.9060011685753936
	gamma: 0.9995
	learning_rate: 0.00023853160044315857
	n_epochs: 5
	n_steps: 1024
	seed: 0
	trial_timesteps: 500000
2026-08-12 14:08:09,715 - wandb.wandb_agent - INFO - About to run command: /usr/bin/env uv run python -m owm.baselines.rl.sweep_trial
wandb: [wandb.login()] Loaded credentials for https://api.wandb.ai from WANDB_API_KEY.
wandb: Currently logged in as: duncaneddy (duncan-world-models) to https://api.wandb.ai. Use `wandb login --relogin` to force relogin
wandb: Tracking run with wandb version 0.28.1
wandb: Run data is saved locally in /home/deddy/repos/outofthisworldmodel/wandb/run-20260812_140813-sdfgtcku
wandb: Run `wandb offline` to turn off syncing.
wandb: Syncing run glamorous-sweep-29
wandb: ⭐️ View project at https://wandb.ai/duncan-world-models/amos-out-of-this-world-model
wandb: 🧹 View sweep at https://wandb.ai/duncan-world-models/amos-out-of-this-world-model/sweeps/wy4vs8ws
wandb: 🚀 View run at https://wandb.ai/duncan-world-models/amos-out-of-this-world-model/runs/sdfgtcku
2026-08-12 14:08:14,742 - wandb.wandb_agent - INFO - Running runs: ['sdfgtcku']
/home/deddy/repos/outofthisworldmodel/.venv/lib/python3.13/site-packages/gymnasium/spaces/box.py:231: UserWarning: [33mWARN: Box low's precision lowered by casting to float32, current low.dtype=float64[0m
  gym.logger.warn(
/home/deddy/repos/outofthisworldmodel/.venv/lib/python3.13/site-packages/gymnasium/spaces/box.py:297: UserWarning: [33mWARN: Box high's precision lowered by casting to float32, current high.dtype=float64[0m
  gym.logger.warn(
/home/deddy/repos/outofthisworldmodel/.venv/lib/python3.13/site-packages/gymnasium/spaces/box.py:231: UserWarning: [33mWARN: Box low's precision lowered by casting to float32, current low.dtype=float64[0m
  gym.logger.warn(
/home/deddy/repos/outofthisworldmodel/.venv/lib/python3.13/site-packages/gymnasium/spaces/box.py:297: UserWarning: [33mWARN: Box high's precision lowered by casting to float32, current high.dtype=float64[0m
  gym.logger.warn(
/home/deddy/repos/outofthisworldmodel/.venv/lib/python3.13/site-packages/gymnasium/spaces/box.py:231: UserWarning: [33mWARN: Box low's precision lowered by casting to float32, current low.dtype=float64[0m
  gym.logger.warn(
/home/deddy/repos/outofthisworldmodel/.venv/lib/python3.13/site-packages/gymnasium/spaces/box.py:297: UserWarning: [33mWARN: Box high's precision lowered by casting to float32, current high.dtype=float64[0m
  gym.logger.warn(
/home/deddy/repos/outofthisworldmodel/.venv/lib/python3.13/site-packages/gymnasium/spaces/box.py:231: UserWarning: [33mWARN: Box low's precision lowered by casting to float32, current low.dtype=float64[0m
  gym.logger.warn(
/home/deddy/repos/outofthisworldmodel/.venv/lib/python3.13/site-packages/gymnasium/spaces/box.py:297: UserWarning: [33mWARN: Box high's precision lowered by casting to float32, current high.dtype=float64[0m
  gym.logger.warn(
/home/deddy/repos/outofthisworldmodel/.venv/lib/python3.13/site-packages/gymnasium/spaces/box.py:231: UserWarning: [33mWARN: Box low's precision lowered by casting to float32, current low.dtype=float64[0m
  gym.logger.warn(
/home/deddy/repos/outofthisworldmodel/.venv/lib/python3.13/site-packages/gymnasium/spaces/box.py:297: UserWarning: [33mWARN: Box high's precision lowered by casting to float32, current high.dtype=float64[0m
  gym.logger.warn(
/home/deddy/repos/outofthisworldmodel/.venv/lib/python3.13/site-packages/gymnasium/spaces/box.py:231: UserWarning: [33mWARN: Box low's precision lowered by casting to float32, current low.dtype=float64[0m
  gym.logger.warn(
/home/deddy/repos/outofthisworldmodel/.venv/lib/python3.13/site-packages/gymnasium/spaces/box.py:297: UserWarning: [33mWARN: Box high's precision lowered by casting to float32, current high.dtype=float64[0m
  gym.logger.warn(
/home/deddy/repos/outofthisworldmodel/.venv/lib/python3.13/site-packages/gymnasium/spaces/box.py:231: UserWarning: [33mWARN: Box low's precision lowered by casting to float32, current low.dtype=float64[0m
  gym.logger.warn(
/home/deddy/repos/outofthisworldmodel/.venv/lib/python3.13/site-packages/gymnasium/spaces/box.py:297: UserWarning: [33mWARN: Box high's precision lowered by casting to float32, current high.dtype=float64[0m
  gym.logger.warn(
/home/deddy/repos/outofthisworldmodel/.venv/lib/python3.13/site-packages/gymnasium/spaces/box.py:231: UserWarning: [33mWARN: Box low's precision lowered by casting to float32, current low.dtype=float64[0m
  gym.logger.warn(
/home/deddy/repos/outofthisworldmodel/.venv/lib/python3.13/site-packages/gymnasium/spaces/box.py:297: UserWarning: [33mWARN: Box high's precision lowered by casting to float32, current high.dtype=float64[0m
  gym.logger.warn(
/home/deddy/repos/outofthisworldmodel/.venv/lib/python3.13/site-packages/gymnasium/spaces/box.py:231: UserWarning: [33mWARN: Box low's precision lowered by casting to float32, current low.dtype=float64[0m
  gym.logger.warn(
/home/deddy/repos/outofthisworldmodel/.venv/lib/python3.13/site-packages/gymnasium/spaces/box.py:297: UserWarning: [33mWARN: Box high's precision lowered by casting to float32, current high.dtype=float64[0m
  gym.logger.warn(
/home/deddy/repos/outofthisworldmodel/.venv/lib/python3.13/site-packages/gymnasium/spaces/box.py:231: UserWarning: [33mWARN: Box low's precision lowered by casting to float32, current low.dtype=float64[0m
  gym.logger.warn(
/home/deddy/repos/outofthisworldmodel/.venv/lib/python3.13/site-packages/gymnasium/spaces/box.py:297: UserWarning: [33mWARN: Box high's precision lowered by casting to float32, current high.dtype=float64[0m
  gym.logger.warn(
/home/deddy/repos/outofthisworldmodel/.venv/lib/python3.13/site-packages/gymnasium/spaces/box.py:231: UserWarning: [33mWARN: Box low's precision lowered by casting to float32, current low.dtype=float64[0m
  gym.logger.warn(
/home/deddy/repos/outofthisworldmodel/.venv/lib/python3.13/site-packages/gymnasium/spaces/box.py:297: UserWarning: [33mWARN: Box high's precision lowered by casting to float32, current high.dtype=float64[0m
  gym.logger.warn(
/home/deddy/repos/outofthisworldmodel/.venv/lib/python3.13/site-packages/gymnasium/spaces/box.py:231: UserWarning: [33mWARN: Box low's precision lowered by casting to float32, current low.dtype=float64[0m
  gym.logger.warn(
/home/deddy/repos/outofthisworldmodel/.venv/lib/python3.13/site-packages/gymnasium/spaces/box.py:297: UserWarning: [33mWARN: Box high's precision lowered by casting to float32, current high.dtype=float64[0m
  gym.logger.warn(
/home/deddy/repos/outofthisworldmodel/.venv/lib/python3.13/site-packages/gymnasium/spaces/box.py:231: UserWarning: [33mWARN: Box low's precision lowered by casting to float32, current low.dtype=float64[0m
  gym.logger.warn(
/home/deddy/repos/outofthisworldmodel/.venv/lib/python3.13/site-packages/gymnasium/spaces/box.py:297: UserWarning: [33mWARN: Box high's precision lowered by casting to float32, current high.dtype=float64[0m
  gym.logger.warn(
/home/deddy/repos/outofthisworldmodel/.venv/lib/python3.13/site-packages/gymnasium/spaces/box.py:231: UserWarning: [33mWARN: Box low's precision lowered by casting to float32, current low.dtype=float64[0m
  gym.logger.warn(
/home/deddy/repos/outofthisworldmodel/.venv/lib/python3.13/site-packages/gymnasium/spaces/box.py:297: UserWarning: [33mWARN: Box high's precision lowered by casting to float32, current high.dtype=float64[0m
  gym.logger.warn(
2026-08-12 14:21:04,310 - wandb.wandb_agent - INFO - Agent received command: stop
2026-08-12 14:21:04,310 - wandb.wandb_agent - INFO - Stop: te4zh6uh
2026-08-12 14:21:09,336 - wandb.wandb_agent - INFO - Cleaning up finished run: te4zh6uh
2026-08-12 14:21:10,404 - wandb.wandb_agent - INFO - Agent received command: run
2026-08-12 14:21:10,405 - wandb.wandb_agent - INFO - Agent starting run with config:
	algo: sac
	batch_size: 1024
	buffer_size: 300000
	gamma: 0.9995
	gradient_steps: 1
	learning_rate: 5.776049450780647e-05
	learning_starts: 20000
	seed: 0
	tau: 0.0018211569341896176
	train_freq: 4
	trial_timesteps: 500000
2026-08-12 14:21:10,406 - wandb.wandb_agent - INFO - About to run command: /usr/bin/env uv run python -m owm.baselines.rl.sweep_trial
wandb: [wandb.login()] Loaded credentials for https://api.wandb.ai from WANDB_API_KEY.
wandb: Currently logged in as: duncaneddy (duncan-world-models) to https://api.wandb.ai. Use `wandb login --relogin` to force relogin
wandb: Tracking run with wandb version 0.28.1
wandb: Run data is saved locally in /home/deddy/repos/outofthisworldmodel/wandb/run-20260812_142113-t1l6y2bu
wandb: Run `wandb offline` to turn off syncing.
wandb: Syncing run kind-sweep-29
wandb: ⭐️ View project at https://wandb.ai/duncan-world-models/amos-out-of-this-world-model
wandb: 🧹 View sweep at https://wandb.ai/duncan-world-models/amos-out-of-this-world-model/sweeps/bm88x06x
wandb: 🚀 View run at https://wandb.ai/duncan-world-models/amos-out-of-this-world-model/runs/t1l6y2bu
2026-08-12 14:21:15,434 - wandb.wandb_agent - INFO - Running runs: ['t1l6y2bu']
/home/deddy/repos/outofthisworldmodel/.venv/lib/python3.13/site-packages/gymnasium/spaces/box.py:231: UserWarning: [33mWARN: Box low's precision lowered by casting to float32, current low.dtype=float64[0m
  gym.logger.warn(
/home/deddy/repos/outofthisworldmodel/.venv/lib/python3.13/site-packages/gymnasium/spaces/box.py:297: UserWarning: [33mWARN: Box high's precision lowered by casting to float32, current high.dtype=float64[0m
  gym.logger.warn(
/home/deddy/repos/outofthisworldmodel/.venv/lib/python3.13/site-packages/gymnasium/spaces/box.py:231: UserWarning: [33mWARN: Box low's precision lowered by casting to float32, current low.dtype=float64[0m
  gym.logger.warn(
/home/deddy/repos/outofthisworldmodel/.venv/lib/python3.13/site-packages/gymnasium/spaces/box.py:297: UserWarning: [33mWARN: Box high's precision lowered by casting to float32, current high.dtype=float64[0m
  gym.logger.warn(
/home/deddy/repos/outofthisworldmodel/.venv/lib/python3.13/site-packages/gymnasium/spaces/box.py:231: UserWarning: [33mWARN: Box low's precision lowered by casting to float32, current low.dtype=float64[0m
  gym.logger.warn(
/home/deddy/repos/outofthisworldmodel/.venv/lib/python3.13/site-packages/gymnasium/spaces/box.py:297: UserWarning: [33mWARN: Box high's precision lowered by casting to float32, current high.dtype=float64[0m
  gym.logger.warn(
/home/deddy/repos/outofthisworldmodel/.venv/lib/python3.13/site-packages/gymnasium/spaces/box.py:231: UserWarning: [33mWARN: Box low's precision lowered by casting to float32, current low.dtype=float64[0m
  gym.logger.warn(
/home/deddy/repos/outofthisworldmodel/.venv/lib/python3.13/site-packages/gymnasium/spaces/box.py:297: UserWarning: [33mWARN: Box high's precision lowered by casting to float32, current high.dtype=float64[0m
  gym.logger.warn(
/home/deddy/repos/outofthisworldmodel/.venv/lib/python3.13/site-packages/gymnasium/spaces/box.py:231: UserWarning: [33mWARN: Box low's precision lowered by casting to float32, current low.dtype=float64[0m
  gym.logger.warn(
/home/deddy/repos/outofthisworldmodel/.venv/lib/python3.13/site-packages/gymnasium/spaces/box.py:297: UserWarning: [33mWARN: Box high's precision lowered by casting to float32, current high.dtype=float64[0m
  gym.logger.warn(
/home/deddy/repos/outofthisworldmodel/.venv/lib/python3.13/site-packages/gymnasium/spaces/box.py:231: UserWarning: [33mWARN: Box low's precision lowered by casting to float32, current low.dtype=float64[0m
  gym.logger.warn(
/home/deddy/repos/outofthisworldmodel/.venv/lib/python3.13/site-packages/gymnasium/spaces/box.py:297: UserWarning: [33mWARN: Box high's precision lowered by casting to float32, current high.dtype=float64[0m
  gym.logger.warn(
/home/deddy/repos/outofthisworldmodel/.venv/lib/python3.13/site-packages/gymnasium/spaces/box.py:231: UserWarning: [33mWARN: Box low's precision lowered by casting to float32, current low.dtype=float64[0m
  gym.logger.warn(
/home/deddy/repos/outofthisworldmodel/.venv/lib/python3.13/site-packages/gymnasium/spaces/box.py:297: UserWarning: [33mWARN: Box high's precision lowered by casting to float32, current high.dtype=float64[0m
  gym.logger.warn(
/home/deddy/repos/outofthisworldmodel/.venv/lib/python3.13/site-packages/gymnasium/spaces/box.py:231: UserWarning: [33mWARN: Box low's precision lowered by casting to float32, current low.dtype=float64[0m
  gym.logger.warn(
/home/deddy/repos/outofthisworldmodel/.venv/lib/python3.13/site-packages/gymnasium/spaces/box.py:297: UserWarning: [33mWARN: Box high's precision lowered by casting to float32, current high.dtype=float64[0m
  gym.logger.warn(
/home/deddy/repos/outofthisworldmodel/.venv/lib/python3.13/site-packages/gymnasium/spaces/box.py:231: UserWarning: [33mWARN: Box low's precision lowered by casting to float32, current low.dtype=float64[0m
  gym.logger.warn(
/home/deddy/repos/outofthisworldmodel/.venv/lib/python3.13/site-packages/gymnasium/spaces/box.py:297: UserWarning: [33mWARN: Box high's precision lowered by casting to float32, current high.dtype=float64[0m
  gym.logger.warn(
/home/deddy/repos/outofthisworldmodel/.venv/lib/python3.13/site-packages/gymnasium/spaces/box.py:231: UserWarning: [33mWARN: Box low's precision lowered by casting to float32, current low.dtype=float64[0m
  gym.logger.warn(
/home/deddy/repos/outofthisworldmodel/.venv/lib/python3.13/site-packages/gymnasium/spaces/box.py:297: UserWarning: [33mWARN: Box high's precision lowered by casting to float32, current high.dtype=float64[0m
  gym.logger.warn(
2026-08-12 14:28:01,824 - wandb.wandb_agent - INFO - Agent received command: stop
2026-08-12 14:28:01,825 - wandb.wandb_agent - INFO - Stop: sdfgtcku
2026-08-12 14:28:06,849 - wandb.wandb_agent - INFO - Cleaning up finished run: sdfgtcku
2026-08-12 14:28:07,883 - wandb.wandb_agent - INFO - Agent received command: run
2026-08-12 14:28:07,884 - wandb.wandb_agent - INFO - Agent starting run with config:
	algo: ppo
	batch_size: 1024
	clip_range: 0.3
	ent_coef: 1.094930647414117e-06
	gae_lambda: 0.970385662555028
	gamma: 0.995
	learning_rate: 2.8570219967949823e-05
	n_epochs: 5
	n_steps: 4096
	seed: 0
	trial_timesteps: 500000
2026-08-12 14:28:07,885 - wandb.wandb_agent - INFO - About to run command: /usr/bin/env uv run python -m owm.baselines.rl.sweep_trial
wandb: [wandb.login()] Loaded credentials for https://api.wandb.ai from WANDB_API_KEY.
wandb: Currently logged in as: duncaneddy (duncan-world-models) to https://api.wandb.ai. Use `wandb login --relogin` to force relogin
wandb: Tracking run with wandb version 0.28.1
wandb: Run data is saved locally in /home/deddy/repos/outofthisworldmodel/wandb/run-20260812_142811-n64id1nd
wandb: Run `wandb offline` to turn off syncing.
wandb: Syncing run neat-sweep-30
wandb: ⭐️ View project at https://wandb.ai/duncan-world-models/amos-out-of-this-world-model
wandb: 🧹 View sweep at https://wandb.ai/duncan-world-models/amos-out-of-this-world-model/sweeps/wy4vs8ws
wandb: 🚀 View run at https://wandb.ai/duncan-world-models/amos-out-of-this-world-model/runs/n64id1nd
2026-08-12 14:28:12,912 - wandb.wandb_agent - INFO - Running runs: ['n64id1nd']
/home/deddy/repos/outofthisworldmodel/.venv/lib/python3.13/site-packages/gymnasium/spaces/box.py:231: UserWarning: [33mWARN: Box low's precision lowered by casting to float32, current low.dtype=float64[0m
  gym.logger.warn(
/home/deddy/repos/outofthisworldmodel/.venv/lib/python3.13/site-packages/gymnasium/spaces/box.py:297: UserWarning: [33mWARN: Box high's precision lowered by casting to float32, current high.dtype=float64[0m
  gym.logger.warn(
/home/deddy/repos/outofthisworldmodel/.venv/lib/python3.13/site-packages/gymnasium/spaces/box.py:231: UserWarning: [33mWARN: Box low's precision lowered by casting to float32, current low.dtype=float64[0m
  gym.logger.warn(
/home/deddy/repos/outofthisworldmodel/.venv/lib/python3.13/site-packages/gymnasium/spaces/box.py:297: UserWarning: [33mWARN: Box high's precision lowered by casting to float32, current high.dtype=float64[0m
  gym.logger.warn(
/home/deddy/repos/outofthisworldmodel/.venv/lib/python3.13/site-packages/gymnasium/spaces/box.py:231: UserWarning: [33mWARN: Box low's precision lowered by casting to float32, current low.dtype=float64[0m
  gym.logger.warn(
/home/deddy/repos/outofthisworldmodel/.venv/lib/python3.13/site-packages/gymnasium/spaces/box.py:297: UserWarning: [33mWARN: Box high's precision lowered by casting to float32, current high.dtype=float64[0m
  gym.logger.warn(
/home/deddy/repos/outofthisworldmodel/.venv/lib/python3.13/site-packages/gymnasium/spaces/box.py:231: UserWarning: [33mWARN: Box low's precision lowered by casting to float32, current low.dtype=float64[0m
  gym.logger.warn(
/home/deddy/repos/outofthisworldmodel/.venv/lib/python3.13/site-packages/gymnasium/spaces/box.py:297: UserWarning: [33mWARN: Box high's precision lowered by casting to float32, current high.dtype=float64[0m
  gym.logger.warn(
/home/deddy/repos/outofthisworldmodel/.venv/lib/python3.13/site-packages/gymnasium/spaces/box.py:231: UserWarning: [33mWARN: Box low's precision lowered by casting to float32, current low.dtype=float64[0m
  gym.logger.warn(
/home/deddy/repos/outofthisworldmodel/.venv/lib/python3.13/site-packages/gymnasium/spaces/box.py:297: UserWarning: [33mWARN: Box high's precision lowered by casting to float32, current high.dtype=float64[0m
  gym.logger.warn(
/home/deddy/repos/outofthisworldmodel/.venv/lib/python3.13/site-packages/gymnasium/spaces/box.py:231: UserWarning: [33mWARN: Box low's precision lowered by casting to float32, current low.dtype=float64[0m
  gym.logger.warn(
/home/deddy/repos/outofthisworldmodel/.venv/lib/python3.13/site-packages/gymnasium/spaces/box.py:297: UserWarning: [33mWARN: Box high's precision lowered by casting to float32, current high.dtype=float64[0m
  gym.logger.warn(
/home/deddy/repos/outofthisworldmodel/.venv/lib/python3.13/site-packages/gymnasium/spaces/box.py:231: UserWarning: [33mWARN: Box low's precision lowered by casting to float32, current low.dtype=float64[0m
  gym.logger.warn(
/home/deddy/repos/outofthisworldmodel/.venv/lib/python3.13/site-packages/gymnasium/spaces/box.py:297: UserWarning: [33mWARN: Box high's precision lowered by casting to float32, current high.dtype=float64[0m
  gym.logger.warn(
/home/deddy/repos/outofthisworldmodel/.venv/lib/python3.13/site-packages/gymnasium/spaces/box.py:231: UserWarning: [33mWARN: Box low's precision lowered by casting to float32, current low.dtype=float64[0m
  gym.logger.warn(
/home/deddy/repos/outofthisworldmodel/.venv/lib/python3.13/site-packages/gymnasium/spaces/box.py:297: UserWarning: [33mWARN: Box high's precision lowered by casting to float32, current high.dtype=float64[0m
  gym.logger.warn(
/home/deddy/repos/outofthisworldmodel/.venv/lib/python3.13/site-packages/gymnasium/spaces/box.py:231: UserWarning: [33mWARN: Box low's precision lowered by casting to float32, current low.dtype=float64[0m
  gym.logger.warn(
/home/deddy/repos/outofthisworldmodel/.venv/lib/python3.13/site-packages/gymnasium/spaces/box.py:297: UserWarning: [33mWARN: Box high's precision lowered by casting to float32, current high.dtype=float64[0m
  gym.logger.warn(
/home/deddy/repos/outofthisworldmodel/.venv/lib/python3.13/site-packages/gymnasium/spaces/box.py:231: UserWarning: [33mWARN: Box low's precision lowered by casting to float32, current low.dtype=float64[0m
  gym.logger.warn(
/home/deddy/repos/outofthisworldmodel/.venv/lib/python3.13/site-packages/gymnasium/spaces/box.py:297: UserWarning: [33mWARN: Box high's precision lowered by casting to float32, current high.dtype=float64[0m
  gym.logger.warn(
/home/deddy/repos/outofthisworldmodel/.venv/lib/python3.13/site-packages/gymnasium/spaces/box.py:231: UserWarning: [33mWARN: Box low's precision lowered by casting to float32, current low.dtype=float64[0m
  gym.logger.warn(
/home/deddy/repos/outofthisworldmodel/.venv/lib/python3.13/site-packages/gymnasium/spaces/box.py:297: UserWarning: [33mWARN: Box high's precision lowered by casting to float32, current high.dtype=float64[0m
  gym.logger.warn(
/home/deddy/repos/outofthisworldmodel/.venv/lib/python3.13/site-packages/gymnasium/spaces/box.py:231: UserWarning: [33mWARN: Box low's precision lowered by casting to float32, current low.dtype=float64[0m
  gym.logger.warn(
/home/deddy/repos/outofthisworldmodel/.venv/lib/python3.13/site-packages/gymnasium/spaces/box.py:297: UserWarning: [33mWARN: Box high's precision lowered by casting to float32, current high.dtype=float64[0m
  gym.logger.warn(
/home/deddy/repos/outofthisworldmodel/.venv/lib/python3.13/site-packages/gymnasium/spaces/box.py:231: UserWarning: [33mWARN: Box low's precision lowered by casting to float32, current low.dtype=float64[0m
  gym.logger.warn(
/home/deddy/repos/outofthisworldmodel/.venv/lib/python3.13/site-packages/gymnasium/spaces/box.py:297: UserWarning: [33mWARN: Box high's precision lowered by casting to float32, current high.dtype=float64[0m
  gym.logger.warn(
/home/deddy/repos/outofthisworldmodel/.venv/lib/python3.13/site-packages/gymnasium/spaces/box.py:231: UserWarning: [33mWARN: Box low's precision lowered by casting to float32, current low.dtype=float64[0m
  gym.logger.warn(
/home/deddy/repos/outofthisworldmodel/.venv/lib/python3.13/site-packages/gymnasium/spaces/box.py:297: UserWarning: [33mWARN: Box high's precision lowered by casting to float32, current high.dtype=float64[0m
  gym.logger.warn(
wandb: uploading artifact h19n99go-model; updating run metadata
wandb: uploading history steps 215-215, summary, console lines 9-9
wandb: 
wandb: Run history:
wandb:    docking/collision_rate ▁▁▁▁▁▁▁▁▁▁▁▁▁▁▁▁▁▁▁▁▁▇▇▆▆▆▆▆▅▅▅▅▅▅▅████▇
wandb:       docking/docked_rate ▁▁▁▁▁▁▁▁▁▁▁▁▁▁▁▁▁▁▁▁▁▁▁▁▁▁▁▁▁▁▁▁▁▁▁▁▁▁▁▁
wandb:    docking/ep_min_att_rad ▃▄▄▂▇▃▄▂▃▃▂▃▂▄█▄▁▃▁▅▃▅▄▁▅▃▄▂▂▂▃▇▃▂▅▁▂▂▂▆
wandb:      docking/ep_min_pos_m ▇▄▆▄▂▃▆▇▄▄▄█▂▂▃▃▂▅▂▂█▃▆▂▄▅▃▁▂▄▂▇▁▄▇▄▃▄▂▆
wandb: docking/ep_min_rate_radps ▆▄▄▂▅▁▄▅▅▅▁▃▄▂▄▆▄▄▃▆▅▇▂▄▅▅█▄▄▂▅▁▃▇▂▁▇▃▆▂
wandb:    docking/ep_min_vel_mps ▄▅▄▅▁▃▇▃▇▁▆█▂▄▁▅▆█▄▆▅▆▅▆▂▆▄▅▆▃▁▆▅▄▄▃▂▄▅▃
wandb:          docking/episodes ▁▁▁▁▁▂▂▂▂▃▃▃▄▄▄▄▄▄▄▅▅▅▅▅▅▆▆▆▆▆▇▇▇▇▇▇▇▇██
wandb:      docking/escaped_rate ▁▁▁▁▁▁▁▁▁▁▁▁▁▁▁▁▁▁▁▁▁▁▁▁▁▁▁▁▁▁▃▃▃▅▅▅▆▆██
wandb:        docking/port_index ▆▁▃█▃▁██▁█▁█▅▆▅▁▅▅▁▅▆▆█▁▆▅█▃▅▆▁▃▅▆▆▆██▁▃
wandb:    docking/truncated_rate ████████████████████████▆▆▆▆▆▆▆▆▅▅▅▄▄▃▂▁
wandb:                       +25 ...
wandb: 
wandb: Run summary:
wandb:    docking/collision_rate 0.02941
wandb:       docking/docked_rate 0
wandb:    docking/ep_min_att_rad 1.65429
wandb:      docking/ep_min_pos_m 305.16785
wandb: docking/ep_min_rate_radps 0.00055
wandb:    docking/ep_min_vel_mps 0.00367
wandb:          docking/episodes 68
wandb:      docking/escaped_rate 0.05882
wandb:        docking/port_index 1
wandb:    docking/truncated_rate 0.91176
wandb:                       +25 ...
wandb: 
wandb: 🚀 View run dark-sweep-27 at: https://wandb.ai/duncan-world-models/amos-out-of-this-world-model/runs/h19n99go
wandb: ⭐️ View project at: https://wandb.ai/duncan-world-models/amos-out-of-this-world-model
wandb: Synced 5 W&B file(s), 30 media file(s), 3 artifact file(s) and 1 other file(s)
wandb: Find logs at: ./wandb/run-20260812_133010-h19n99go/logs
[val] step 100000: mean_return -10526.0, outcomes: escaped, escaped, truncated, truncated, truncated
[val] step 200000: mean_return -8635.9, outcomes: truncated, truncated, truncated, escaped, truncated
[val] step 300000: mean_return -8382.2, outcomes: escaped, truncated, truncated, truncated, truncated
[val] step 400000: mean_return -10084.0, outcomes: escaped, truncated, truncated, escaped, truncated
[val] step 500000: mean_return -12494.8, outcomes: escaped, truncated, truncated, escaped, escaped
[val] step 500000: mean_return -12344.9, outcomes: escaped, truncated, truncated, escaped, escaped
2026-08-12 14:45:34,641 - wandb.wandb_agent - INFO - Cleaning up finished run: h19n99go
2026-08-12 14:45:35,561 - wandb.wandb_agent - INFO - Agent received command: run
2026-08-12 14:45:35,561 - wandb.wandb_agent - INFO - Agent starting run with config:
	algo: sac
	batch_size: 256
	buffer_size: 300000
	gamma: 0.9995
	gradient_steps: 8
	learning_rate: 1.009951565540635e-05
	learning_starts: 20000
	seed: 0
	tau: 0.00993655924297022
	train_freq: 1
	trial_timesteps: 500000
2026-08-12 14:45:35,563 - wandb.wandb_agent - INFO - About to run command: /usr/bin/env uv run python -m owm.baselines.rl.sweep_trial
wandb: [wandb.login()] Loaded credentials for https://api.wandb.ai from WANDB_API_KEY.
wandb: Currently logged in as: duncaneddy (duncan-world-models) to https://api.wandb.ai. Use `wandb login --relogin` to force relogin
wandb: Tracking run with wandb version 0.28.1
wandb: Run data is saved locally in /home/deddy/repos/outofthisworldmodel/wandb/run-20260812_144538-jve2l976
wandb: Run `wandb offline` to turn off syncing.
wandb: Syncing run logical-sweep-30
wandb: ⭐️ View project at https://wandb.ai/duncan-world-models/amos-out-of-this-world-model
wandb: 🧹 View sweep at https://wandb.ai/duncan-world-models/amos-out-of-this-world-model/sweeps/bm88x06x
wandb: 🚀 View run at https://wandb.ai/duncan-world-models/amos-out-of-this-world-model/runs/jve2l976
2026-08-12 14:45:40,588 - wandb.wandb_agent - INFO - Running runs: ['jve2l976']
/home/deddy/repos/outofthisworldmodel/.venv/lib/python3.13/site-packages/gymnasium/spaces/box.py:231: UserWarning: [33mWARN: Box low's precision lowered by casting to float32, current low.dtype=float64[0m
  gym.logger.warn(
/home/deddy/repos/outofthisworldmodel/.venv/lib/python3.13/site-packages/gymnasium/spaces/box.py:297: UserWarning: [33mWARN: Box high's precision lowered by casting to float32, current high.dtype=float64[0m
  gym.logger.warn(
/home/deddy/repos/outofthisworldmodel/.venv/lib/python3.13/site-packages/gymnasium/spaces/box.py:231: UserWarning: [33mWARN: Box low's precision lowered by casting to float32, current low.dtype=float64[0m
  gym.logger.warn(
/home/deddy/repos/outofthisworldmodel/.venv/lib/python3.13/site-packages/gymnasium/spaces/box.py:297: UserWarning: [33mWARN: Box high's precision lowered by casting to float32, current high.dtype=float64[0m
  gym.logger.warn(
/home/deddy/repos/outofthisworldmodel/.venv/lib/python3.13/site-packages/gymnasium/spaces/box.py:231: UserWarning: [33mWARN: Box low's precision lowered by casting to float32, current low.dtype=float64[0m
  gym.logger.warn(
/home/deddy/repos/outofthisworldmodel/.venv/lib/python3.13/site-packages/gymnasium/spaces/box.py:297: UserWarning: [33mWARN: Box high's precision lowered by casting to float32, current high.dtype=float64[0m
  gym.logger.warn(
/home/deddy/repos/outofthisworldmodel/.venv/lib/python3.13/site-packages/gymnasium/spaces/box.py:231: UserWarning: [33mWARN: Box low's precision lowered by casting to float32, current low.dtype=float64[0m
  gym.logger.warn(
/home/deddy/repos/outofthisworldmodel/.venv/lib/python3.13/site-packages/gymnasium/spaces/box.py:297: UserWarning: [33mWARN: Box high's precision lowered by casting to float32, current high.dtype=float64[0m
  gym.logger.warn(
/home/deddy/repos/outofthisworldmodel/.venv/lib/python3.13/site-packages/gymnasium/spaces/box.py:231: UserWarning: [33mWARN: Box low's precision lowered by casting to float32, current low.dtype=float64[0m
  gym.logger.warn(
/home/deddy/repos/outofthisworldmodel/.venv/lib/python3.13/site-packages/gymnasium/spaces/box.py:297: UserWarning: [33mWARN: Box high's precision lowered by casting to float32, current high.dtype=float64[0m
  gym.logger.warn(
/home/deddy/repos/outofthisworldmodel/.venv/lib/python3.13/site-packages/gymnasium/spaces/box.py:231: UserWarning: [33mWARN: Box low's precision lowered by casting to float32, current low.dtype=float64[0m
  gym.logger.warn(
/home/deddy/repos/outofthisworldmodel/.venv/lib/python3.13/site-packages/gymnasium/spaces/box.py:297: UserWarning: [33mWARN: Box high's precision lowered by casting to float32, current high.dtype=float64[0m
  gym.logger.warn(
/home/deddy/repos/outofthisworldmodel/.venv/lib/python3.13/site-packages/gymnasium/spaces/box.py:231: UserWarning: [33mWARN: Box low's precision lowered by casting to float32, current low.dtype=float64[0m
  gym.logger.warn(
/home/deddy/repos/outofthisworldmodel/.venv/lib/python3.13/site-packages/gymnasium/spaces/box.py:297: UserWarning: [33mWARN: Box high's precision lowered by casting to float32, current high.dtype=float64[0m
  gym.logger.warn(
/home/deddy/repos/outofthisworldmodel/.venv/lib/python3.13/site-packages/gymnasium/spaces/box.py:231: UserWarning: [33mWARN: Box low's precision lowered by casting to float32, current low.dtype=float64[0m
  gym.logger.warn(
/home/deddy/repos/outofthisworldmodel/.venv/lib/python3.13/site-packages/gymnasium/spaces/box.py:297: UserWarning: [33mWARN: Box high's precision lowered by casting to float32, current high.dtype=float64[0m
  gym.logger.warn(
/home/deddy/repos/outofthisworldmodel/.venv/lib/python3.13/site-packages/gymnasium/spaces/box.py:231: UserWarning: [33mWARN: Box low's precision lowered by casting to float32, current low.dtype=float64[0m
  gym.logger.warn(
/home/deddy/repos/outofthisworldmodel/.venv/lib/python3.13/site-packages/gymnasium/spaces/box.py:297: UserWarning: [33mWARN: Box high's precision lowered by casting to float32, current high.dtype=float64[0m
  gym.logger.warn(
/home/deddy/repos/outofthisworldmodel/.venv/lib/python3.13/site-packages/gymnasium/spaces/box.py:231: UserWarning: [33mWARN: Box low's precision lowered by casting to float32, current low.dtype=float64[0m
  gym.logger.warn(
/home/deddy/repos/outofthisworldmodel/.venv/lib/python3.13/site-packages/gymnasium/spaces/box.py:297: UserWarning: [33mWARN: Box high's precision lowered by casting to float32, current high.dtype=float64[0m
  gym.logger.warn(
wandb: uploading artifact n64id1nd-model; updating run metadata
wandb: 
wandb: Run history:
wandb:    docking/collision_rate ▁▁▁▁▁▁▁▁▁▁▁▁▁▁▁▁▁▁▁▁▁▁▁▁▁▁▁▁▁▁▁▁▁▁▁▁▁▁▁▁
wandb:       docking/docked_rate ▁▁▁▁▁▁▁▁▁▁▁▁▁▁▁▁▁▁▁▁▁▁▁▁▁▁▁▁▁▁▁▁▁▁▁▁▁▁▁▁
wandb:    docking/ep_min_att_rad ▄▄▂▅▇▃▃▅▂▅▂▄▆▄▃▃▆▆▂▄▂▇▃▂▄▁▅▁▂▃▁█▂▃▂▃▆▅▇▂
wandb:      docking/ep_min_pos_m ▆▂▅▄▇▂▃▁▅▇▄▆▂▆▂▄▄▃▇▂▅▃▄▅▄▂█▁▅▁▂▆▁▅▂▇▂▄▅▂
wandb: docking/ep_min_rate_radps ▆▂▃▂▄▇▆▆▁▅▁▃▃▇▃▆▃▄▄█▂▇▆▅▇▄▇▆▇█▄▃▄▇█▅▅▅▁▁
wandb:    docking/ep_min_vel_mps ▄▃▆▅▆▂▄▅▇▆█▂▄▇▇▅▃▄▁▁▂▃▂▃▃▅▁▃▅▃▇▆▄▆▄█▆▅▇▇
wandb:          docking/episodes ▁▁▁▁▁▂▂▂▂▃▃▃▃▄▄▄▄▄▄▅▅▅▅▅▅▆▆▆▆▆▆▇▇▇▇▇▇▇▇█
wandb:      docking/escaped_rate ▁▁▁▁▁▁▁▁▁▁▁▁▁▁▁▁▁▁▁▁▁▁▁▁▁▁▁▁▁▁▁▁▁▁▁▁▁▁▁▁
wandb:        docking/port_index ▆▅▃▅▃█▃█▁██▅▃▆▁▅▁▃▃█▁▆▁█▃▆▅▃▆██▁▅▆▅▁▁▃▅▆
wandb:    docking/truncated_rate ▁▁▁▁▁▁▁▁▁▁▁▁▁▁▁▁▁▁▁▁▁▁▁▁▁▁▁▁▁▁▁▁▁▁▁▁▁▁▁▁
wandb:                       +30 ...
wandb: 
wandb: Run summary:
wandb:    docking/collision_rate 0
wandb:       docking/docked_rate 0
wandb:    docking/ep_min_att_rad 1.7445
wandb:      docking/ep_min_pos_m 154.97388
wandb: docking/ep_min_rate_radps 0.00096
wandb:    docking/ep_min_vel_mps 0.00982
wandb:          docking/episodes 72
wandb:      docking/escaped_rate 0
wandb:        docking/port_index 3
wandb:    docking/truncated_rate 1
wandb:                       +30 ...
wandb: 
wandb: 🚀 View run neat-sweep-30 at: https://wandb.ai/duncan-world-models/amos-out-of-this-world-model/runs/n64id1nd
wandb: ⭐️ View project at: https://wandb.ai/duncan-world-models/amos-out-of-this-world-model
wandb: Synced 5 W&B file(s), 30 media file(s), 3 artifact file(s) and 1 other file(s)
wandb: Find logs at: ./wandb/run-20260812_142811-n64id1nd/logs
[val] step 100000: mean_return -6056.2, outcomes: truncated, truncated, truncated, truncated, truncated
[val] step 200000: mean_return -6099.4, outcomes: truncated, truncated, truncated, truncated, truncated
[val] step 300000: mean_return -6121.3, outcomes: truncated, truncated, truncated, truncated, truncated
[val] step 400000: mean_return -6044.3, outcomes: truncated, truncated, truncated, truncated, truncated
[val] step 500000: mean_return -8369.5, outcomes: escaped, truncated, truncated, truncated, truncated
[val] step 524288: mean_return -6051.2, outcomes: truncated, truncated, truncated, truncated, truncated
2026-08-12 15:19:36,959 - wandb.wandb_agent - INFO - Cleaning up finished run: n64id1nd
2026-08-12 15:19:37,962 - wandb.wandb_agent - INFO - Agent received command: run
2026-08-12 15:19:37,962 - wandb.wandb_agent - INFO - Agent starting run with config:
	algo: ppo
	batch_size: 512
	clip_range: 0.1
	ent_coef: 8.78207185946862e-06
	gae_lambda: 0.9723245071713656
	gamma: 0.995
	learning_rate: 1.549572584624431e-05
	n_epochs: 5
	n_steps: 1024
	seed: 0
	trial_timesteps: 500000
2026-08-12 15:19:37,964 - wandb.wandb_agent - INFO - About to run command: /usr/bin/env uv run python -m owm.baselines.rl.sweep_trial
wandb: [wandb.login()] Loaded credentials for https://api.wandb.ai from WANDB_API_KEY.
wandb: Currently logged in as: duncaneddy (duncan-world-models) to https://api.wandb.ai. Use `wandb login --relogin` to force relogin
wandb: setting up run 9dwps0qo
wandb: Tracking run with wandb version 0.28.1
wandb: Run data is saved locally in /home/deddy/repos/outofthisworldmodel/wandb/run-20260812_151941-9dwps0qo
wandb: Run `wandb offline` to turn off syncing.
wandb: Syncing run feasible-sweep-31
wandb: ⭐️ View project at https://wandb.ai/duncan-world-models/amos-out-of-this-world-model
wandb: 🧹 View sweep at https://wandb.ai/duncan-world-models/amos-out-of-this-world-model/sweeps/wy4vs8ws
wandb: 🚀 View run at https://wandb.ai/duncan-world-models/amos-out-of-this-world-model/runs/9dwps0qo
2026-08-12 15:19:42,991 - wandb.wandb_agent - INFO - Running runs: ['9dwps0qo']
/home/deddy/repos/outofthisworldmodel/.venv/lib/python3.13/site-packages/gymnasium/spaces/box.py:231: UserWarning: [33mWARN: Box low's precision lowered by casting to float32, current low.dtype=float64[0m
  gym.logger.warn(
/home/deddy/repos/outofthisworldmodel/.venv/lib/python3.13/site-packages/gymnasium/spaces/box.py:297: UserWarning: [33mWARN: Box high's precision lowered by casting to float32, current high.dtype=float64[0m
  gym.logger.warn(
/home/deddy/repos/outofthisworldmodel/.venv/lib/python3.13/site-packages/gymnasium/spaces/box.py:231: UserWarning: [33mWARN: Box low's precision lowered by casting to float32, current low.dtype=float64[0m
  gym.logger.warn(
/home/deddy/repos/outofthisworldmodel/.venv/lib/python3.13/site-packages/gymnasium/spaces/box.py:297: UserWarning: [33mWARN: Box high's precision lowered by casting to float32, current high.dtype=float64[0m
  gym.logger.warn(
/home/deddy/repos/outofthisworldmodel/.venv/lib/python3.13/site-packages/gymnasium/spaces/box.py:231: UserWarning: [33mWARN: Box low's precision lowered by casting to float32, current low.dtype=float64[0m
  gym.logger.warn(
/home/deddy/repos/outofthisworldmodel/.venv/lib/python3.13/site-packages/gymnasium/spaces/box.py:297: UserWarning: [33mWARN: Box high's precision lowered by casting to float32, current high.dtype=float64[0m
  gym.logger.warn(
/home/deddy/repos/outofthisworldmodel/.venv/lib/python3.13/site-packages/gymnasium/spaces/box.py:231: UserWarning: [33mWARN: Box low's precision lowered by casting to float32, current low.dtype=float64[0m
  gym.logger.warn(
/home/deddy/repos/outofthisworldmodel/.venv/lib/python3.13/site-packages/gymnasium/spaces/box.py:297: UserWarning: [33mWARN: Box high's precision lowered by casting to float32, current high.dtype=float64[0m
  gym.logger.warn(
/home/deddy/repos/outofthisworldmodel/.venv/lib/python3.13/site-packages/gymnasium/spaces/box.py:231: UserWarning: [33mWARN: Box low's precision lowered by casting to float32, current low.dtype=float64[0m
  gym.logger.warn(
/home/deddy/repos/outofthisworldmodel/.venv/lib/python3.13/site-packages/gymnasium/spaces/box.py:297: UserWarning: [33mWARN: Box high's precision lowered by casting to float32, current high.dtype=float64[0m
  gym.logger.warn(
/home/deddy/repos/outofthisworldmodel/.venv/lib/python3.13/site-packages/gymnasium/spaces/box.py:231: UserWarning: [33mWARN: Box low's precision lowered by casting to float32, current low.dtype=float64[0m
  gym.logger.warn(
/home/deddy/repos/outofthisworldmodel/.venv/lib/python3.13/site-packages/gymnasium/spaces/box.py:297: UserWarning: [33mWARN: Box high's precision lowered by casting to float32, current high.dtype=float64[0m
  gym.logger.warn(
/home/deddy/repos/outofthisworldmodel/.venv/lib/python3.13/site-packages/gymnasium/spaces/box.py:231: UserWarning: [33mWARN: Box low's precision lowered by casting to float32, current low.dtype=float64[0m
  gym.logger.warn(
/home/deddy/repos/outofthisworldmodel/.venv/lib/python3.13/site-packages/gymnasium/spaces/box.py:297: UserWarning: [33mWARN: Box high's precision lowered by casting to float32, current high.dtype=float64[0m
  gym.logger.warn(
/home/deddy/repos/outofthisworldmodel/.venv/lib/python3.13/site-packages/gymnasium/spaces/box.py:231: UserWarning: [33mWARN: Box low's precision lowered by casting to float32, current low.dtype=float64[0m
  gym.logger.warn(
/home/deddy/repos/outofthisworldmodel/.venv/lib/python3.13/site-packages/gymnasium/spaces/box.py:297: UserWarning: [33mWARN: Box high's precision lowered by casting to float32, current high.dtype=float64[0m
  gym.logger.warn(
/home/deddy/repos/outofthisworldmodel/.venv/lib/python3.13/site-packages/gymnasium/spaces/box.py:231: UserWarning: [33mWARN: Box low's precision lowered by casting to float32, current low.dtype=float64[0m
  gym.logger.warn(
/home/deddy/repos/outofthisworldmodel/.venv/lib/python3.13/site-packages/gymnasium/spaces/box.py:297: UserWarning: [33mWARN: Box high's precision lowered by casting to float32, current high.dtype=float64[0m
  gym.logger.warn(
/home/deddy/repos/outofthisworldmodel/.venv/lib/python3.13/site-packages/gymnasium/spaces/box.py:231: UserWarning: [33mWARN: Box low's precision lowered by casting to float32, current low.dtype=float64[0m
  gym.logger.warn(
/home/deddy/repos/outofthisworldmodel/.venv/lib/python3.13/site-packages/gymnasium/spaces/box.py:297: UserWarning: [33mWARN: Box high's precision lowered by casting to float32, current high.dtype=float64[0m
  gym.logger.warn(
/home/deddy/repos/outofthisworldmodel/.venv/lib/python3.13/site-packages/gymnasium/spaces/box.py:231: UserWarning: [33mWARN: Box low's precision lowered by casting to float32, current low.dtype=float64[0m
  gym.logger.warn(
/home/deddy/repos/outofthisworldmodel/.venv/lib/python3.13/site-packages/gymnasium/spaces/box.py:297: UserWarning: [33mWARN: Box high's precision lowered by casting to float32, current high.dtype=float64[0m
  gym.logger.warn(
/home/deddy/repos/outofthisworldmodel/.venv/lib/python3.13/site-packages/gymnasium/spaces/box.py:231: UserWarning: [33mWARN: Box low's precision lowered by casting to float32, current low.dtype=float64[0m
  gym.logger.warn(
/home/deddy/repos/outofthisworldmodel/.venv/lib/python3.13/site-packages/gymnasium/spaces/box.py:297: UserWarning: [33mWARN: Box high's precision lowered by casting to float32, current high.dtype=float64[0m
  gym.logger.warn(
/home/deddy/repos/outofthisworldmodel/.venv/lib/python3.13/site-packages/gymnasium/spaces/box.py:231: UserWarning: [33mWARN: Box low's precision lowered by casting to float32, current low.dtype=float64[0m
  gym.logger.warn(
/home/deddy/repos/outofthisworldmodel/.venv/lib/python3.13/site-packages/gymnasium/spaces/box.py:297: UserWarning: [33mWARN: Box high's precision lowered by casting to float32, current high.dtype=float64[0m
  gym.logger.warn(
/home/deddy/repos/outofthisworldmodel/.venv/lib/python3.13/site-packages/gymnasium/spaces/box.py:231: UserWarning: [33mWARN: Box low's precision lowered by casting to float32, current low.dtype=float64[0m
  gym.logger.warn(
/home/deddy/repos/outofthisworldmodel/.venv/lib/python3.13/site-packages/gymnasium/spaces/box.py:297: UserWarning: [33mWARN: Box high's precision lowered by casting to float32, current high.dtype=float64[0m
  gym.logger.warn(
wandb: uploading artifact t1l6y2bu-model; updating run metadata
wandb: uploading output.log; uploading wandb-summary.json
wandb: 
wandb: Run history:
wandb:    docking/collision_rate ▁▁▁▁▁▁▁▁▁▁▁▁▁▁▁▁▁▁▁▁▁▁▁▁▁▁▁▁▁▁▁▁▁▁▁▁▁▁▁▁
wandb:       docking/docked_rate ▁▁▁▁▁▁▁▁▁▁▁▁▁▁▁▁▁▁▁▁▁▁▁▁▁▁▁▁▁▁▁▁▁▁▁▁▁▁▁▁
wandb:    docking/ep_min_att_rad ▃▂▃▃▂▃▃▂▃▄▂▃▁▂▂▂▅▂▃▃▂▃▄▄▂▃▃▃▅▄▂▁▃▃▅▄█▁▂▂
wandb:      docking/ep_min_pos_m ▃▆▃▁█▆▅▇▆▅▃▃▃▇▄▃▂▆▂▂█▄▅▇▃▇▂▃▁▅▃▅▂▅▆▅▅▇▃▅
wandb: docking/ep_min_rate_radps ▄▄▃▂▇▃▃▄▃▆▇▆▃▂█▄▆▂█▄▆▄▅▇█▁▃▂▄▃▄▇▄▆▅▆▃▃▅█
wandb:    docking/ep_min_vel_mps ▃▅▆▁▄▂▄▆▃▃▅▇▅▂▄▆▅▄▇▅▄█▅▆▃▅▃▆▄▅▂▆▅▃▇▅▄▆▆▅
wandb:          docking/episodes ▁▁▁▁▁▂▂▃▃▃▃▃▃▃▃▄▄▄▄▄▄▅▅▅▅▅▅▆▆▆▆▇▇▇▇▇▇███
wandb:      docking/escaped_rate ▁▁▁▁▁▁▁▁▁▁▁▁▁▁▁▁▁▁▁▁▁▁▁▁▁▁▁▁▁▁▁▁▁▁▁▁▁▁▁▁
wandb:        docking/port_index ▆▅▃▁▃▁█▁█▁▃▆▆▆█▅▅▁▅▅▆█▁▁█▅▁▅█▃▅▁▆▅▅▁▆██▃
wandb:    docking/truncated_rate ▁▁▁▁▁▁▁▁▁▁▁▁▁▁▁▁▁▁▁▁▁▁▁▁▁▁▁▁▁▁▁▁▁▁▁▁▁▁▁▁
wandb:                       +25 ...
wandb: 
wandb: Run summary:
wandb:    docking/collision_rate 0
wandb:       docking/docked_rate 0
wandb:    docking/ep_min_att_rad 0.82603
wandb:      docking/ep_min_pos_m 305.55905
wandb: docking/ep_min_rate_radps 0.00211
wandb:    docking/ep_min_vel_mps 0.00856
wandb:          docking/episodes 68
wandb:      docking/escaped_rate 0
wandb:        docking/port_index 1
wandb:    docking/truncated_rate 1
wandb:                       +25 ...
wandb: 
wandb: 🚀 View run kind-sweep-29 at: https://wandb.ai/duncan-world-models/amos-out-of-this-world-model/runs/t1l6y2bu
wandb: ⭐️ View project at: https://wandb.ai/duncan-world-models/amos-out-of-this-world-model
wandb: Synced 5 W&B file(s), 30 media file(s), 3 artifact file(s) and 1 other file(s)
wandb: Find logs at: ./wandb/run-20260812_142113-t1l6y2bu/logs
[val] step 100000: mean_return -6504.7, outcomes: truncated, truncated, truncated, truncated, truncated
[val] step 200000: mean_return -5589.2, outcomes: truncated, truncated, truncated, truncated, truncated
[val] step 300000: mean_return -6316.6, outcomes: truncated, truncated, truncated, truncated, truncated
[val] step 400000: mean_return -6143.2, outcomes: truncated, truncated, truncated, truncated, truncated
[val] step 500000: mean_return -208306.3, outcomes: escaped, truncated, truncated, truncated, collision
[val] step 500000: mean_return -206248.6, outcomes: truncated, truncated, truncated, truncated, collision
2026-08-12 15:30:37,354 - wandb.wandb_agent - INFO - Cleaning up finished run: t1l6y2bu
2026-08-12 15:30:38,132 - wandb.wandb_agent - INFO - Agent received command: run
2026-08-12 15:30:38,132 - wandb.wandb_agent - INFO - Agent starting run with config:
	algo: sac
	batch_size: 512
	buffer_size: 300000
	gamma: 0.9995
	gradient_steps: 1
	learning_rate: 0.0008166565406613792
	learning_starts: 5000
	seed: 0
	tau: 0.012164337904981186
	train_freq: 8
	trial_timesteps: 500000
2026-08-12 15:30:38,133 - wandb.wandb_agent - INFO - About to run command: /usr/bin/env uv run python -m owm.baselines.rl.sweep_trial
wandb: [wandb.login()] Loaded credentials for https://api.wandb.ai from WANDB_API_KEY.
wandb: Currently logged in as: duncaneddy (duncan-world-models) to https://api.wandb.ai. Use `wandb login --relogin` to force relogin
wandb: Tracking run with wandb version 0.28.1
wandb: Run data is saved locally in /home/deddy/repos/outofthisworldmodel/wandb/run-20260812_153041-1j2g66da
wandb: Run `wandb offline` to turn off syncing.
wandb: Syncing run lively-sweep-31
wandb: ⭐️ View project at https://wandb.ai/duncan-world-models/amos-out-of-this-world-model
wandb: 🧹 View sweep at https://wandb.ai/duncan-world-models/amos-out-of-this-world-model/sweeps/bm88x06x
wandb: 🚀 View run at https://wandb.ai/duncan-world-models/amos-out-of-this-world-model/runs/1j2g66da
2026-08-12 15:30:43,158 - wandb.wandb_agent - INFO - Running runs: ['1j2g66da']
/home/deddy/repos/outofthisworldmodel/.venv/lib/python3.13/site-packages/gymnasium/spaces/box.py:231: UserWarning: [33mWARN: Box low's precision lowered by casting to float32, current low.dtype=float64[0m
  gym.logger.warn(
/home/deddy/repos/outofthisworldmodel/.venv/lib/python3.13/site-packages/gymnasium/spaces/box.py:297: UserWarning: [33mWARN: Box high's precision lowered by casting to float32, current high.dtype=float64[0m
  gym.logger.warn(
/home/deddy/repos/outofthisworldmodel/.venv/lib/python3.13/site-packages/gymnasium/spaces/box.py:231: UserWarning: [33mWARN: Box low's precision lowered by casting to float32, current low.dtype=float64[0m
  gym.logger.warn(
/home/deddy/repos/outofthisworldmodel/.venv/lib/python3.13/site-packages/gymnasium/spaces/box.py:297: UserWarning: [33mWARN: Box high's precision lowered by casting to float32, current high.dtype=float64[0m
  gym.logger.warn(
/home/deddy/repos/outofthisworldmodel/.venv/lib/python3.13/site-packages/gymnasium/spaces/box.py:231: UserWarning: [33mWARN: Box low's precision lowered by casting to float32, current low.dtype=float64[0m
  gym.logger.warn(
/home/deddy/repos/outofthisworldmodel/.venv/lib/python3.13/site-packages/gymnasium/spaces/box.py:297: UserWarning: [33mWARN: Box high's precision lowered by casting to float32, current high.dtype=float64[0m
  gym.logger.warn(
/home/deddy/repos/outofthisworldmodel/.venv/lib/python3.13/site-packages/gymnasium/spaces/box.py:231: UserWarning: [33mWARN: Box low's precision lowered by casting to float32, current low.dtype=float64[0m
  gym.logger.warn(
/home/deddy/repos/outofthisworldmodel/.venv/lib/python3.13/site-packages/gymnasium/spaces/box.py:297: UserWarning: [33mWARN: Box high's precision lowered by casting to float32, current high.dtype=float64[0m
  gym.logger.warn(
/home/deddy/repos/outofthisworldmodel/.venv/lib/python3.13/site-packages/gymnasium/spaces/box.py:231: UserWarning: [33mWARN: Box low's precision lowered by casting to float32, current low.dtype=float64[0m
  gym.logger.warn(
/home/deddy/repos/outofthisworldmodel/.venv/lib/python3.13/site-packages/gymnasium/spaces/box.py:297: UserWarning: [33mWARN: Box high's precision lowered by casting to float32, current high.dtype=float64[0m
  gym.logger.warn(
/home/deddy/repos/outofthisworldmodel/.venv/lib/python3.13/site-packages/gymnasium/spaces/box.py:231: UserWarning: [33mWARN: Box low's precision lowered by casting to float32, current low.dtype=float64[0m
  gym.logger.warn(
/home/deddy/repos/outofthisworldmodel/.venv/lib/python3.13/site-packages/gymnasium/spaces/box.py:297: UserWarning: [33mWARN: Box high's precision lowered by casting to float32, current high.dtype=float64[0m
  gym.logger.warn(
/home/deddy/repos/outofthisworldmodel/.venv/lib/python3.13/site-packages/gymnasium/spaces/box.py:231: UserWarning: [33mWARN: Box low's precision lowered by casting to float32, current low.dtype=float64[0m
  gym.logger.warn(
/home/deddy/repos/outofthisworldmodel/.venv/lib/python3.13/site-packages/gymnasium/spaces/box.py:297: UserWarning: [33mWARN: Box high's precision lowered by casting to float32, current high.dtype=float64[0m
  gym.logger.warn(
/home/deddy/repos/outofthisworldmodel/.venv/lib/python3.13/site-packages/gymnasium/spaces/box.py:231: UserWarning: [33mWARN: Box low's precision lowered by casting to float32, current low.dtype=float64[0m
  gym.logger.warn(
/home/deddy/repos/outofthisworldmodel/.venv/lib/python3.13/site-packages/gymnasium/spaces/box.py:297: UserWarning: [33mWARN: Box high's precision lowered by casting to float32, current high.dtype=float64[0m
  gym.logger.warn(
/home/deddy/repos/outofthisworldmodel/.venv/lib/python3.13/site-packages/gymnasium/spaces/box.py:231: UserWarning: [33mWARN: Box low's precision lowered by casting to float32, current low.dtype=float64[0m
  gym.logger.warn(
/home/deddy/repos/outofthisworldmodel/.venv/lib/python3.13/site-packages/gymnasium/spaces/box.py:297: UserWarning: [33mWARN: Box high's precision lowered by casting to float32, current high.dtype=float64[0m
  gym.logger.warn(
/home/deddy/repos/outofthisworldmodel/.venv/lib/python3.13/site-packages/gymnasium/spaces/box.py:231: UserWarning: [33mWARN: Box low's precision lowered by casting to float32, current low.dtype=float64[0m
  gym.logger.warn(
/home/deddy/repos/outofthisworldmodel/.venv/lib/python3.13/site-packages/gymnasium/spaces/box.py:297: UserWarning: [33mWARN: Box high's precision lowered by casting to float32, current high.dtype=float64[0m
  gym.logger.warn(
2026-08-12 16:00:03,145 - wandb.wandb_agent - INFO - Agent received command: stop
2026-08-12 16:00:03,145 - wandb.wandb_agent - INFO - Stop: 1j2g66da
2026-08-12 16:00:08,170 - wandb.wandb_agent - INFO - Cleaning up finished run: 1j2g66da
2026-08-12 16:00:09,484 - wandb.wandb_agent - INFO - Agent received command: run
2026-08-12 16:00:09,485 - wandb.wandb_agent - INFO - Agent starting run with config:
	algo: sac
	batch_size: 1024
	buffer_size: 300000
	gamma: 0.9995
	gradient_steps: 1
	learning_rate: 0.00019453759701393704
	learning_starts: 5000
	seed: 0
	tau: 0.004597696443053967
	train_freq: 8
	trial_timesteps: 500000
2026-08-12 16:00:09,487 - wandb.wandb_agent - INFO - About to run command: /usr/bin/env uv run python -m owm.baselines.rl.sweep_trial
wandb: [wandb.login()] Loaded credentials for https://api.wandb.ai from WANDB_API_KEY.
wandb: Currently logged in as: duncaneddy (duncan-world-models) to https://api.wandb.ai. Use `wandb login --relogin` to force relogin
wandb: Tracking run with wandb version 0.28.1
wandb: Run data is saved locally in /home/deddy/repos/outofthisworldmodel/wandb/run-20260812_160012-9yvgccup
wandb: Run `wandb offline` to turn off syncing.
wandb: Syncing run light-sweep-32
wandb: ⭐️ View project at https://wandb.ai/duncan-world-models/amos-out-of-this-world-model
wandb: 🧹 View sweep at https://wandb.ai/duncan-world-models/amos-out-of-this-world-model/sweeps/bm88x06x
wandb: 🚀 View run at https://wandb.ai/duncan-world-models/amos-out-of-this-world-model/runs/9yvgccup
2026-08-12 16:00:14,513 - wandb.wandb_agent - INFO - Running runs: ['9yvgccup']
/home/deddy/repos/outofthisworldmodel/.venv/lib/python3.13/site-packages/gymnasium/spaces/box.py:231: UserWarning: [33mWARN: Box low's precision lowered by casting to float32, current low.dtype=float64[0m
  gym.logger.warn(
/home/deddy/repos/outofthisworldmodel/.venv/lib/python3.13/site-packages/gymnasium/spaces/box.py:297: UserWarning: [33mWARN: Box high's precision lowered by casting to float32, current high.dtype=float64[0m
  gym.logger.warn(
/home/deddy/repos/outofthisworldmodel/.venv/lib/python3.13/site-packages/gymnasium/spaces/box.py:231: UserWarning: [33mWARN: Box low's precision lowered by casting to float32, current low.dtype=float64[0m
  gym.logger.warn(
/home/deddy/repos/outofthisworldmodel/.venv/lib/python3.13/site-packages/gymnasium/spaces/box.py:297: UserWarning: [33mWARN: Box high's precision lowered by casting to float32, current high.dtype=float64[0m
  gym.logger.warn(
/home/deddy/repos/outofthisworldmodel/.venv/lib/python3.13/site-packages/gymnasium/spaces/box.py:231: UserWarning: [33mWARN: Box low's precision lowered by casting to float32, current low.dtype=float64[0m
  gym.logger.warn(
/home/deddy/repos/outofthisworldmodel/.venv/lib/python3.13/site-packages/gymnasium/spaces/box.py:297: UserWarning: [33mWARN: Box high's precision lowered by casting to float32, current high.dtype=float64[0m
  gym.logger.warn(
/home/deddy/repos/outofthisworldmodel/.venv/lib/python3.13/site-packages/gymnasium/spaces/box.py:231: UserWarning: [33mWARN: Box low's precision lowered by casting to float32, current low.dtype=float64[0m
  gym.logger.warn(
/home/deddy/repos/outofthisworldmodel/.venv/lib/python3.13/site-packages/gymnasium/spaces/box.py:297: UserWarning: [33mWARN: Box high's precision lowered by casting to float32, current high.dtype=float64[0m
  gym.logger.warn(
/home/deddy/repos/outofthisworldmodel/.venv/lib/python3.13/site-packages/gymnasium/spaces/box.py:231: UserWarning: [33mWARN: Box low's precision lowered by casting to float32, current low.dtype=float64[0m
  gym.logger.warn(
/home/deddy/repos/outofthisworldmodel/.venv/lib/python3.13/site-packages/gymnasium/spaces/box.py:297: UserWarning: [33mWARN: Box high's precision lowered by casting to float32, current high.dtype=float64[0m
  gym.logger.warn(
/home/deddy/repos/outofthisworldmodel/.venv/lib/python3.13/site-packages/gymnasium/spaces/box.py:231: UserWarning: [33mWARN: Box low's precision lowered by casting to float32, current low.dtype=float64[0m
  gym.logger.warn(
/home/deddy/repos/outofthisworldmodel/.venv/lib/python3.13/site-packages/gymnasium/spaces/box.py:297: UserWarning: [33mWARN: Box high's precision lowered by casting to float32, current high.dtype=float64[0m
  gym.logger.warn(
/home/deddy/repos/outofthisworldmodel/.venv/lib/python3.13/site-packages/gymnasium/spaces/box.py:231: UserWarning: [33mWARN: Box low's precision lowered by casting to float32, current low.dtype=float64[0m
  gym.logger.warn(
/home/deddy/repos/outofthisworldmodel/.venv/lib/python3.13/site-packages/gymnasium/spaces/box.py:297: UserWarning: [33mWARN: Box high's precision lowered by casting to float32, current high.dtype=float64[0m
  gym.logger.warn(
/home/deddy/repos/outofthisworldmodel/.venv/lib/python3.13/site-packages/gymnasium/spaces/box.py:231: UserWarning: [33mWARN: Box low's precision lowered by casting to float32, current low.dtype=float64[0m
  gym.logger.warn(
/home/deddy/repos/outofthisworldmodel/.venv/lib/python3.13/site-packages/gymnasium/spaces/box.py:297: UserWarning: [33mWARN: Box high's precision lowered by casting to float32, current high.dtype=float64[0m
  gym.logger.warn(
/home/deddy/repos/outofthisworldmodel/.venv/lib/python3.13/site-packages/gymnasium/spaces/box.py:231: UserWarning: [33mWARN: Box low's precision lowered by casting to float32, current low.dtype=float64[0m
  gym.logger.warn(
/home/deddy/repos/outofthisworldmodel/.venv/lib/python3.13/site-packages/gymnasium/spaces/box.py:297: UserWarning: [33mWARN: Box high's precision lowered by casting to float32, current high.dtype=float64[0m
  gym.logger.warn(
/home/deddy/repos/outofthisworldmodel/.venv/lib/python3.13/site-packages/gymnasium/spaces/box.py:231: UserWarning: [33mWARN: Box low's precision lowered by casting to float32, current low.dtype=float64[0m
  gym.logger.warn(
/home/deddy/repos/outofthisworldmodel/.venv/lib/python3.13/site-packages/gymnasium/spaces/box.py:297: UserWarning: [33mWARN: Box high's precision lowered by casting to float32, current high.dtype=float64[0m
  gym.logger.warn(
wandb: uploading artifact 9dwps0qo-model; updating run metadata
wandb: uploading media/images/val/traj_3d_75_df7c55c2cd2a09525817.png; uploading media/images/val/attitude_triads_75_35ccaefb8b780064990c.png; uploading media/images/val/reward_75_2ecac71ad75078a65df8.png; uploading media/images/val/control_75_a1014401c9ca947a91e7.png; uploading runs/sweeps/ppo/9dwps0qo/tb/PPO_1/events.out.tfevents.1786547989.longbeach.1028338.0 (+ 4 more)
wandb: 
wandb: Run history:
wandb:    docking/collision_rate ▁▁▁▁▁▁▁▁▁▁▁▁▁▁▁▁▁▁▁▁▁▁▁▁▁▁▁▁▁▁▁▁▁▁▁▁▁▁▁▁
wandb:       docking/docked_rate ▁▁▁▁▁▁▁▁▁▁▁▁▁▁▁▁▁▁▁▁▁▁▁▁▁▁▁▁▁▁▁▁▁▁▁▁▁▁▁▁
wandb:    docking/ep_min_att_rad █▄▅▂▂▄▅▅▃▆▄▂▂▄▄▄▅▅█▄█▆▁▁▂▆▇▁▄▃▄▅▁▁▅▄▆▃▄▁
wandb:      docking/ep_min_pos_m ▆▅▄▇▄▂▁▅▄▄▄▂▄▆▃▃▆▁▂▆▄▅▄▃▁▂█▂▅▇▆▆▆▃▃▄▇▂▃▂
wandb: docking/ep_min_rate_radps ▄▂▃▂▆▆▁▆▁▃▇▃▃▆▃▄▄▂▇▆▄▇▄▃▄▄▇▃▇▃▄▃▄▃▅▇▃█▂▇
wandb:    docking/ep_min_vel_mps ▂█▃▃▃▅▆▂▆▂▅▇▅▇▅▂▂▇▇▂▅▆▂▅▃▃▁▁▃▃▅▄▄▄▃▃▆▅▄▄
wandb:          docking/episodes ▁▁▁▁▂▂▂▂▂▂▃▃▃▃▃▃▃▄▄▄▄▅▅▅▅▆▆▆▆▆▆▇▇▇▇▇▇███
wandb:      docking/escaped_rate ▁▁▁▁▁▁▁▁▁▁▁▁▁▁▁▁▁▁▁▁▁▁▁▁▁▁▁▁▁▁▁▁▁▁▁▁▁▁▁▁
wandb:        docking/port_index ▆▅▃▁█▆▃█▅▃█▅▃▆▁▁▅▁▃▃▆▁▆▁█▅▆▅▃▆▁▅▅▆▁▅▁▁▁█
wandb:    docking/truncated_rate ▁▁▁▁▁▁▁▁▁▁▁▁▁▁▁▁▁▁▁▁▁▁▁▁▁▁▁▁▁▁▁▁▁▁▁▁▁▁▁▁
wandb:                       +30 ...
wandb: 
wandb: Run summary:
wandb:    docking/collision_rate 0
wandb:       docking/docked_rate 0
wandb:    docking/ep_min_att_rad 0.2063
wandb:      docking/ep_min_pos_m 158.54861
wandb: docking/ep_min_rate_radps 0.00244
wandb:    docking/ep_min_vel_mps 0.00287
wandb:          docking/episodes 64
wandb:      docking/escaped_rate 0
wandb:        docking/port_index 4
wandb:    docking/truncated_rate 1
wandb:                       +30 ...
wandb: 
wandb: 🚀 View run feasible-sweep-31 at: https://wandb.ai/duncan-world-models/amos-out-of-this-world-model/runs/9dwps0qo
wandb: ⭐️ View project at: https://wandb.ai/duncan-world-models/amos-out-of-this-world-model
wandb: Synced 5 W&B file(s), 30 media file(s), 3 artifact file(s) and 1 other file(s)
wandb: Find logs at: ./wandb/run-20260812_151941-9dwps0qo/logs
[val] step 100000: mean_return -5805.8, outcomes: truncated, truncated, truncated, truncated, truncated
[val] step 200000: mean_return -6020.6, outcomes: truncated, truncated, truncated, truncated, truncated
[val] step 300000: mean_return -6136.0, outcomes: truncated, truncated, truncated, truncated, truncated
[val] step 400000: mean_return -10351.3, outcomes: escaped, truncated, escaped, truncated, truncated
[val] step 500000: mean_return -8425.0, outcomes: escaped, truncated, truncated, truncated, truncated
[val] step 507904: mean_return -8427.5, outcomes: escaped, truncated, truncated, truncated, truncated
2026-08-12 16:12:41,883 - wandb.wandb_agent - INFO - Cleaning up finished run: 9dwps0qo
2026-08-12 16:12:42,896 - wandb.wandb_agent - INFO - Agent received command: run
2026-08-12 16:12:42,897 - wandb.wandb_agent - INFO - Agent starting run with config:
	algo: ppo
	batch_size: 512
	clip_range: 0.2
	ent_coef: 9.870041538513687e-06
	gae_lambda: 0.9708158079957652
	gamma: 0.9995
	learning_rate: 0.00048828101441620274
	n_epochs: 20
	n_steps: 2048
	seed: 0
	trial_timesteps: 500000
2026-08-12 16:12:42,898 - wandb.wandb_agent - INFO - About to run command: /usr/bin/env uv run python -m owm.baselines.rl.sweep_trial
wandb: [wandb.login()] Loaded credentials for https://api.wandb.ai from WANDB_API_KEY.
wandb: Currently logged in as: duncaneddy (duncan-world-models) to https://api.wandb.ai. Use `wandb login --relogin` to force relogin
wandb: Tracking run with wandb version 0.28.1
wandb: Run data is saved locally in /home/deddy/repos/outofthisworldmodel/wandb/run-20260812_161246-79tv1xju
wandb: Run `wandb offline` to turn off syncing.
wandb: Syncing run driven-sweep-32
wandb: ⭐️ View project at https://wandb.ai/duncan-world-models/amos-out-of-this-world-model
wandb: 🧹 View sweep at https://wandb.ai/duncan-world-models/amos-out-of-this-world-model/sweeps/wy4vs8ws
wandb: 🚀 View run at https://wandb.ai/duncan-world-models/amos-out-of-this-world-model/runs/79tv1xju
2026-08-12 16:12:47,931 - wandb.wandb_agent - INFO - Running runs: ['79tv1xju']
/home/deddy/repos/outofthisworldmodel/.venv/lib/python3.13/site-packages/gymnasium/spaces/box.py:231: UserWarning: [33mWARN: Box low's precision lowered by casting to float32, current low.dtype=float64[0m
  gym.logger.warn(
/home/deddy/repos/outofthisworldmodel/.venv/lib/python3.13/site-packages/gymnasium/spaces/box.py:297: UserWarning: [33mWARN: Box high's precision lowered by casting to float32, current high.dtype=float64[0m
  gym.logger.warn(
/home/deddy/repos/outofthisworldmodel/.venv/lib/python3.13/site-packages/gymnasium/spaces/box.py:231: UserWarning: [33mWARN: Box low's precision lowered by casting to float32, current low.dtype=float64[0m
  gym.logger.warn(
/home/deddy/repos/outofthisworldmodel/.venv/lib/python3.13/site-packages/gymnasium/spaces/box.py:297: UserWarning: [33mWARN: Box high's precision lowered by casting to float32, current high.dtype=float64[0m
  gym.logger.warn(
/home/deddy/repos/outofthisworldmodel/.venv/lib/python3.13/site-packages/gymnasium/spaces/box.py:231: UserWarning: [33mWARN: Box low's precision lowered by casting to float32, current low.dtype=float64[0m
  gym.logger.warn(
/home/deddy/repos/outofthisworldmodel/.venv/lib/python3.13/site-packages/gymnasium/spaces/box.py:297: UserWarning: [33mWARN: Box high's precision lowered by casting to float32, current high.dtype=float64[0m
  gym.logger.warn(
/home/deddy/repos/outofthisworldmodel/.venv/lib/python3.13/site-packages/gymnasium/spaces/box.py:231: UserWarning: [33mWARN: Box low's precision lowered by casting to float32, current low.dtype=float64[0m
  gym.logger.warn(
/home/deddy/repos/outofthisworldmodel/.venv/lib/python3.13/site-packages/gymnasium/spaces/box.py:297: UserWarning: [33mWARN: Box high's precision lowered by casting to float32, current high.dtype=float64[0m
  gym.logger.warn(
/home/deddy/repos/outofthisworldmodel/.venv/lib/python3.13/site-packages/gymnasium/spaces/box.py:231: UserWarning: [33mWARN: Box low's precision lowered by casting to float32, current low.dtype=float64[0m
  gym.logger.warn(
/home/deddy/repos/outofthisworldmodel/.venv/lib/python3.13/site-packages/gymnasium/spaces/box.py:297: UserWarning: [33mWARN: Box high's precision lowered by casting to float32, current high.dtype=float64[0m
  gym.logger.warn(
/home/deddy/repos/outofthisworldmodel/.venv/lib/python3.13/site-packages/gymnasium/spaces/box.py:231: UserWarning: [33mWARN: Box low's precision lowered by casting to float32, current low.dtype=float64[0m
  gym.logger.warn(
/home/deddy/repos/outofthisworldmodel/.venv/lib/python3.13/site-packages/gymnasium/spaces/box.py:297: UserWarning: [33mWARN: Box high's precision lowered by casting to float32, current high.dtype=float64[0m
  gym.logger.warn(
/home/deddy/repos/outofthisworldmodel/.venv/lib/python3.13/site-packages/gymnasium/spaces/box.py:231: UserWarning: [33mWARN: Box low's precision lowered by casting to float32, current low.dtype=float64[0m
  gym.logger.warn(
/home/deddy/repos/outofthisworldmodel/.venv/lib/python3.13/site-packages/gymnasium/spaces/box.py:297: UserWarning: [33mWARN: Box high's precision lowered by casting to float32, current high.dtype=float64[0m
  gym.logger.warn(
/home/deddy/repos/outofthisworldmodel/.venv/lib/python3.13/site-packages/gymnasium/spaces/box.py:231: UserWarning: [33mWARN: Box low's precision lowered by casting to float32, current low.dtype=float64[0m
  gym.logger.warn(
/home/deddy/repos/outofthisworldmodel/.venv/lib/python3.13/site-packages/gymnasium/spaces/box.py:297: UserWarning: [33mWARN: Box high's precision lowered by casting to float32, current high.dtype=float64[0m
  gym.logger.warn(
error: Recipe `sweep-agent` failed with exit code 143
error: Recipe `sweep-agent` failed with exit code 143
error: Recipe `sweep-agent` failed with exit code 143
Process SpawnProcess-4:
Process SpawnProcess-2:
Process SpawnProcess-3:
Process SpawnProcess-1:
Traceback (most recent call last):
Traceback (most recent call last):
Traceback (most recent call last):
Traceback (most recent call last):
  File "/home/deddy/.local/share/uv/python/cpython-3.13-linux-x86_64-gnu/lib/python3.13/multiprocessing/process.py", line 313, in _bootstrap
    self.run()
    ~~~~~~~~^^
  File "/home/deddy/.local/share/uv/python/cpython-3.13-linux-x86_64-gnu/lib/python3.13/multiprocessing/process.py", line 313, in _bootstrap
    self.run()
    ~~~~~~~~^^
  File "/home/deddy/.local/share/uv/python/cpython-3.13-linux-x86_64-gnu/lib/python3.13/multiprocessing/process.py", line 108, in run
    self._target(*self._args, **self._kwargs)
    ~~~~~~~~~~~~^^^^^^^^^^^^^^^^^^^^^^^^^^^^^
  File "/home/deddy/.local/share/uv/python/cpython-3.13-linux-x86_64-gnu/lib/python3.13/multiprocessing/process.py", line 108, in run
    self._target(*self._args, **self._kwargs)
    ~~~~~~~~~~~~^^^^^^^^^^^^^^^^^^^^^^^^^^^^^
  File "/home/deddy/repos/outofthisworldmodel/.venv/lib/python3.13/site-packages/stable_baselines3/common/vec_env/subproc_vec_env.py", line 33, in _worker
    cmd, data = remote.recv()
                ~~~~~~~~~~~^^
  File "/home/deddy/repos/outofthisworldmodel/.venv/lib/python3.13/site-packages/stable_baselines3/common/vec_env/subproc_vec_env.py", line 33, in _worker
    cmd, data = remote.recv()
                ~~~~~~~~~~~^^
  File "/home/deddy/.local/share/uv/python/cpython-3.13-linux-x86_64-gnu/lib/python3.13/multiprocessing/connection.py", line 250, in recv
    buf = self._recv_bytes()
  File "/home/deddy/.local/share/uv/python/cpython-3.13-linux-x86_64-gnu/lib/python3.13/multiprocessing/connection.py", line 250, in recv
    buf = self._recv_bytes()
  File "/home/deddy/.local/share/uv/python/cpython-3.13-linux-x86_64-gnu/lib/python3.13/multiprocessing/connection.py", line 430, in _recv_bytes
    buf = self._recv(4)
  File "/home/deddy/.local/share/uv/python/cpython-3.13-linux-x86_64-gnu/lib/python3.13/multiprocessing/connection.py", line 430, in _recv_bytes
    buf = self._recv(4)
  File "/home/deddy/.local/share/uv/python/cpython-3.13-linux-x86_64-gnu/lib/python3.13/multiprocessing/connection.py", line 395, in _recv
    chunk = read(handle, remaining)
  File "/home/deddy/.local/share/uv/python/cpython-3.13-linux-x86_64-gnu/lib/python3.13/multiprocessing/connection.py", line 395, in _recv
    chunk = read(handle, remaining)
ConnectionResetError: [Errno 104] Connection reset by peer
ConnectionResetError: [Errno 104] Connection reset by peer
  File "/home/deddy/.local/share/uv/python/cpython-3.13-linux-x86_64-gnu/lib/python3.13/multiprocessing/process.py", line 313, in _bootstrap
    self.run()
    ~~~~~~~~^^
  File "/home/deddy/.local/share/uv/python/cpython-3.13-linux-x86_64-gnu/lib/python3.13/multiprocessing/process.py", line 108, in run
    self._target(*self._args, **self._kwargs)
    ~~~~~~~~~~~~^^^^^^^^^^^^^^^^^^^^^^^^^^^^^
  File "/home/deddy/repos/outofthisworldmodel/.venv/lib/python3.13/site-packages/stable_baselines3/common/vec_env/subproc_vec_env.py", line 33, in _worker
    cmd, data = remote.recv()
                ~~~~~~~~~~~^^
  File "/home/deddy/.local/share/uv/python/cpython-3.13-linux-x86_64-gnu/lib/python3.13/multiprocessing/connection.py", line 250, in recv
    buf = self._recv_bytes()
  File "/home/deddy/.local/share/uv/python/cpython-3.13-linux-x86_64-gnu/lib/python3.13/multiprocessing/connection.py", line 430, in _recv_bytes
    buf = self._recv(4)
  File "/home/deddy/.local/share/uv/python/cpython-3.13-linux-x86_64-gnu/lib/python3.13/multiprocessing/process.py", line 313, in _bootstrap
    self.run()
    ~~~~~~~~^^
  File "/home/deddy/.local/share/uv/python/cpython-3.13-linux-x86_64-gnu/lib/python3.13/multiprocessing/connection.py", line 395, in _recv
    chunk = read(handle, remaining)
  File "/home/deddy/.local/share/uv/python/cpython-3.13-linux-x86_64-gnu/lib/python3.13/multiprocessing/process.py", line 108, in run
    self._target(*self._args, **self._kwargs)
    ~~~~~~~~~~~~^^^^^^^^^^^^^^^^^^^^^^^^^^^^^
ConnectionResetError: [Errno 104] Connection reset by peer
  File "/home/deddy/repos/outofthisworldmodel/.venv/lib/python3.13/site-packages/stable_baselines3/common/vec_env/subproc_vec_env.py", line 33, in _worker
    cmd, data = remote.recv()
                ~~~~~~~~~~~^^
  File "/home/deddy/.local/share/uv/python/cpython-3.13-linux-x86_64-gnu/lib/python3.13/multiprocessing/connection.py", line 250, in recv
    buf = self._recv_bytes()
  File "/home/deddy/.local/share/uv/python/cpython-3.13-linux-x86_64-gnu/lib/python3.13/multiprocessing/connection.py", line 430, in _recv_bytes
    buf = self._recv(4)
  File "/home/deddy/.local/share/uv/python/cpython-3.13-linux-x86_64-gnu/lib/python3.13/multiprocessing/connection.py", line 395, in _recv
    chunk = read(handle, remaining)
ConnectionResetError: [Errno 104] Connection reset by peer
Process SpawnProcess-8:
Process SpawnProcess-7:
Process SpawnProcess-3:
Process SpawnProcess-4:
Process SpawnProcess-5:
Process SpawnProcess-6:
Process SpawnProcess-2:
Process SpawnProcess-1:
Traceback (most recent call last):
Traceback (most recent call last):
Traceback (most recent call last):
Traceback (most recent call last):
Traceback (most recent call last):
Traceback (most recent call last):
Traceback (most recent call last):
Traceback (most recent call last):
  File "/home/deddy/.local/share/uv/python/cpython-3.13-linux-x86_64-gnu/lib/python3.13/multiprocessing/process.py", line 313, in _bootstrap
    self.run()
    ~~~~~~~~^^
  File "/home/deddy/.local/share/uv/python/cpython-3.13-linux-x86_64-gnu/lib/python3.13/multiprocessing/process.py", line 313, in _bootstrap
    self.run()
    ~~~~~~~~^^
  File "/home/deddy/.local/share/uv/python/cpython-3.13-linux-x86_64-gnu/lib/python3.13/multiprocessing/process.py", line 108, in run
    self._target(*self._args, **self._kwargs)
    ~~~~~~~~~~~~^^^^^^^^^^^^^^^^^^^^^^^^^^^^^
  File "/home/deddy/repos/outofthisworldmodel/.venv/lib/python3.13/site-packages/stable_baselines3/common/vec_env/subproc_vec_env.py", line 33, in _worker
    cmd, data = remote.recv()
                ~~~~~~~~~~~^^
  File "/home/deddy/.local/share/uv/python/cpython-3.13-linux-x86_64-gnu/lib/python3.13/multiprocessing/process.py", line 108, in run
    self._target(*self._args, **self._kwargs)
    ~~~~~~~~~~~~^^^^^^^^^^^^^^^^^^^^^^^^^^^^^
  File "/home/deddy/.local/share/uv/python/cpython-3.13-linux-x86_64-gnu/lib/python3.13/multiprocessing/connection.py", line 250, in recv
    buf = self._recv_bytes()
  File "/home/deddy/repos/outofthisworldmodel/.venv/lib/python3.13/site-packages/stable_baselines3/common/vec_env/subproc_vec_env.py", line 33, in _worker
    cmd, data = remote.recv()
                ~~~~~~~~~~~^^
  File "/home/deddy/.local/share/uv/python/cpython-3.13-linux-x86_64-gnu/lib/python3.13/multiprocessing/connection.py", line 430, in _recv_bytes
    buf = self._recv(4)
  File "/home/deddy/.local/share/uv/python/cpython-3.13-linux-x86_64-gnu/lib/python3.13/multiprocessing/connection.py", line 395, in _recv
    chunk = read(handle, remaining)
  File "/home/deddy/.local/share/uv/python/cpython-3.13-linux-x86_64-gnu/lib/python3.13/multiprocessing/process.py", line 313, in _bootstrap
    self.run()
    ~~~~~~~~^^
  File "/home/deddy/.local/share/uv/python/cpython-3.13-linux-x86_64-gnu/lib/python3.13/multiprocessing/connection.py", line 250, in recv
    buf = self._recv_bytes()
ConnectionResetError: [Errno 104] Connection reset by peer
  File "/home/deddy/.local/share/uv/python/cpython-3.13-linux-x86_64-gnu/lib/python3.13/multiprocessing/connection.py", line 430, in _recv_bytes
    buf = self._recv(4)
  File "/home/deddy/.local/share/uv/python/cpython-3.13-linux-x86_64-gnu/lib/python3.13/multiprocessing/process.py", line 108, in run
    self._target(*self._args, **self._kwargs)
    ~~~~~~~~~~~~^^^^^^^^^^^^^^^^^^^^^^^^^^^^^
  File "/home/deddy/.local/share/uv/python/cpython-3.13-linux-x86_64-gnu/lib/python3.13/multiprocessing/connection.py", line 395, in _recv
    chunk = read(handle, remaining)
  File "/home/deddy/repos/outofthisworldmodel/.venv/lib/python3.13/site-packages/stable_baselines3/common/vec_env/subproc_vec_env.py", line 33, in _worker
    cmd, data = remote.recv()
                ~~~~~~~~~~~^^
  File "/home/deddy/.local/share/uv/python/cpython-3.13-linux-x86_64-gnu/lib/python3.13/multiprocessing/connection.py", line 250, in recv
    buf = self._recv_bytes()
  File "/home/deddy/.local/share/uv/python/cpython-3.13-linux-x86_64-gnu/lib/python3.13/multiprocessing/process.py", line 313, in _bootstrap
    self.run()
    ~~~~~~~~^^
ConnectionResetError: [Errno 104] Connection reset by peer
  File "/home/deddy/.local/share/uv/python/cpython-3.13-linux-x86_64-gnu/lib/python3.13/multiprocessing/connection.py", line 430, in _recv_bytes
    buf = self._recv(4)
  File "/home/deddy/.local/share/uv/python/cpython-3.13-linux-x86_64-gnu/lib/python3.13/multiprocessing/process.py", line 313, in _bootstrap
    self.run()
    ~~~~~~~~^^
  File "/home/deddy/.local/share/uv/python/cpython-3.13-linux-x86_64-gnu/lib/python3.13/multiprocessing/connection.py", line 395, in _recv
    chunk = read(handle, remaining)
  File "/home/deddy/.local/share/uv/python/cpython-3.13-linux-x86_64-gnu/lib/python3.13/multiprocessing/process.py", line 108, in run
    self._target(*self._args, **self._kwargs)
    ~~~~~~~~~~~~^^^^^^^^^^^^^^^^^^^^^^^^^^^^^
ConnectionResetError: [Errno 104] Connection reset by peer
  File "/home/deddy/repos/outofthisworldmodel/.venv/lib/python3.13/site-packages/stable_baselines3/common/vec_env/subproc_vec_env.py", line 33, in _worker
    cmd, data = remote.recv()
                ~~~~~~~~~~~^^
  File "/home/deddy/.local/share/uv/python/cpython-3.13-linux-x86_64-gnu/lib/python3.13/multiprocessing/process.py", line 108, in run
    self._target(*self._args, **self._kwargs)
    ~~~~~~~~~~~~^^^^^^^^^^^^^^^^^^^^^^^^^^^^^
  File "/home/deddy/.local/share/uv/python/cpython-3.13-linux-x86_64-gnu/lib/python3.13/multiprocessing/process.py", line 313, in _bootstrap
    self.run()
    ~~~~~~~~^^
  File "/home/deddy/.local/share/uv/python/cpython-3.13-linux-x86_64-gnu/lib/python3.13/multiprocessing/process.py", line 313, in _bootstrap
    self.run()
    ~~~~~~~~^^
  File "/home/deddy/.local/share/uv/python/cpython-3.13-linux-x86_64-gnu/lib/python3.13/multiprocessing/connection.py", line 250, in recv
    buf = self._recv_bytes()
  File "/home/deddy/repos/outofthisworldmodel/.venv/lib/python3.13/site-packages/stable_baselines3/common/vec_env/subproc_vec_env.py", line 33, in _worker
    cmd, data = remote.recv()
                ~~~~~~~~~~~^^
  File "/home/deddy/.local/share/uv/python/cpython-3.13-linux-x86_64-gnu/lib/python3.13/multiprocessing/connection.py", line 430, in _recv_bytes
    buf = self._recv(4)
  File "/home/deddy/.local/share/uv/python/cpython-3.13-linux-x86_64-gnu/lib/python3.13/multiprocessing/connection.py", line 250, in recv
    buf = self._recv_bytes()
  File "/home/deddy/.local/share/uv/python/cpython-3.13-linux-x86_64-gnu/lib/python3.13/multiprocessing/process.py", line 108, in run
    self._target(*self._args, **self._kwargs)
    ~~~~~~~~~~~~^^^^^^^^^^^^^^^^^^^^^^^^^^^^^
  File "/home/deddy/.local/share/uv/python/cpython-3.13-linux-x86_64-gnu/lib/python3.13/multiprocessing/process.py", line 108, in run
    self._target(*self._args, **self._kwargs)
    ~~~~~~~~~~~~^^^^^^^^^^^^^^^^^^^^^^^^^^^^^
  File "/home/deddy/.local/share/uv/python/cpython-3.13-linux-x86_64-gnu/lib/python3.13/multiprocessing/connection.py", line 395, in _recv
    chunk = read(handle, remaining)
  File "/home/deddy/.local/share/uv/python/cpython-3.13-linux-x86_64-gnu/lib/python3.13/multiprocessing/connection.py", line 430, in _recv_bytes
    buf = self._recv(4)
  File "/home/deddy/repos/outofthisworldmodel/.venv/lib/python3.13/site-packages/stable_baselines3/common/vec_env/subproc_vec_env.py", line 33, in _worker
    cmd, data = remote.recv()
                ~~~~~~~~~~~^^
  File "/home/deddy/repos/outofthisworldmodel/.venv/lib/python3.13/site-packages/stable_baselines3/common/vec_env/subproc_vec_env.py", line 33, in _worker
    cmd, data = remote.recv()
                ~~~~~~~~~~~^^
  File "/home/deddy/.local/share/uv/python/cpython-3.13-linux-x86_64-gnu/lib/python3.13/multiprocessing/connection.py", line 395, in _recv
    chunk = read(handle, remaining)
ConnectionResetError: [Errno 104] Connection reset by peer
  File "/home/deddy/.local/share/uv/python/cpython-3.13-linux-x86_64-gnu/lib/python3.13/multiprocessing/connection.py", line 250, in recv
    buf = self._recv_bytes()
  File "/home/deddy/.local/share/uv/python/cpython-3.13-linux-x86_64-gnu/lib/python3.13/multiprocessing/connection.py", line 250, in recv
    buf = self._recv_bytes()
ConnectionResetError: [Errno 104] Connection reset by peer
  File "/home/deddy/.local/share/uv/python/cpython-3.13-linux-x86_64-gnu/lib/python3.13/multiprocessing/connection.py", line 430, in _recv_bytes
    buf = self._recv(4)
  File "/home/deddy/.local/share/uv/python/cpython-3.13-linux-x86_64-gnu/lib/python3.13/multiprocessing/connection.py", line 430, in _recv_bytes
    buf = self._recv(4)
  File "/home/deddy/.local/share/uv/python/cpython-3.13-linux-x86_64-gnu/lib/python3.13/multiprocessing/connection.py", line 395, in _recv
    chunk = read(handle, remaining)
  File "/home/deddy/.local/share/uv/python/cpython-3.13-linux-x86_64-gnu/lib/python3.13/multiprocessing/connection.py", line 395, in _recv
    chunk = read(handle, remaining)
ConnectionResetError: [Errno 104] Connection reset by peer
ConnectionResetError: [Errno 104] Connection reset by peer
  File "/home/deddy/.local/share/uv/python/cpython-3.13-linux-x86_64-gnu/lib/python3.13/multiprocessing/process.py", line 313, in _bootstrap
    self.run()
    ~~~~~~~~^^
  File "/home/deddy/.local/share/uv/python/cpython-3.13-linux-x86_64-gnu/lib/python3.13/multiprocessing/process.py", line 108, in run
    self._target(*self._args, **self._kwargs)
    ~~~~~~~~~~~~^^^^^^^^^^^^^^^^^^^^^^^^^^^^^
  File "/home/deddy/repos/outofthisworldmodel/.venv/lib/python3.13/site-packages/stable_baselines3/common/vec_env/subproc_vec_env.py", line 33, in _worker
    cmd, data = remote.recv()
                ~~~~~~~~~~~^^
  File "/home/deddy/.local/share/uv/python/cpython-3.13-linux-x86_64-gnu/lib/python3.13/multiprocessing/connection.py", line 250, in recv
    buf = self._recv_bytes()
  File "/home/deddy/.local/share/uv/python/cpython-3.13-linux-x86_64-gnu/lib/python3.13/multiprocessing/connection.py", line 430, in _recv_bytes
    buf = self._recv(4)
  File "/home/deddy/.local/share/uv/python/cpython-3.13-linux-x86_64-gnu/lib/python3.13/multiprocessing/connection.py", line 395, in _recv
    chunk = read(handle, remaining)
ConnectionResetError: [Errno 104] Connection reset by peer
